the	2248
,	2209
and	1429
.	1372
of	781
to	593
in	520
|'s|	519
a	505
;	448
"	388
that	376
—	339
i	339
her	334
with	311
:	306
!	288
for	281
as	272
but	266
his	260
love	243
?	222
is	221
was	220
my	207
all	204
'	200
he	191
she	188
life	183
thy	179
from	179
on	172
it	172
heart	172
be	145
at	145
by	140
this	138
not	137
what	128
|romannumeral|	122
when	119
soul	119
now	117
we	114
one	114
thou	111
yet	110
there	110
o	110
still	109
king	108
shall	103
me	99
no	96
are	96
or	95
eyes	94
death	94
your	93
through	93
so	90
house	89
were	88
even	88
sonnet	87
you	86
."	86
they	82
who	81
its	80
day	79
which	78
then	78
had	78
our	76
|arabic3digit|	75
where	74
may	73
like	73
thee	72
sweet	72
god	72
their	71
sea	71
more	70
how	68
face	68
have	66
whose	63
hand	62
till	61
long	60
last	60
hour	60
over	59
night	56
said	55
man	55
rose	54
here	51
dead	51
him	50
these	49
some	49
song	48
see	47
fire	47
must	46
might	45
while	44
lady	44
know	44
did	44
deep	44
mine	43
light	43
can	43
again	43
(	43
once	42
|arabic1digit|	41
thine	41
t	41
first	41
nor	40
an	40
own	39
ever	39
come	39
ah	39
will	38
them	38
than	38
spring	38
should	38
round	38
if	38
sun	37
lo	37
lips	37
hours	37
alone	37
wind	36
s	36
mother	36
each	36
|arabic2digit|	35
youth	35
such	35
hope	35
high	35
breath	35
voice	34
thing	34
queen	34
low	34
heaven	34
has	34
well	33
moon	33
let	33
lay	33
would	32
two	32
though	32
ere	32
breast	32
things	31
new	31
fair	31
dark	31
cloud	31
up	30
sky	30
none	30
hath	30
hair	30
above	30
whom	29
white	29
way	29
name	29
knew	29
hands	29
days	29
away	29
alas	29
years	28
wings	28
saw	28
mary	28
close	28
thought	27
say	27
men	27
lord	27
fell	27
every	27
water	26
too	26
today	26
stood	26
only	26
never	26
could	26
child	26
back	26
within	25
upon	25
those	25
tears	25
nay	25
mid	25
made	25
held	25
head	25
dear	25
beryl	25
art	25
.)	25
woman	24
many	24
full	24
feet	24
far	24
came	24
year	23
together	23
past	23
do	23
unto	22
tree	22
told	22
space	22
sight	22
old	22
home	22
heard	22
grace	22
go	22
forth	22
flower	22
ye	21
without	21
wave	21
true	21
ship	21
shadow	21
poor	21
other	21
neath	21
music	21
look	21
golden	21
found	21
flame	21
daughter	21
cried	21
bright	21
air	21
)	21
word	20
wild	20
vain	20
three	20
stone	20
sake	20
rain	20
looked	20
length	20
leaves	20
down	20
doth	20
door	20
die	20
am	20
against	20
words	19
woe	19
us	19
strange	19
son	19
sin	19
side	19
shame	19
place	19
oh	19
near	19
lost	19
heavy	19
hearts	19
gaze	19
earth	19
wing	18
take	18
spell	18
seemed	18
pale	18
most	18
lie	18
kiss	18
change	18
bitter	18
beneath	18
beauty	18
souls	17
set	17
scarce	17
road	17
rest	17
passed	17
known	17
help	17
cry	17
cold	17
body	17
altar	17
afar	17
young	16
world	16
very	16
truth	16
time	16
tell	16
spirit	16
soft	16
sleep	16
show	16
secret	16
father	16
done	16
comes	16
blood	16
birth	16
work	15
under	15
turned	15
turn	15
thus	15
stream	15
speech	15
sorrow	15
silence	15
same	15
part	15
meet	15
knows	15
james	15
hall	15
great	15
fain	15
before	15
apart	15
winter	14
summer	14
spoke	14
spirits	14
speak	14
since	14
self	14
red	14
prince	14
power	14
oft	14
little	14
left	14
hell	14
hast	14
half	14
gone	14
glass	14
floor	14
fast	14
e	14
clear	14
brought	14
bent	14
been	14
*'	14
weary	13
throne	13
stand	13
sphere	13
sore	13
skies	13
sighs	13
out	13
moan	13
hold	13
grey	13
good	13
find	13
farewell	13
fall	13
dream	13
call	13
black	13
behold	13
bed	13
arms	13
along	13
yea	12
wall	12
unknown	12
tale	12
sound	12
smile	12
seek	12
save	12
sang	12
robert	12
read	12
peace	12
pain	12
open	12
nought	12
lies	12
late	12
laid	12
gold	12
goal	12
flowers	12
flight	12
fear	12
fate	12
dread	12
doom	12
clouds	12
brow	12
broken	12
between	12
around	12
-	12
whole	11
ways	11
tongue	11
sovereign	11
sought	11
sonnets	11
sir	11
shed	11
seen	11
scottish	11
room	11
rent	11
pass	11
noon	11
mouth	11
memory	11
loved	11
leave	11
knight	11
into	11
give	11
free	11
fires	11
drew	11
draw	11
desire	11
dawn	11
cast	11
bound	11
born	11
bird	11
behind	11
bear	11
.,	11
yield	10
winged	10
think	10
strong	10
strength	10
soon	10
shade	10
sense	10
sat	10
royal	10
reach	10
priest	10
pride	10
prayer	10
next	10
neck	10
much	10
met	10
kissed	10
j	10
honey	10
holy	10
hers	10
gave	10
felt	10
ear	10
dust	10
court	10
cheek	10
below	10
beat	10
arm	10
among	10
{	9
warm	9
trees	9
tread	9
tomorrow	9
thank	9
sword	9
star	9
stair	9
spread	9
sprang	9
snow	9
sing	9
sigh	9
shrine	9
shadows	9
shadowed	9
sees	9
praise	9
picture	9
mortal	9
lovers	9
living	9
lit	9
instant	9
hung	9
hollow	9
graeme	9
gazed	9
gate	9
forget	9
faces	9
evermore	9
end	9
drawn	9
dire	9
d	9
crown	9
clung	9
che	9
bower	9
bough	9
bosom	9
blown	9
bliss	9
bee	9
bare	9
any	9
after	9
wise	8
winds	8
win	8
wife	8
whence	8
waves	8
watch	8
train	8
thyself	8
throng	8
strove	8
stirred	8
stars	8
sign	8
shrift	8
shore	8
reached	8
powers	8
path	8
note	8
makes	8
loves	8
leapt	8
land	8
knelt	8
kisses	8
joy	8
holycleugh	8
hill	8
hidden	8
height	8
hear	8
grow	8
fruit	8
fly	8
flow	8
flood	8
field	8
eve	8
england	8
empty	8
dreams	8
died	8
cling	8
cheer	8
castle	8
called	8
brain	8
both	8
blue	8
being	8
\	8
wonder	7
won	7
why	7
whether	7
whatever	7
waste	7
wan	7
vault	7
twixt	7
traitor	7
trace	7
took	7
throat	7
thence	7
sure	7
sudden	7
struck	7
storm	7
steep	7
spray	7
sped	7
smooth	7
silent	7
shell	7
shalt	7
shake	7
separate	7
seems	7
scots	7
sank	7
sacred	7
pulse	7
poet	7
plank	7
need	7
murmuring	7
make	7
lords	7
lifted	7
less	7
leaned	7
lean	7
lamp	7
ladies	7
labour	7
honour	7
henry	7
hate	7
hard	7
growth	7
ground	7
grew	7
girt	7
gift	7
frost	7
friend	7
form	7
foe	7
flung	7
fiery	7
faint	7
eye	7
english	7
dumb	7
drink	7
dost	7
distant	7
deed	7
crowned	7
control	7
coming	7
children	7
chase	7
catherine	7
burning	7
bring	7
boat	7
blind	7
blessed	7
beyond	7
berold	7
because	7
autumn	7
*	7
writ	6
wine	6
went	6
weak	6
waters	6
warmed	6
wail	6
veil	6
valley	6
until	6
turns	6
trust	6
thirst	6
thereof	6
swoon	6
swift	6
strife	6
stooped	6
stark	6
stands	6
smote	6
smiled	6
slain	6
silver	6
search	6
scotland	6
sad	6
rock	6
riven	6
realm	6
pressed	6
play	6
pity	6
pit	6
people	6
passionate	6
pane	6
notes	6
newborn	6
nearer	6
names	6
naked	6
marked	6
lungi	6
loving	6
longing	6
live	6
lily	6
liege	6
lands	6
la	6
knee	6
kings	6
infinite	6
hide	6
hence	6
haply	6
grove	6
green	6
glory	6
girl	6
gifts	6
furthest	6
friends	6
fresh	6
foot	6
fled	6
filled	6
eyed	6
eternity	6
echoing	6
ears	6
draws	6
doubt	6
dim	6
dart	6
cross	6
clasp	6
claim	6
circling	6
chill	6
chamber	6
caught	6
cannot	6
brows	6
brother	6
break	6
book	6
bier	6
beloved	6
bar	6
bade	6
aye	6
answering	6
always	6
ago	6
adieu	6
about	6
wrought	5
wrath	5
worst	5
worship	5
wooed	5
wood	5
withered	5
window	5
wide	5
wheel	5
weir	5
weep	5
wed	5
walk	5
wait	5
venus	5
twice	5
tribute	5
tress	5
traitors	5
track	5
tonight	5
tide	5
throats	5
thereby	5
tall	5
takes	5
sworn	5
swell	5
sweetness	5
swayed	5
sunrise	5
straight	5
sterile	5
stem	5
springs	5
spent	5
softly	5
snatched	5
sit	5
sister	5
sinks	5
sighed	5
shown	5
shook	5
shone	5
sheet	5
serpent	5
send	5
seem	5
says	5
ruth	5
rule	5
rouen	5
roof	5
remember	5
regret	5
ran	5
quoth	5
put	5
pure	5
proud	5
prize	5
presence	5
perfect	5
passion	5
passing	5
parting	5
parted	5
pang	5
onward	5
nights	5
nigh	5
nest	5
myself	5
morrow	5
morning	5
moment	5
mist	5
mirrored	5
maiden	5
lying	5
lurk	5
lover	5
lovely	5
looks	5
lights	5
lest	5
leagues	5
kept	5
keep	5
indeed	5
hills	5
heronhaye	5
heavenly	5
heat	5
harvest	5
harp	5
happy	5
grows	5
grown	5
greet	5
glows	5
gloom	5
gazing	5
future	5
four	5
fountain	5
forest	5
food	5
fold	5
foes	5
feel	5
fed	5
fare	5
fame	5
erst	5
else	5
either	5
edge	5
echoes	5
ease	5
dull	5
drove	5
drained	5
dower	5
di	5
dew	5
depth	5
decree	5
darkling	5
dared	5
crest	5
country	5
cell	5
ceased	5
buried	5
brood	5
brim	5
bride	5
breeze	5
breathes	5
breakwater	5
bowers	5
boughs	5
bom	5
blooms	5
bid	5
best	5
bell	5
bars	5
barlass	5
ban	5
armed	5
apple	5
another	5
act	5
zone	4
yoke	4
wrung	4
wrong	4
worlds	4
wore	4
wondrous	4
women	4
wist	4
winding	4
willowwood	4
willow	4
whit	4
whispered	4
wherein	4
west	4
wept	4
weather	4
watched	4
wandering	4
wake	4
waits	4
vow	4
visible	4
visage	4
ve	4
vale	4
twined	4
turning	4
tune	4
troth	4
touched	4
touch	4
times	4
throb	4
thrice	4
therein	4
tear	4
taught	4
swept	4
surf	4
sunset	4
summoning	4
stuart	4
strive	4
strand	4
stir	4
steps	4
stephen	4
steed	4
stayed	4
stay	4
standing	4
speed	4
spanned	4
spake	4
soothe	4
soil	4
snake	4
small	4
slow	4
slay	4
skirts	4
sinking	4
sink	4
singer	4
sides	4
shut	4
shrink	4
shriek	4
ships	4
sheltered	4
shelley	4
sharp	4
shape	4
shadowy	4
sedge	4
sealed	4
screen	4
sands	4
sanctuary	4
sails	4
sail	4
safe	4
row	4
rosy	4
roam	4
rising	4
risen	4
right	4
rends	4
recall	4
reared	4
rather	4
rapture	4
race	4
prove	4
prisoned	4
present	4
point	4
pledge	4
pierced	4
perth	4
peril	4
perchance	4
paths	4
palm	4
ours	4
nothing	4
noble	4
nightingale	4
needs	4
narrow	4
mystery	4
mutual	4
murmured	4
murderous	4
murderers	4
moved	4
mind	4
midnight	4
merry	4
memories	4
memorial	4
meeting	4
measured	4
mano	4
main	4
lowly	4
lore	4
loose	4
lonely	4
locks	4
line	4
leaf	4
knees	4
kate	4
june	4
journey	4
iron	4
inmost	4
immortal	4
image	4
hundred	4
honeycomb	4
holds	4
hid	4
herself	4
helm	4
grip	4
grief	4
gracious	4
glen	4
glance	4
garden	4
gainst	4
fullgrown	4
forgotten	4
footsteps	4
flown	4
flee	4
flash	4
fit	4
fill	4
fanned	4
false	4
fallen	4
except	4
eight	4
eddying	4
echo	4
dusk	4
dry	4
drowned	4
drops	4
douglas	4
different	4
dies	4
desolate	4
depart	4
deadly	4
darkness	4
dare	4
cup	4
cries	4
creature	4
cover	4
course	4
core	4
clasped	4
charterhouse	4
changed	4
certain	4
canst	4
calm	4
butterfly	4
butcher	4
burst	4
burned	4
brink	4
brimming	4
brief	4
breathless	4
bond	4
board	4
blossom	4
bless	4
blent	4
bides	4
begin	4
bears	4
bay	4
barren	4
bank	4
awake	4
ask	4
arise	4
approve	4
answered	4
angel	4
age	4
across	4
accursed	4
^	4
''	4
|arabic5+digit|	3
yore	3
yearning	3
wrapped	3
worn	3
woods	3
wold	3
wildly	3
whirled	3
whereof	3
whereby	3
wellaway	3
weeps	3
weeping	3
wedding	3
watered	3
warmth	3
ware	3
wandered	3
walls	3
wage	3
void	3
voices	3
view	3
victory	3
vase	3
vainly	3
usher	3
unseen	3
understand	3
un	3
twofold	3
twin	3
twilight	3
twas	3
twain	3
trodden	3
tremulous	3
treasonous	3
treason	3
traveller	3
towers	3
towards	3
torch	3
tone	3
toll	3
toiling	3
toiled	3
tidings	3
thronged	3
throned	3
threshold	3
thrall	3
third	3
thereon	3
tender	3
tempest	3
teeth	3
te	3
swifter	3
sweeter	3
swarm	3
surprise	3
sunk	3
sung	3
suddenly	3
subtly	3
strung	3
strewn	3
strains	3
strain	3
store	3
sting	3
steadfast	3
state	3
start	3
st	3
spears	3
spear	3
span	3
sown	3
soulless	3
songs	3
somewhere	3
sometimes	3
something	3
soar	3
smiles	3
slid	3
slew	3
sleepless	3
six	3
sits	3
single	3
siege	3
shun	3
shuddering	3
shroud	3
showed	3
shoal	3
shine	3
shield	3
shattered	3
shaped	3
shaken	3
shafts	3
shaft	3
senses	3
second	3
seas	3
seal	3
scroll	3
scope	3
sayest	3
saved	3
sand	3
saith	3
sailed	3
rush	3
runs	3
run	3
ruined	3
rode	3
roads	3
rise	3
ring	3
rife	3
rides	3
remain	3
refuge	3
receive	3
reap	3
rays	3
raised	3
rack	3
quivering	3
quest	3
quel	3
quaked	3
pulses	3
proserpina	3
proper	3
prison	3
pray	3
possession	3
possess	3
portrait	3
poppy	3
poets	3
plough	3
plain	3
piteous	3
pilot	3
pierce	3
petals	3
per	3
pent	3
pearl	3
pay	3
partly	3
pangs	3
pall	3
painted	3
pace	3
orb	3
ocean	3
oath	3
oars	3
nursed	3
norman	3
news	3
nature	3
named	3
mystic	3
move	3
mould	3
moss	3
morn	3
moonlight	3
mood	3
month	3
mock	3
mists	3
minstrel	3
miles	3
midst	3
michelangelo	3
mi	3
master	3
marriage	3
mark	3
march	3
manifest	3
maids	3
lute	3
lulls	3
loveliness	3
loveliest	3
loud	3
loosened	3
loosed	3
locked	3
lives	3
lived	3
listen	3
linked	3
led	3
least	3
learned	3
learn	3
lead	3
laughs	3
laughed	3
labours	3
know'st	3
knell	3
kingly	3
kindred	3
keats	3
joys	3
journeying	3
john	3
inner	3
imperishable	3
imperil	3
imminent	3
ill	3
idle	3
ice	3
hurrying	3
hurricane	3
hungering	3
hue	3
hps	3
hourly	3
honeysuckle	3
himself	3
hes	3
hero	3
heir	3
heights	3
heed	3
heave	3
heartstrings	3
hears	3
having	3
haste	3
hark	3
harbour	3
hadst	3
gulf	3
guided	3
guide	3
guard	3
growths	3
grievous	3
grave	3
grass	3
goes	3
glow	3
glorying	3
glimmering	3
gleams	3
gleam	3
glances	3
glad	3
gives	3
girth	3
girls	3
gifted	3
gauge	3
gathered	3
gap	3
further	3
funeral	3
fullness	3
foul	3
fortune	3
forlorn	3
forecast	3
fond	3
follow	3
folk	3
foam	3
flying	3
flowering	3
flies	3
flew	3
fitz	3
fired	3
fierce	3
fiends	3
fiend	3
fields	3
fee	3
features	3
feast	3
feared	3
fealty	3
fan	3
family	3
falls	3
faith	3
evil	3
enough	3
embrace	3
elect	3
earns	3
dying	3
dusty	3
due	3
drop	3
drooped	3
drift	3
drear	3
draught	3
dove	3
dome	3
destined	3
daily	3
curse	3
current	3
curled	3
cuckoo	3
crypt	3
crowd	3
crouched	3
crossed	3
creep	3
crave	3
covert	3
couch	3
corpse	3
compel	3
command	3
closely	3
clomb	3
clings	3
clenched	3
cleared	3
city	3
church	3
christmas	3
christ	3
chatterton	3
chariot	3
charged	3
chance	3
chamberlain	3
carven	3
care	3
bygone	3
burnt	3
budding	3
bubble	3
brown	3
brings	3
breathed	3
breaking	3
bread	3
branches	3
brake	3
boy	3
bowered	3
bore	3
bold	3
blushing	3
bloom	3
blessing	3
blazed	3
blast	3
betwixt	3
better	3
beside	3
bells	3
bella	3
beats	3
beams	3
band	3
backward	3
awe	3
aware	3
aureole	3
asleep	3
arrow	3
arras	3
ardour	3
arch	3
appointed	3
apace	3
anteros	3
anguish	3
amulet	3
amid	3
ambush	3
also	3
aloud	3
aloft	3
alcove	3
alack	3
?"	3
/	3
!)	3
!"	3
■	2
|arabic4digit|	2
yon	2
yesterday	2
yearned	2
yard	2
y	2
writing	2
write	2
wreath	2
wraith	2
worse	2
works	2
womb	2
woke	2
willows	2
widening	2
whispering	2
whirr	2
whirl	2
wherewith	2
whereon	2
whelm	2
wheels	2
wheat	2
wet	2
weltering	2
ween	2
web	2
weave	2
wear	2
wealth	2
waving	2
waved	2
warden	2
war	2
wanton	2
waning	2
wane	2
walks	2
walked	2
wailed	2
waifs	2
vind	2
victrix	2
venere	2
veiled	2
vaunt	2
vanished	2
uttermost	2
unuttered	2
unsought	2
unsealed	2
unrevealed	2
unmet	2
unison	2
unforgotten	2
understands	2
ultimate	2
tuo	2
tumultuous	2
tried	2
trembling	2
trembled	2
treasure	2
travail	2
transfigured	2
trance	2
trafalgar	2
trackless	2
toys	2
toward	2
tossing	2
tossed	2
torn	2
torchlight	2
tongues	2
toil	2
tired	2
tides	2
tiber	2
thunders	2
thrust	2
throe	2
throbbed	2
thrills	2
thrilled	2
threads	2
thread	2
thorn	2
thomas	2
thin	2
thicket	2
thick	2
therewithal	2
therefrom	2
therefore	2
theirs	2
thanks	2
thanked	2
testament	2
terrors	2
tend	2
tempestuous	2
tame	2
talk	2
talisman	2
table	2
symbols	2
swoops	2
sweep	2
sway	2
swan	2
surrender	2
surmise	2
sunshine	2
sunlight	2
sunken	2
sundered	2
sum	2
sucked	2
stung	2
stroke	2
strike	2
stretched	2
street	2
streams	2
stranger	2
strait	2
strained	2
stout	2
stored	2
stoops	2
stoop	2
stole	2
stirs	2
stiff	2
stepped	2
steeped	2
stealthy	2
starhngs	2
stared	2
stare	2
stain	2
stabbed	2
spun	2
sprung	2
spire	2
spies	2
spheral	2
speechless	2
sowed	2
south	2
sounds	2
sought'st	2
sorrowing	2
soothed	2
sooth	2
solstice	2
solemnise	2
sole	2
sold	2
sobbed	2
soared	2
snowdrop	2
snare	2
smouldering	2
smite	2
smart	2
sisterly	2
sings	2
singing	2
sinews	2
simply	2
silences	2
signal	2
sights	2
sick	2
shrouded	2
shrive	2
shred	2
shout	2
shoulder	2
shores	2
shock	2
shining	2
shelter	2
sheer	2
sheds	2
sheath	2
sheaf	2
shapes	2
shames	2
shameless	2
shadowing	2
shades	2
seventh	2
seven	2
service	2
serve	2
sent	2
sends	2
seldom	2
seized	2
seer	2
seeks	2
seated	2
seat	2
season	2
searched	2
seals	2
scornful	2
scorn	2
scarcely	2
saying	2
satan	2
sailors	2
rushes	2
rune	2
rumour	2
rue	2
roxbro	2
rout	2
rooms	2
rooks	2
rood	2
rome	2
roll	2
robe	2
river	2
richly	2
rhyme	2
reverence	2
returned	2
rests	2
restless	2
resign	2
requiem	2
renew	2
remembrance	2
remembering	2
remains	2
remained	2
rejoice	2
rein	2
reign	2
regenerate	2
refrain	2
reef	2
reeds	2
recess	2
receives	2
rebuke	2
ravening	2
rapturous	2
rang	2
rainbow	2
quick	2
question	2
quando	2
qualche	2
quadro	2
prophet	2
prone	2
promise	2
princely	2
price	2
presage	2
prayers	2
prayed	2
praised	2
poured	2
portal	2
porta	2
porch	2
pool	2
pomp	2
poison	2
points	2
plumes	2
pluck	2
plight	2
places	2
pinions	2
pillow	2
perpetually	2
perished	2
penetrative	2
pen	2
peasant	2
paused	2
pause	2
passionately	2
paris	2
parents	2
paradise	2
paper	2
pallor	2
pallid	2
palestine	2
painters	2
painter	2
paint	2
pageant	2
page	2
packet	2
p	2
overthrow	2
overhead	2
outside	2
outer	2
others	2
orient	2
opened	2
ones	2
off	2
o\vn	2
noted	2
normandy	2
nook	2
nobly	2
noblest	2
needle	2
mysteries	2
mute	2
mustering	2
murmur	2
murdered	2
mown	2
mournful	2
mourned	2
mountain	2
mount	2
moor	2
months	2
mocking	2
mockery	2
moaning	2
moaned	2
ministers	2
ministerings	2
message	2
mean	2
mayest	2
masts	2
mast	2
masque	2
marshalled	2
married	2
mantle	2
manifold	2
manhood	2
malisons	2
mail	2
maidens	2
maid	2
magic	2
m	2
lust	2
luke	2
lovest	2
lour	2
loth	2
lot	2
lose	2
lordly	2
longed	2
london	2
loins	2
listening	2
lingering	2
lines	2
limpid	2
limbs	2
lilith	2
likewise	2
lift	2
lifelong	2
lifeless	2
lifeblood	2
letter	2
lethargy	2
leashed	2
leap	2
leans	2
leander	2
league	2
leafless	2
le	2
law	2
laughter	2
laugh	2
lasses	2
lap	2
landmark	2
lance	2
lambent	2
laden	2
lacking	2
labouring	2
knowledge	2
knit	2
knights	2
kingdom	2
kind	2
kin	2
key	2
keeps	2
keel	2
jewelled	2
jest	2
jane	2
issue	2
inveteracy	2
intolerable	2
instead	2
inscription	2
ingle	2
inarticulate	2
immortality	2
images	2
il	2
hush	2
hurtling	2
hurt	2
hurried	2
hunters	2
hunger	2
humming	2
howbeit	2
hove	2
hourglass	2
hot	2
horse	2
hopeless	2
hollowed	2
holies	2
hoards	2
hither	2
hind	2
hillside	2
hides	2
hfe	2
heretofore	2
herein	2
hem	2
helen	2
heedful	2
hedgerows	2
hedge	2
heavens	2
heads	2
haunts	2
hastening	2
harfleur	2
harbinger	2
hangs	2
gyre	2
guilty	2
guerdon	2
grasses	2
gradual	2
goodwill	2
gods	2
glorified	2
glittered	2
glide	2
gleaming	2
glare	2
glades	2
given	2
girdle	2
ghost	2
get	2
gentle	2
genius	2
gathers	2
gasp	2
garments	2
garlanded	2
gallant	2
gale	2
gain	2
furrowed	2
furled	2
fugitive	2
frown	2
freely	2
france	2
frail	2
fountains	2
fount	2
foully	2
fostering	2
fortunate	2
forms	2
forehead	2
force	2
footfall	2
foolish	2
folded	2
fluttering	2
flushed	2
floodgates	2
flings	2
flickering	2
flesh	2
fleeting	2
fledged	2
flashing	2
flashed	2
flakes	2
flake	2
firm	2
fingers	2
finger	2
finds	2
fiammetta	2
few	2
feud	2
fellowship	2
feels	2
february	2
feathers	2
feathered	2
fearful	2
fated	2
fatality	2
fared	2
fangs	2
faithful	2
fainted	2
fades	2
fade	2
faced	2
exquisite	2
expands	2
evident	2
eternally	2
essence	2
equal	2
enthroned	2
entered	2
endures	2
endless	2
emulous	2
emptied	2
elders	2
elder	2
eighteen	2
ebbed	2
eat	2
east	2
earthly	2
eager	2
dwelled	2
dwell	2
dun	2
drowning	2
drouth	2
dress	2
dowered	2
doubts	2
double	2
doomsday	2
dominant	2
does	2
distill	2
dismay	2
discern	2
din	2
dimness	2
difficult	2
didst	2
devious	2
despite	2
desires	2
desired	2
demand	2
dell	2
delicate	2
deigns	2
deer	2
deeps	2
deeper	2
deems	2
deathless	2
dealt	2
dazed	2
daybreak	2
darkened	2
damsel	2
dal	2
daisies	2
da	2
curses	2
cursed	2
culled	2
cue	2
crystal	2
crowded	2
crept	2
cowering	2
covered	2
counterpart	2
countenance	2
count	2
converse	2
contraries	2
confines	2
confess	2
confederate	2
complete	2
compeer	2
compass	2
column	2
coleridge	2
coiling	2
coat	2
coast	2
clue	2
closed	2
clinging	2
cleft	2
clearly	2
clean	2
clang	2
clamorous	2
claims	2
choice	2
chimes	2
childhood	2
chiefs	2
chief	2
cherished	2
cheeks	2
charge	2
chapel	2
chant	2
changing	2
changeful	2
chair	2
chain	2
central	2
cease	2
caves	2
casket	2
car	2
camp	2
calls	2
calling	2
burns	2
burn	2
built	2
bronze	2
broke	2
broad	2
bridge	2
breeds	2
breathe	2
breaks	2
brast	2
brand	2
bowed	2
botticelli	2
boon	2
boom	2
bonny	2
bones	2
bone	2
bodily	2
bodies	2
bloody	2
blithe	2
blindfold	2
blazoned	2
blazon	2
blake	2
blades	2
bitterly	2
bitterer	2
bind	2
bids	2
bidding	2
besom	2
bend	2
behove	2
beholding	2
beheld	2
begun	2
beget	2
began	2
beach	2
battle	2
banks	2
ballad	2
ball	2
babe	2
ay	2
awhile	2
avow	2
averted	2
avail	2
august	2
athirst	2
astarte	2
assured	2
aside	2
articulate	2
arose	2
arduous	2
ardors	2
appeals	2
anywhere	2
antony	2
answer	2
angels	2
anear	2
amorously	2
amorous	2
amass	2
already	2
aloof	2
almost	2
allied	2
alike	2
alien	2
alexander	2
ajid	2
airs	2
ahi	2
agree	2
aghast	2
ache	2
absolute	2
abroad	2
abode	2
^^	2
^'	2
.'	2
-^	2
*^	2
**	2
'^	2
•	1
»	1
«	1
})	1
zones	1
yourself	1
yonder	1
yields	1
yielded	1
yew	1
yearn	1
yearborn	1
x^broad	1
wtithen	1
wrongdoer	1
writings	1
writhing	1
writhen	1
writer	1
wring	1
wretch	1
wrestle	1
wrest	1
wrenched	1
wrench	1
wrecked	1
wreathing	1
wreak	1
wrathful	1
wrangling	1
wrack	1
wounds	1
wounded	1
wound	1
wott	1
worth	1
wort	1
worshipping	1
worshipper	1
worm	1
worldworn	1
worldly	1
woodside	1
woodflowers	1
wonted	1
wondered	1
wolfs	1
wofiil	1
woes	1
woeful	1
wliich	1
witnesses	1
witness	1
witless	1
withholding	1
withheld	1
withers	1
withering	1
withdraws	1
witch	1
wit	1
wisp	1
wisdom	1
wires	1
wins	1
winnowing	1
winnowed	1
winno	1
wingless	1
windstrown	1
windsor	1
windows	1
windings	1
winchester	1
wilt	1
wilson	1
william	1
willed	1
wifely	1
wield	1
widowhood	1
widow	1
whither	1
whiter	1
whiteness	1
whispers	1
whirlwinds	1
wherever	1
whereto	1
wherefore	1
whereaty	1
whelming	1
wharf	1
western	1
wends	1
wend	1
welling	1
welled	1
well-being	1
welcomes	1
welcome	1
weigh	1
wedded	1
wears	1
wearied	1
weapon	1
wean	1
wayfaring	1
wayfarer	1
waxed	1
wax	1
wavers	1
waterway	1
watergate	1
waterfall	1
watchtower	1
wasteful	1
wast	1
washed	1
warworn	1
warrant	1
warn	1
warisweir	1
warily	1
warble	1
want	1
wann	1
waned	1
wanders	1
wanderer	1
wander	1
wand	1
walled	1
wakens	1
wakeful	1
waist	1
wailing	1
wages	1
waft	1
wading	1
waded	1
vows	1
votaress	1
voluntary	1
voidee	1
vivifies	1
visit	1
visions	1
vision	1
virtues	1
virgins	1
virginity	1
virgin	1
vineyard	1
vine	1
villain	1
viewed	1
vie	1
victorious	1
vicissitude	1
vesture	1
vest	1
vesper	1
verse	1
veriest	1
vergine	1
verdure	1
vengeance	1
vattene	1
vast	1
varying	1
vapour	1
vanquished	1
van	1
valorous	1
utter	1
usurped	1
urgent	1
urge	1
upward	1
upturned	1
upspoke	1
upright	1
uplift	1
upheld	1
upflung	1
upcast	1
unyokes	1
unyielding	1
unwritten	1
unworthy	1
unworthier	1
unwearied	1
unveiled	1
untuneful	1
untrod	1
untimely	1
unsunned	1
unstirred	1
unspoken	1
unsheltered	1
unsheathed	1
unroll	1
unregister'd	1
unrecorded	1
unransomed	1
unquestioning	1
unpermitted	1
unpeopled	1
unlit	1
unless	1
unleaved	1
university	1
union	1
unimagined	1
unimaginable	1
unheard	1
unhappy	1
unhallowed	1
ungrown	1
unfurled	1
unforgetful	1
unflinching	1
unfir'd	1
unfettered	1
unfeatured	1
undying	1
undoing	1
undimmed	1
undid	1
undertone	1
undersong	1
underneath	1
underground	1
unclose	1
unbound	1
unborn	1
unblushing	1
unblenching	1
unblamed	1
unbidden	1
unbar	1
unarmed	1
unabashed	1
umilemente	1
ulysses	1
ugly	1
tyrannous	1
twining	1
twere	1
twelfth	1
tw	1
turbulent	1
tuned	1
tug	1
trustier	1
truly	1
troy	1
trow	1
trove	1
troubled	1
troop	1
trode	1
trod	1
triune	1
triumphs	1
triumphed	1
trilled	1
tresses	1
tressed	1
trembles	1
tremble	1
treasures	1
trealfeure	1
tread'st	1
travel	1
travailing	1
trap	1
transport	1
transfiguring	1
transcendence	1
trampled	1
tramp	1
trammelled	1
tragical	1
tragedy	1
tradition	1
tracks	1
traced	1
town	1
tourney	1
touching	1
tottering	1
torturing	1
torturer	1
torture	1
torments	1
torment	1
tore	1
tops	1
toppling	1
topmost	1
top	1
tooth	1
tongued	1
tongs	1
tomb	1
tolling	1
tolled	1
toilsome	1
tnier	1
tme	1
tithe	1
tipped	1
tinder	1
timely	1
tight	1
tidal	1
ti*de	1
ti	1
thwarted	1
thundercloud	1
thunder	1
thrush	1
throw	1
throughout	1
throstle	1
thrones	1
throes	1
throbs	1
thrilling	1
thrill	1
thrid	1
thresholds	1
threshing	1
threefold	1
thralled	1
thousandfold	1
thousand	1
thoughts	1
thorough	1
thither	1
thistledo\vn	1
thirstier	1
thins	1
thinks	1
thessaly	1
therewith	1
theometry	1
theology	1
thenceforth	1
the^dauntless	1
thawed	1
thames	1
text	1
tettered	1
testifies	1
test	1
terror	1
tented	1
tenderest	1
tended	1
tenanted	1
ten	1
tempter	1
temple	1
teen	1
teeming	1
team	1
teach	1
taylor	1
tattered	1
tasted	1
tartareo	1
tartarean	1
tarries	1
targento	1
tares	1
tar	1
tapers	1
tante	1
tamed	1
taken	1
tahsmans	1
taci	1
syrians	1
syriaca	1
syllables	1
syllabled	1
sycamore	1
swung	1
swords	1
swordplay	1
swooped	1
swoons	1
swooned	1
swollen	1
swiftly	1
swelled	1
sweets	1
sweetly	1
sweetest	1
sweetened	1
sweeps	1
sways	1
swains	1
sv/eet	1
surviving	1
surrounds	1
surrounded	1
surround	1
surging	1
surge	1
surely	1
surcoat	1
supreme	1
supremacy	1
supersede	1
superscription	1
sup	1
suon	1
sunsetting	1
sunlit	1
sunless	1
sundial	1
sundering	1
sunder	1
sundawn	1
sunbeam	1
sumptuous	1
summoned	1
summit	1
sultry	1
suitservice	1
suffice	1
suffers	1
sufferings	1
suffering	1
suffered	1
suffer	1
sucks	1
suchlike	1
succour	1
subtle	1
substance	1
subsidence	1
sublime	1
subject	1
su	1
strown	1
strongest	1
strokes	1
strode	1
stripped	1
strip	1
strings	1
strikes	1
strictly	1
stress	1
strenuous	1
streets	1
strangling	1
straits	1
story	1
stormy	1
stormed	1
stops	1
stooping	1
stones	1
stoiie	1
stilled	1
stillborn	1
stiired	1
stiffened	1
stern	1
sterility	1
step	1
stems	1
stemmed	1
steered	1
steeps	1
steeply	1
steel	1
steeds	1
steal	1
steadily	1
stays	1
stature	1
statue	1
stations	1
stately	1
startide	1
staple	1
stanzas	1
standest	1
stanchion	1
stamped	1
stamp	1
stakes	1
stairs	1
stained	1
staff	1
stab	1
squires	1
squandered	1
spurs	1
spurned	1
spurge	1
sprinkled	1
springtide	1
springing	1
spreads	1
spot	1
sport	1
splitting	1
splinters	1
splendour	1
splashed	1
spite	1
spiral	1
spin	1
spilled	1
spied	1
spider	1
spice	1
sphinx	1
spheres	1
spellbound	1
speeds	1
speedily	1
spectres	1
speaks	1
speaking	1
speakest	1
spare	1
spann'd	1
spaces	1
sows	1
souvs	1
southron	1
source	1
sospirando	1
sorrows	1
sorrowful	1
sorriest	1
sorride	1
sorely	1
sorcery	1
soprana	1
soothsayer	1
soothfastness	1
sons	1
songsters	1
songster	1
songbird	1
somewise	1
somewhile	1
somewhat	1
solicitous	1
solemn	1
solace	1
sohtude	1
sognando	1
softlier	1
soever	1
sobs	1
sob	1
soave	1
soars	1
snows	1
snares	1
snared	1
smoking	1
smokeless	1
smoke	1
smit	1
smiling	1
smer	1
slowly	1
slough	1
sloping	1
slope	1
slip	1
slight	1
slide	1
slept	1
slays	1
slayers	1
slavish	1
slave	1
slaughtered	1
slaughter	1
slashed	1
slake	1
slackening	1
skull	1
skirt	1
skilled	1
skill	1
sketch	1
sixty	1
sixteen	1
sitting	1
sittest	1
sires	1
sirens	1
sire	1
sins	1
sinner	1
sinful	1
simplicity	1
simple	1
sill	1
silken	1
silk	1
silently	1
sii	1
signs	1
signify	1
signed	1
sighing	1
sift	1
si/nset	1
shudders	1
shuddered	1
shrub	1
shrovetide	1
shrouds	1
shrivels	1
shrinking	1
shrined	1
shrill	1
shrieking	1
shrieked	1
shreds	1
shrank	1
shows	1
showering	1
showered	1
shower	1
show'st	1
shouts	1
shouldst	1
shouldered	1
shorten	1
shorn	1
shoot	1
shoals	1
shivered	1
shipped	1
shimmers	1
shifts	1
shifted	1
shift	1
shields	1
shepherd	1
shelterless	1
sheltering	1
sheepskin	1
sheen	1
sheaves	1
sheave	1
sheathed	1
shear	1
shatters	1
sharper	1
share	1
shamed	1
shallower	1
shakespeare	1
shakes	1
shak^peare	1
shackled	1
severed	1
sever	1
sets	1
sestian	1
serves	1
served	1
servant	1
series	1
serfs	1
sequestered	1
sequence	1
sepulchre	1
sento	1
sembiante	1
selves	1
selfsame	1
seizure	1
seething	1
seemest	1
seekest	1
seeker	1
seeing	1
seedplot	1
seed	1
sedulous	1
security	1
secrets	1
seasoned	1
seasonably	1
seafaring	1
sculptured	1
sculptors	1
scrolls	1
scriptured	1
screened	1
screamed	1
scratched	1
scorta	1
scorned	1
scored	1
score	1
scone	1
scoff	1
science	1
sceptred	1
sceptre	1
scent	1
scenes	1
scattered	1
scatter	1
scare	1
savoured	1
saviour	1
saving	1
sathana	1
saran	1
sapling	1
sandro	1
samuel	1
salute	1
salutation	1
salt	1
sainted	1
saint	1
sadlier	1
s5niibols	1
s'infuocar	1
rv	1
ruthless	1
rustling	1
russian	1
rung	1
ruled	1
ruin	1
rui7i	1
ruddy	1
rt	1
rowing	1
rowers	1
roundelay	1
rosemary	1
rosebud	1
rosary	1
roots	1
rolled	1
rod	1
rocking	1
robin	1
robes	1
rob	1
roadside	1
rivertide	1
rites	1
rite	1
ripples	1
ripped	1
ripeness	1
ripen	1
rio	1
rings	1
riguarda	1
rifrange	1
ridged	1
ridge	1
riderless	1
ride	1
rich	1
ricerco	1
rhythmic	1
rezterent	1
revoke	1
reverie	1
reverberant	1
revel	1
reveals	1
returns	1
return	1
retro	1
retrieved	1
retrieve	1
retinue	1
retifiue	1
resurrection	1
resume	1
restored	1
resto	1
rested	1
resigned	1
reserve	1
resentment	1
reply	1
replies	1
replenisheth	1
renewed	1
render	1
rend	1
remote	1
remembrancers	1
remembereth	1
remembered	1
released	1
reinless	1
reigned	1
refuse	1
reft	1
refluent	1
reflections	1
reeled	1
reel	1
reduplicate	1
rede	1
redchffe	1
redbreast	1
recreant	1
record	1
reconciled	1
recoil	1
reckon	1
recked	1
reck	1
received	1
rebelled	1
reassuring	1
rears	1
really	1
re	1
ray	1
ravishing	1
raven	1
rare	1
rapt	1
ransoming	1
ranked	1
range	1
rancour	1
ramped	1
raise	1
rained	1
raiment	1
raged	1
rage	1
radiant	1
radiance	1
quoted	1
quivered	1
quired	1
quickly	1
quickening	1
quickeneth	1
quickened	1
qui	1
quhair	1
questo	1
questioned	1
quenched	1
queenship	1
queens	1
queenly	1
queenlier	1
queendom	1
quanto	1
quakes	1
quailing	1
quailed	1
quail	1
qs	1
pyre	1
pursuit	1
puro	1
purified	1
purest	1
pulsed	1
puff	1
prow	1
proved	1
proudly	1
proserpine	1
prophetic	1
promiseth	1
prolonged	1
prolong	1
progeny	1
proffered	1
prized	1
privy	1
primordial	1
prime	1
primal	1
priests	1
prickly	1
presume	1
presses	1
press	1
preserved	1
prepare	1
prefer	1
predominant	1
precious	1
prays	1
prate	1
prankt	1
praisers	1
pourtales	1
pour	1
possessed	1
ports	1
portraitures	1
portent	1
portends	1
port	1
populous	1
popularly	1
populace	1
pools	1
pondering	1
pondered	1
pollution	1
poles	1
pole	1
poised	1
poignant	1
poesy	1
poem	1
plumed	1
plucked	1
ploughshares	1
plots	1
plights	1
plies	1
plentiful	1
pledged	1
please	1
pleasantness	1
pleasance	1
pleas	1
playing	1
player	1
played	1
plant	1
planisphere	1
plaints	1
plagues	1
plague	1
pitiless	1
pitiful	1
pined	1
pine	1
pillowed	1
pillar	1
pilgrimage	1
pii	1
pied	1
pictures	1
pictured	1
piaci	1
philtred	1
philomel	1
phials	1
phantoms	1
petal	1
person	1
perseus	1
period	1
perils	1
perilous	1
percy	1
perched	1
penury	1
penny	1
pennoned	1
pennon	1
penetrating	1
pencil	1
pellmell	1
peers	1
peered	1
peer	1
pebbles	1
pealed	1
pausing	1
pauses	1
pathsides	1
pasturing	1
pastures	1
pasture	1
passes	1
parts	1
partook	1
partner	1
parsley	1
parliament	1
pardon	1
pardie	1
paramour	1
parades	1
panting	1
panel	1
pan	1
palpitating	1
pallas	1
paler	1
paled	1
palazzo	1
palace	1
painless	1
painful	1
pai?i	1
owned	1
ovni	1
overthrown	1
overtaken	1
overtake	1
overspread	1
overrun	1
overleaps	1
overknown	1
overflow	1
outworn	1
outward	1
outstretched	1
outrage	1
outpost	1
outcast	1
outburst	1
osier	1
oscuro	1
orpheus	1
orisons	1
order	1
ordain	1
oracular	1
oracle	1
ooze	1
onor	1
onesti	1
onda	1
ominous	1
omen	1
omai	1
oliver	1
oime	1
ognun	1
ognora	1
ognor	1
oftenest	1
offron	1
offerings	1
odored	1
october	1
occupation	1
oblivion	1
obeyed	1
oar	1
oakenshaw	1
o'ershadowed	1
o'ersaid	1
o'ermastering	1
o'erblo\vn	1
o'erarching	1
nursling	1
nursing	1
nuptial	1
numbed	1
nows	1
nowise	1
nowhere	1
november	1
nov	1
notti	1
nothingness	1
north	1
noonlight	1
nofte	1
nofloimr	1
nobles	1
nipped	1
nile	1
nighfs	1
newer	1
nevermore	1
nets	1
netherworld	1
nether	1
nested	1
neophyte	1
neither	1
neigh	1
necklet	1
necessity	1
nearest	1
neared	1
ncok	1
national	1
natheless	1
nacque	1
mysterious	1
muttered	1
musical	1
muse	1
muro	1
murder	1
mummers	1
multitude	1
multiform	1
moving	1
movement	1
mouths	1
mournfully	1
mounted	1
mound	1
mouldings	1
mouldering	1
mothers	1
moslem	1
moorside	1
moorhen	1
moonstar	1
moonclouds	1
moonbeams	1
moods	1
monuments	1
monument	1
monochord	1
mong	1
moments	1
momentous	1
momentary	1
momenfs	1
mom	1
moil	1
modulation	1
modo	1
mocked	1
moat	1
mixed	1
misty	1
mistress	1
misses	1
missed	1
mirror	1
miring	1
minutes	1
minstrelsy	1
ministering	1
ministered	1
minister	1
mingles	1
minded	1
milton	1
million	1
mille	1
mill	1
milky	1
mild	1
mighty	1
mightst	1
mightiness	1
mightily	1
mightest	1
mighfst	1
midway	1
midmost	1
middle	1
michael	1
mew	1
metre	1
meting	1
methinks	1
meteor	1
mete	1
meshed	1
merlins	1
merciless	1
memorable	1
melts	1
melt	1
melodies	1
melancholy	1
meets	1
meetings	1
meek	1
medesmo	1
measure	1
means	1
meaning	1
meanest	1
maze	1
may'st	1
maugre	1
matter	1
mate	1
mastering	1
mass	1
masks	1
mask	1
marvels	1
marvellous	1
martyr	1
marshal	1
marketplace	1
mariners	1
mariner	1
marigold	1
manto	1
mansueta	1
manslayer	1
mans	1
manly	1
malign	1
maidenhood	1
madox	1
lyy	1
lyrics	1
lyre	1
lusts	1
lustral	1
lurks	1
lurked	1
lures	1
lure	1
luoghi	1
luminous	1
lullaby	1
luce	1
lowliest	1
lovesight	1
lovelorn	1
lovell	1
lovehhead	1
lovehest	1
louring	1
loudlier	1
louder	1
losl	1
lordliest	1
loopholes	1
looms	1
loomed	1
loom	1
looking	1
longer	1
loitered	1
loftiest	1
lodestar	1
lock	1
loathing	1
loads	1
ll	1
lkwe	1
livelier	1
litters	1
littered	1
litis	1
listless	1
list	1
liss	1
lipped	1
lip	1
lions	1
links	1
lingered	1
linger	1
limned	1
limb	1
likeness	1
liis	1
lightning	1
lifts	1
lifelom	1
lifelikeness	1
lids	1
lido	1
lidless	1
levin	1
lets	1
lethe	1
lesser	1
lessen	1
legends	1
leaved	1
leash	1
leaning	1
leaguer	1
leafy	1
leaflets	1
leads	1
lays	1
lawless	1
lavi	1
lave	1
laurelled	1
laurel	1
latter	1
latmos	1
lath	1
lashed	1
lash	1
large	1
lapwing	1
lanes	1
landscape	1
lamps	1
lamplight	1
lampless	1
lamentable	1
lambing	1
lake	1
lajids	1
lair	1
ladder	1
lacks	1
lack'st	1
knowing	1
knoweth	1
knowest	1
knout	1
knocking	1
knock	1
knives	1
knightliness	1
knife	1
knells	1
kneels	1
kneeling	1
kneel	1
kith	1
kingship	1
kingcup	1
kindling	1
kill	1
ken	1
keeping	1
kds	1
kalends	1
just	1
juno	1
juice	1
judas	1
joyless	1
journeyed	1
joumeyest	1
jolly	1
jocelind	1
jewels	1
jewel	1
jet	1
jeers	1
ixt	1
ivory	1
itself	1
istante	1
israel	1
iso	1
isle	1
island	1
irreversible	1
irretrievably	1
iroft	1
irk	1
iris	1
io	1
invoke	1
invite	1
invisible	1
inviolably	1
invii	1
inveterate	1
interwove	1
intervals	1
interval	1
interlude	1
interchange	1
intent	1
intenser	1
intense	1
instinct	1
instantaneous	1
inspired	1
insomnia	1
insieme	1
insiem	1
inscriptured	1
inscribed	1
innumerable	1
inns	1
inly	1
inispegnibili	1
inform	1
infin	1
infelice	1
infant	1
inexplicably	1
inexorable	1
ineffable	1
indomitable	1
individual	1
ind	1
increase	1
incommunicable	1
inclusiveness	1
inclining	1
inchkeith	1
incense	1
incarnate	1
imprisonment	1
importunate	1
imply	1
implacable	1
impenetrable	1
impelled	1
impassioned	1
imp	1
immured	1
immortalise	1
immortahze	1
immemorable	1
immediate	1
imaginmgs	1
imaged	1
illusive	1
ills	1
igs	1
idleness	1
i'oro	1
i'aigle	1
hyacinth	1
hut	1
husk	1
hushed	1
husbandmen	1
hurry	1
hurries	1
hurled	1
hurdles	1
hunter	1
hunt	1
hungry	1
humble	1
human	1
hugh	1
hued	1
hst	1
hp	1
howsoever	1
hovers	1
hovering	1
hover	1
housetop	1
householder	1
household	1
housed	1
host	1
horseman	1
horizon	1
hopes	1
hoped	1
honours	1
honfleur	1
honeyed	1
homeward	1
homer	1
homely	1
homage	1
hollows	1
hoary	1
hoarse	1
hoarded	1
hnked	1
hke	1
hit	1
hinted	1
hillocks	1
hillock	1
hillflower	1
hile	1
hight	1
hiding	1
heron	1
heroic	1
hermes	1
heritage	1
hereby	1
hereafter	1
herdsman	1
henceforth	1
helvs	1
helps	1
helpless	1
helpful	1
heifer	1
heft	1
heel	1
heedless	1
hedgeflowers	1
heaviest	1
heaves	1
heaved	1
heats	1
heathen	1
heath	1
hearthstone	1
hearth	1
heartbeat	1
hearkened	1
heaped	1
headsman	1
hds	1
hazardous	1
haystack	1
hawthorn	1
haven	1
hautboy	1
haunted	1
hatmg	1
hateful	1
hastens	1
hastened	1
harvesting	1
harry	1
harms	1
harmonise	1
hardihood	1
hardening	1
harbouring	1
happeneth	1
happed	1
hangman	1
handsel'd	1
hamlet	1
halo	1
hallow	1
hale	1
halcyon	1
haired	1
hail	1
haggard	1
h	1
gyves	1
gyres	1
gusts	1
guests	1
guest	1
guerdoning	1
guerdofi	1
growti	1
growing	1
grope	1
groaned	1
gripped	1
gripp'd	1
grinning	1
grinds	1
grimly	1
grim	1
grieves	1
grieved	1
grieve	1
greeted	1
grecian	1
grceme	1
grcb7ne	1
graybeards	1
gravegarth	1
graved	1
gratitude	1
grasped	1
grasp	1
grapples	1
grappled	1
grants	1
grandson	1
grain	1
graces	1
graceless	1
graced	1
governing	1
got	1
gospel	1
goodnight	1
goodly	1
goodliest	1
goodbye	1
gonfalon	1
goest	1
godlike	1
godefroy	1
goddess	1
goblet	1
glued	1
glowed	1
glove	1
gloss	1
glorify	1
glooms	1
globe	1
gloaming	1
gloam	1
glistening	1
glints	1
glimpses	1
glimmered	1
gli	1
gleaned	1
gleamed	1
glamour	1
gladness	1
glade	1
giunge	1
girdling	1
gilds	1
ghastly	1
ghast	1
gems	1
gay	1
gavest	1
gaunt	1
gathering	1
gather	1
gates	1
gasped	1
gashed	1
garnered	1
garner	1
garmented	1
garment	1
garlands	1
garb	1
gaps	1
gan	1
gamers	1
game	1
gallery	1
galiot	1
gainsaying	1
gained	1
futures	1
furze	1
furtive	1
furrows	1
furrowing	1
furo	1
furnace	1
furl	1
fulvia	1
frutto	1
fruits	1
fruitless	1
fruitful	1
frozen	1
froze	1
frowns	1
frowned	1
froth	1
fringed	1
fright	1
friendships	1
friendship	1
friars	1
friar	1
fretted	1
freshest	1
frenzied	1
freighted	1
freight	1
freedom	1
freeborn	1
frederick	1
freaked	1
fray	1
fraught	1
framed	1
fragrant	1
fragrance	1
fragmentary	1
fragment	1
fra	1
forward	1
forum	1
forty	1
fortified	1
fort	1
forsooth	1
formerly	1
forgot	1
forgetfulness	1
forfeit	1
forewarning	1
foretold	1
foretell	1
foresters	1
foreshown	1
foresee	1
foreknow	1
foredone	1
forcing	1
forbode	1
footed	1
foohsh	1
fomaci	1
follows	1
following	1
followed	1
folhes	1
folds	1
foemen	1
foamless	1
foaming	1
flutter	1
flutes	1
flush	1
flowrets	1
flowereth	1
flowed	1
florence	1
flora	1
floods	1
flooded	1
flood-tide	1
floats	1
float	1
fling	1
flickereth	1
fleet	1
flees	1
fledgling	1
fledges	1
flecks	1
flaunt	1
flattery	1
flatterers	1
flask	1
flashes	1
flare	1
flaming	1
flamed	1
flagship	1
flags	1
fixed	1
five	1
fishers	1
fisher	1
firsts	1
firmamental	1
firelight	1
fireless	1
fiori	1
fingered	1
fine	1
findest	1
filtering	1
fills	1
fillet	1
figures	1
fights	1
fight	1
fifty	1
fifteenth	1
fevered	1
fever	1
fettered	1
fetched	1
fetch	1
festival	1
festering	1
fervour	1
fellow	1
felled	1
felay	1
feign	1
feed	1
fecundity	1
feathery	1
feather	1
fears	1
fawn	1
favourable	1
favour	1
fault	1
fau	1
fathom	1
fatal	1
fastnesses	1
fashions	1
farewells	1
far'st	1
fantasy	1
fand	1
famous	1
famed	1
falters	1
faltered	1
fairing	1
fairest	1
faintness	1
fainter	1
failing	1
failed	1
faii	1
facing	1
faci	1
fabled	1
f!esh	1
f	1
eyne	1
eyelids	1
exuberant	1
express	1
explore	1
expand	1
exile	1
excess	1
excellencies	1
examine	1
exalt	1
ewes	1
evidently	1
evidence	1
everlastingly	1
eventual	1
evangelist	1
euphrasy	1
estuary	1
estates	1
estate	1
err	1
eros	1
erewhile	1
erevvhile	1
equality	1
envy	1
environing	1
environeth	1
environ	1
envied	1
envenomed	1
entrance	1
enthroning	1
enthral	1
enters	1
entei	1
ensigned	1
enna	1
enhance	1
engulf	1
enemy	1
endowed	1
endeavour	1
encomiast	1
enchanted	1
emergency	1
embowered	1
embattled	1
eloquent	1
elemento	1
element	1
eld	1
elate	1
ei	1
edinbro	1
edicts	1
edict	1
eden	1
eddies	1
ed	1
ecstatically	1
eclipse	1
ebofty	1
ebbing	1
ebb-tide	1
eaves	1
easy	1
eastern	1
earthquake	1
earned	1
earn	1
early	1
earliest	1
earlier	1
earl	1
eagle	1
duty	1
duteous	1
dusky	1
durst	1
duro	1
dungeon	1
dule	1
duke	1
dues	1
duchray	1
dubious	1
dryshod	1
drown	1
dropped	1
driving	1
driven	1
drifts	1
drifted	1
dressed	1
drenched	1
dree	1
dreamed	1
dreads	1
dreadful	1
drawinsf	1
drank	1
drama	1
drain	1
dragon	1
dragged	1
downward	1
downfall	1
dow	1
dovecote	1
doubled	1
doors	1
dooms	1
donde	1
domain	1
dolorously	1
dolce	1
doing	1
doffed	1
dizzy	1
divine	1
divided	1
divide	1
diverse	1
diver	1
ditty	1
ditties	1
disused	1
distraught	1
dissever	1
disport	1
dispels	1
dispel	1
disguise	1
disconsolate	1
discomforted	1
disclose	1
discerned	1
disastrous	1
disarray	1
disallowed	1
dirges	1
dip	1
dinted	1
dimmed	1
dimly	1
dight	1
dice	1
dian	1
diamond	1
dhu	1
devil	1
device	1
desultory	1
despise	1
desperate	1
despair	1
desirous	1
desirable	1
desert	1
descendants	1
depths	1
denude	1
dense	1
denotes	1
demonstrative	1
deliverance	1
delights	1
delight	1
delicately	1
delay	1
del	1
deity	1
deified	1
deft	1
deflowered	1
defined	1
defile	1
defended	1
deeply	1
deepening	1
deemed	1
deem	1
deeds	1
dedicated	1
decline	1
declare	1
decks	1
deck	1
deceive	1
deceit	1
decay	1
debateable	1
debate	1
deaths	1
deathly	1
dearest	1
deafening	1
deafened	1
deaf	1
dea	1
de	1
daylight	1
dawns	1
daughters	1
dass	1
darts	1
darkens	1
darkening	1
dar^st	1
dappled	1
dante	1
danced	1
dance	1
damned	1
dalf	1
dais	1
dai	1
dabbling	1
d5	1
d'eima	1
d'amante	1
czar	1
cypress	1
cycle	1
cut	1
curved	1
curtains	1
curtain	1
curtail	1
curls	1
curling	1
curbed	1
curb	1
cups	1
cupboard	1
cuore	1
cuopre	1
culminating	1
culminant	1
cull	1
cui	1
crowns	1
crownless	1
crowds	1
crouch	1
crocus	1
crimson	1
crime	1
creatures	1
craves	1
craved	1
crashing	1
cowslip	1
cower	1
cow	1
coverts	1
covering	1
courtship	1
courtly	1
courtiers	1
courtesy	1
couriers	1
counter	1
counted	1
counsel	1
couldst	1
couched	1
cost	1
coruscating	1
corridor	1
coronal	1
corners	1
corn	1
copse	1
cope	1
cool	1
contravene	1
contour	1
continuamente	1
continually	1
continual	1
contest	1
contending	1
contemplative	1
consummate	1
consonant	1
consonancy	1
consists	1
conquering	1
conquered	1
conjectured	1
confluence	1
confident	1
confederacy	1
concerns	1
concern	1
conceived	1
comrades	1
compelled	1
compassionate	1
compassed	1
company	1
companioned	1
community	1
communing	1
commune	1
common	1
commingled	1
commemorative	1
cometh	1
combined	1
combating	1
columns	1
coloured	1
colonna	1
collection	1
coins	1
coin	1
coiled	1
cockpit	1
clutched	1
clutch	1
clusters	1
clustering	1
clustered	1
cluster	1
clouded	1
clothed	1
clothe	1
cloth	1
clot	1
closeher	1
clock	1
climbing	1
climbed	1
cliffs	1
clerkly	1
cleopatra	1
clefts	1
cleaving	1
cleaves	1
clearest	1
clay	1
clave	1
clasps	1
clasping	1
clangs	1
clangour	1
clanging	1
clamoured	1
claimed	1
citadel	1
cisterned	1
circumstance	1
circumfluence	1
circled	1
circle	1
cielo	1
cicero	1
churned	1
churn	1
chrysoprase	1
christopher	1
christmastide	1
christian	1
chosen	1
chords	1
choral	1
choose	1
choking	1
choir	1
chnging	1
chimney	1
chiming	1
chime	1
chills	1
chess	1
cheep	1
check	1
cheat	1
chaumber	1
chastened	1
chasm	1
charon	1
charnel	1
charms	1
charioteer	1
channels	1
channelled	1
changes	1
changeless	1
champing	1
chambere	1
chains	1
chaff	1
chaf'st	1
cerecloth	1
cerco	1
centuries	1
caw	1
cavernous	1
cataract	1
casts	1
castaway	1
castalian	1
casement	1
case	1
carved	1
carve	1
cark	1
cares	1
career	1
cared	1
captive	1
cankered	1
camest	1
cambridge	1
calvary	1
callow	1
callous	1
cadence	1
byway	1
bysshe	1
bye	1
buys	1
bush	1
bury	1
buries	1
burial	1
burdened	1
burden	1
buonarruoti	1
bulwarks	1
build	1
buds	1
bucket	1
bubbled	1
bruise	1
brotherhood	1
broidered	1
british	1
brine	1
brimmed	1
bridle	1
bridegroom	1
bridal	1
breve	1
breed	1
breasted	1
breadth	1
breadless	1
brawling	1
brave	1
brandishing	1
branching	1
branch	1
bracelet	1
boys	1
bows	1
bow	1
bountiful	1
bosoms	1
bosomed	1
borders	1
bonds	1
bondman	1
bondchild	1
bolunnie	1
bolts	1
bolt	1
bolingbroke	1
bole	1
boding	1
bodiless	1
bodes	1
bocca	1
boast	1
blush	1
blossoming	1
blossomed	1
bloodstained	1
bloodred	1
bloodied	1
blissful	1
blinded	1
blight	1
blew	1
blended	1
blend	1
bleeds	1
bleak	1
blazing	1
blank	1
blade	1
blackthorn	1
bitterest	1
bitten	1
birthday	1
birds	1
billowing	1
bide	1
bianca	1
bhthe	1
bhnd	1
bewildering	1
bewildered	1
bestir	1
bequeaths	1
benison	1
bending	1
bend'st	1
bench	1
belted	1
beleaguered	1
belated	1
beguiled	1
beguile	1
begot	1
beggar	1
beforehand	1
bees	1
beds	1
beck	1
became	1
beauties	1
beauteous	1
beating	1
beasts	1
beast	1
bearing	1
bearer	1
beads	1
beaded	1
beacon	1
baubles	1
bau	1
battled	1
bathe	1
bath	1
bated	1
bastille	1
bass	1
bashful	1
basalt	1
barred	1
barons	1
baron	1
barlas	1
bark	1
bared	1
banquet	1
bannerole	1
banner	1
bann'd	1
bane	1
bands	1
bandinelli	1
balm	1
bale	1
balanced	1
backwards	1
axe	1
awoke	1
awful	1
awestruck	1
awed	1
aweary	1
award	1
avvento	1
avower	1
avithdraw	1
avernian	1
avenue	1
aventure	1
auxiliary	1
autumns	1
authentic	1
auroral	1
aurora	1
augury	1
augurs	1
aught	1
audible	1
attuned	1
attire	1
attenuated	1
attento	1
attained	1
atmosphere	1
atid	1
athwart	1
athole	1
astray	1
astound	1
assuredly	1
assure	1
assuages	1
assuage	1
assigned	1
assess	1
assemble	1
aspiration	1
asked	1
ashes	1
ashen	1
ascoltatrice	1
array	1
armour	1
armorial	1
armfuls	1
ark	1
aright	1
ardent	1
archer	1
april	1
approver	1
apples	1
appena	1
appease	1
appeal	1
apparent	1
apparel	1
aphrodite	1
anything	1
antiphony	1
answers	1
anon	1
anniversary	1
annihilate	1
anima	1
anhungered	1
anguished	1
angelic	1
anew	1
ancient	1
amoroso	1
amori	1
amiss	1
amen	1
ambiguous	1
amazed	1
amain	1
allotted	1
allegiance	1
alive	1
alia	1
alert	1
alda	1
albeit	1
alarms	1
aisles	1
aim	1
aglow	1
ageless	1
aged	1
afraid	1
afoeman	1
afid	1
affinities	1
aeld	1
advent	1
advance	1
adorna	1
admitted	1
adjudged	1
adder	1
added	1
adam	1
acquaintance	1
aching	1
achieve	1
accumulated	1
accord	1
accompany	1
acceptable	1
accept	1
accademia	1
abyss	1
abundant	1
absorbs	1
absolutely	1
abominable	1
abject	1
abiding	1
abhoit'd	1
aberdour	1
abbey	1
abandoned	1
^-	1
\ve	1
1	1
//	1
/"	1
..	1
.')	1
--	1
-,	1
*•	1
*zephyms	1
),	1
('	1
'■'■	1
'>'	1
'*	1
&	1
")	1
