,	1239
the	614
.	369
of	277
and	274
to	263
;	262
—	254
!	204
a	185
in	175
i	134
(	123
:	114
'	110
"	104
that	87
|'s|	83
with	81
his	73
for	71
is	70
|romannumeral|	67
all	63
from	60
on	56
)	52
their	51
he	51
no	50
my	46
its	46
as	44
her	43
may	42
they	41
be	40
who	39
me	39
it	37
thou	34
at	34
thy	33
our	32
now	31
by	31
there	30
or	30
not	30
?	30
would	29
more	29
|arabic2digit|	28
when	28
an	28
we	27
heart	27
but	27
are	27
have	26
yet	25
where	25
so	25
light	25
into	25
like	24
will	23
were	23
then	23
love	23
whose	22
through	22
this	22
while	21
still	21
|arabic1digit|	20
thee	20
than	20
till	19
over	19
hope	19
flowers	19
away	19
again	19
which	18
upon	18
earth	18
what	17
him	17
each	17
day	17
])	17
though	16
thine	16
see	16
never	16
if	16
had	16
golden	16
air	16
."	16
one	15
how	15
was	14
those	14
star	14
life	14
eyes	14
should	13
shadow	13
s	13
feet	13
bloom	13
-	13
|arabic3digit|	12
tlic	12
t	12
she	12
o	12
night	12
lie	12
here	12
gloom	12
far	12
dream	12
dark	12
above	12
us	11
skies	11
out	11
lay	11
know	11
god	11
w	10
thought	10
them	10
such	10
some	10
shade	10
self	10
r	10
own	10
nor	10
land	10
flight	10
first	10
face	10
dreams	10
down	10
death	10
',	10
weary	9
sky	9
radiant	9
other	9
only	9
mine	9
lost	9
let	9
leaves	9
ill	9
f	9
eye	9
around	9
\\	9
()	9
})	8
within	8
vain	8
until	8
true	8
too	8
thus	8
these	8
sun	8
rosy	8
n	8
made	8
long	8
human	8
hours	8
heaven	8
hearts	8
has	8
forever	8
beneath	8
beauty	8
art	8
('	8
■	7
your	7
you	7
world	7
view	7
unto	7
tlu	7
time	7
tell	7
sweet	7
story	7
stone	7
st	7
soul	7
sorrow	7
sleep	7
sing	7
shall	7
sea	7
save	7
poet	7
ot	7
narcissus	7
mv	7
lord	7
high	7
good	7
fill	7
fall	7
every	7
echo	7
e	7
died	7
crown	7
clouds	7
call	7
brow	7
bring	7
blue	7
alas	7
(;	7
way	6
trees	6
tears	6
summer	6
smiles	6
silver	6
saw	6
once	6
near	6
name	6
must	6
look	6
lips	6
il	6
hear	6
hand	6
green	6
glowing	6
glory	6
flower	6
fell	6
faith	6
fade	6
ever	6
eve	6
do	6
die	6
despair	6
could	6
cloud	6
can	6
burst	6
bowers	6
awake	6
ai	6
[)	6
?"	6
win	5
wild	5
well	5
up	5
touch	5
tis	5
tide	5
thv	5
sunshine	5
stood	5
spring	5
soon	5
song	5
son	5
smile	5
seen	5
seems	5
sad	5
rest	5
prayer	5
pray	5
perfume	5
oi	5
off	5
new	5
mother	5
men	5
meet	5
low	5
longer	5
llic	5
living	5
little	5
j	5
ht	5
himself	5
hide	5
hell	5
hath	5
hands	5
half	5
h	5
fro	5
fields	5
fair	5
even	5
eternal	5
elysian	5
dead	5
darkness	5
crimson	5
christ	5
butterfly	5
before	5
beam	5
arise	5
am	5
alone	5
afar	5
]	5
ye	4
y	4
wrought	4
wouldst	4
woo	4
woe	4
wings	4
vision	4
vernal	4
twilight	4
truth	4
tliat	4
throne	4
thanks	4
sunbeams	4
splendours	4
spirit	4
sparkling	4
sparkle	4
sounds	4
softly	4
snow	4
sin	4
sight	4
showers	4
show	4
shine	4
shed	4
shadows	4
shades	4
scorn	4
sails	4
rose	4
rock	4
remain	4
realms	4
real	4
rapt	4
rainbow	4
pure	4
promise	4
paused	4
passion	4
pass	4
next	4
music	4
master	4
make	4
m	4
lowly	4
loss	4
lo	4
lit	4
lest	4
last	4
ir	4
indeed	4
immortal	4
ik	4
hour	4
honour	4
head	4
greet	4
graces	4
glow	4
fountains	4
find	4
fancy	4
fairer	4
faces	4
everywhere	4
erst	4
ear	4
eager	4
eaeh	4
diadem	4
dawn	4
children	4
care	4
bright	4
breath	4
blow	4
blood	4
blessed	4
birds	4
beside	4
beautiful	4
arc	4
alien	4
|arabic4digit|	3
youth	3
young	3
wouklst	3
worm	3
wistful	3
wintery	3
winter	3
wine	3
wear	3
weak	3
wayside	3
wave	3
wandering	3
wandered	3
wall	3
voice	3
violet	3
vet	3
unconscious	3
tyre	3
trod	3
tree	3
tor	3
today	3
tints	3
tin	3
ti	3
thirst	3
think	3
things	3
tender	3
sylvan	3
swinging	3
swiftly	3
stream	3
storm	3
stand	3
spot	3
sought	3
sorrows	3
soft	3
sir	3
since	3
silent	3
shone	3
shell	3
shame	3
set	3
sense	3
seek	3
seat	3
say	3
said	3
sahara	3
rugged	3
riven	3
rise	3
retreat	3
retain	3
resurrection	3
repose	3
red	3
realm	3
put	3
power	3
perish	3
perfect	3
pearl	3
path	3
pale	3
oriental	3
ol	3
oases	3
nie	3
murmurs	3
morning	3
might	3
mercy	3
memory	3
many	3
manger	3
man	3
madly	3
lustre	3
loving	3
loveliness	3
ll	3
lily	3
leave	3
law	3
june	3
joy	3
itself	3
i've	3
hues	3
hue	3
however	3
hose	3
home	3
holy	3
hollow	3
hold	3
hoe	3
hills	3
hidden	3
heedless	3
haste	3
happy	3
happiness	3
hair	3
grace	3
gold	3
glimpses	3
glide	3
gleam	3
gaze	3
gay	3
gave	3
gales	3
fresher	3
fraught	3
fragile	3
fountain	3
found	3
forth	3
fondly	3
fond	3
flushed	3
flood	3
flies	3
flashing	3
fearful	3
fear	3
farewell	3
fairy	3
faintly	3
faint	3
everlasting	3
evanescent	3
estate	3
ere	3
er	3
emerald	3
eden	3
eclipse	3
drowsy	3
drive	3
done	3
dogs	3
dispel	3
dies	3
did	3
dewy	3
dew	3
desire	3
depths	3
depart	3
dav	3
daughter	3
cross	3
cool	3
come	3
close	3
chime	3
change	3
chains	3
burns	3
bud	3
brought	3
broken	3
breathe	3
blossoms	3
blooms	3
blindly	3
betrayed	3
bells	3
behold	3
bees	3
been	3
bear	3
beams	3
bark	3
athirst	3
asleep	3
ask	3
appear	3
another	3
ain	3
aie	3
accursed	3
);	3
),	3
("	3
''	3
",	3
!"	3
■■	2
•	2
zone	2
zeal	2
yonder	2
xow	2
xo	2
wreck	2
worth	2
worsted	2
wore	2
woof	2
wooer	2
won	2
wlio	2
withdrawn	2
wino	2
wing	2
wind	2
wilt	2
wildly	2
wildest	2
wilderness	2
wide	2
whom	2
whispering	2
whisper	2
whence	2
wells	2
welcome	2
wears	2
wealth	2
weakness	2
waters	2
water	2
wasted	2
waste	2
war	2
wanton	2
waning	2
wan	2
waits	2
vicisti	2
veiled	2
veil	2
vanish	2
valentine	2
vale	2
unless	2
undone	2
under	2
type	2
twine	2
tvoni	2
turn	2
truthful	2
trust	2
treasures	2
tread	2
travail	2
transfigured	2
transcending	2
trace	2
tossed	2
tortured	2
tomorrow	2
tomb	2
tlio	2
tliec	2
tlicir	2
tint	2
tind	2
tiie	2
tied	2
thoughts	2
thorn	2
thing	2
theii	2
terrible	2
tempest	2
syllabled	2
swift	2
swelling	2
sweetest	2
sways	2
surely	2
sure	2
sunlight	2
sung	2
sunder	2
sudden	2
strength	2
streams	2
strand	2
strain	2
stay	2
stars	2
stanzas	2
spoken	2
splendour	2
spirits	2
south	2
souls	2
sonic	2
soni	2
solitary	2
soiil	2
sleej	2
sit	2
sinner	2
sink	2
singing	2
silenee	2
side	2
si	2
shut	2
shouldst	2
shepherd	2
shelter	2
shells	2
sheen	2
shallop	2
sf	2
seraph	2
sent	2
seldom	2
sees	2
seem	2
seeks	2
seed	2
sec	2
seas	2
saviour	2
satellite	2
sabbath	2
runs	2
ruined	2
ruby	2
rs	2
roof	2
roll	2
river	2
risen	2
rim	2
riiy	2
riii	2
riic	2
right	2
revelation	2
returning	2
resume	2
restless	2
resting-place	2
renew	2
remained	2
relief	2
rejoice	2
regret	2
receive	2
re	2
rayer	2
rare	2
ran	2
raised	2
radiance	2
race	2
quoth	2
pursuing	2
propitious	2
prize	2
priceless	2
presence	2
portray	2
portals	2
poems	2
please	2
play	2
plains	2
plain	2
places	2
pining	2
pine	2
pilgrim	2
phantoms	2
phantom	2
petals	2
pensive	2
peace	2
past	2
pall	2
pain	2
outer	2
ours	2
others	2
oppressed	2
olden	2
oil	2
often	2
oft	2
oer	2
o\v	2
ns	2
npon	2
northeast	2
noontide	2
noldeii	2
noiseless	2
nobler	2
niav	2
nevermore	2
need	2
nearly	2
nearer	2
native	2
nameless	2
naiad	2
mute	2
mountain	2
most	2
moon	2
moment	2
mk	2
mist	2
miss	2
midnight	2
mid	2
mcri'ily	2
matt	2
marah	2
mansions	2
mail	2
maiden	2
luy	2
lurid	2
lured	2
lover	2
lose	2
lor	2
loom	2
looked	2
live	2
listen	2
lingers	2
lilac	2
liis	2
liiiiil	2
liii'ht	2
lies	2
lid	2
lethe	2
lent	2
lend	2
left	2
leap	2
laughing	2
lark	2
lain	2
laid	2
laggard	2
l)y	2
knowing	2
knee	2
kissed	2
kindles	2
ki	2
kept	2
jut	2
joys	2
jasper	2
itli	2
iris	2
io	2
intrusion	2
instant	2
inspire	2
innocence	2
ing	2
informs	2
iiic	2
idle	2
ideal	2
ice	2
i^ike	2
i'ouiki	2
i'lic	2
i'he	2
humble	2
hovered	2
horror	2
hopes	2
hive	2
hill	2
hie	2
hen	2
help	2
heavenly	2
heat	2
haze	2
having	2
hat	2
haply	2
hapless	2
halos	2
hal	2
guess	2
growing	2
ground	2
grief	2
grew	2
great	2
grassy	2
grand	2
gorgeous	2
goklen	2
glorious	2
gloomy	2
glass	2
gladden	2
give	2
gilds	2
ghastly	2
gentle	2
gazed	2
garniture	2
gardens	2
gala	2
full	2
frolic	2
freely	2
forlorn	2
forehead	2
footprints	2
foot	2
folds	2
foi	2
fly	2
flung	2
flown	2
floral	2
flew	2
fleeting	2
fleet	2
fled	2
flashes	2
flash	2
flame	2
fixed	2
fire	2
fii	2
fiery	2
fiends	2
fi-om	2
feel	2
fed	2
fate	2
fast	2
famished	2
fame	2
falling	2
fain	2
faded	2
express	2
evening	2
eup	2
erown	2
eould	2
ends	2
endeavour	2
enchanted	2
enamoured	2
en	2
el	2
eaves	2
eat	2
dying	2
dwells	2
dwell	2
drooping	2
droj	2
driven	2
drink	2
drew	2
dreamy	2
dreaming	2
dread	2
draw	2
dower	2
dorado	2
door	2
divinely	2
divine	2
discover	2
disappear	2
dimmer	2
desolation	2
dells	2
dell	2
delight	2
deign	2
defies	2
deep	2
deem	2
decay	2
dearer	2
darling	2
dare	2
daisy	2
daily	2
da	2
d	2
crv	2
crumbs	2
cruel	2
crucified	2
comes	2
clear	2
cheer	2
cheeks	2
chase	2
chaos	2
chance	2
chain	2
censers	2
celestial	2
cease	2
cap	2
cannot	2
came	2
bv	2
burning	2
burn	2
burden	2
brook	2
brings	2
brim	2
brilliant	2
brightly	2
brighter	2
brief	2
breezes	2
breaks	2
bread	2
brake	2
brain	2
bound	2
bosom	2
bosky	2
born	2
blossom	2
blew	2
bleeding	2
bleak	2
bi	2
better	2
bent	2
benighted	2
below	2
being	2
beheld	2
beetling	2
because	2
base	2
barges	2
balm	2
back	2
aware	2
awakens	2
awaken	2
ave	2
ashes	2
arose	2
arms	2
arid	2
ararat	2
appears	2
anew	2
ami	2
amethyst	2
amaranthine	2
along	2
almost	2
ah	2
aglow	2
afterthought	2
adore	2
about	2
abide	2
^^	2
\	2
[	2
<;	2
<	2
.,	2
):	2
).	2
)!	2
(,	2
';	2
'.	2
".	2
!)	2
!''	2
■{'{)	1
■tlu	1
■^liadcs	1
••	1
•mould	1
•)"	1
•")	1
•!<),	1
»(ik>	1
«itow	1
}	1
|„,	1
|ueenh'e.st	1
|iiiii(».\	1
|iast	1
|i	1
|arabic5+digit|	1
|>aii(>j)lic'(l	1
|)lic	1
|)iate	1
|)cri'iiiiic	1
{;	1
{',	1
zfal	1
ze})hyrs	1
zephyrs	1
zej)hyrs	1
zcplin	1
yuuiin	1
youiin	1
yon	1
ylorious	1
yielding	1
yield	1
yi't	1
yesterday	1
yes	1
yellow	1
yearn	1
ycslcrday	1
yawns	1
yacht	1
xt	1
xrotesqnely	1
xot	1
xod	1
xnn	1
xislit	1
xight	1
xew	1
xevor	1
xarci.s8us	1
xai	1
x(ir	1
x'oieinii	1
wv	1
wuve	1
wrongfully	1
wrong	1
wrnr	1
writer	1
write	1
wretch	1
wren	1
wreathest	1
wounded	1
woru	1
worthy	1
wort	1
worshippers	1
worms	1
worl	1
work	1
words	1
woods	1
woodland	1
woodlaiid	1
wonted	1
wont	1
wonldst	1
wonderland	1
wondered	1
womanhood	1
woman	1
woke	1
woiddst	1
wofully	1
wlutse	1
wluie	1
wlu'iv	1
wliosc^	1
wliim	1
wliilc	1
wliidi	1
wlierever	1
wlicii	1
wizard	1
witness	1
witliiii	1
withheld	1
witheriiiii	1
witching	1
wistfnl	1
wins	1
winnowing	1
winged	1
wing6d	1
window	1
winded	1
win.soinc	1
willows	1
willing	1
willi	1
wile	1
wilds	1
wikls	1
wiivlie	1
wiittcrhics	1
wihw	1
wield	1
wider	1
widen	1
widely	1
wi	1
why	1
wholly	1
whole	1
whitened	1
white	1
whispered	1
whine	1
wheu	1
whether	1
wherewith	1
whereon	1
whenever	1
whci'i'on	1
wetrav	1
wert	1
wept	1
went	1
weld	1
weird	1
weigh	1
weej	1
weavinti	1
weaving	1
weaver	1
wcrc	1
wayworn	1
ways	1
waves	1
wav	1
watercresses	1
watch	1
wastiiiu	1
warp	1
warmth	1
warm	1
warfare	1
waned	1
wanderiiio	1
wanderer	1
waltzes	1
walls	1
walks	1
walk	1
wakens	1
waken	1
wait	1
wail	1
wa\	1
w.iiild	1
w(u'e	1
w'hei'ein	1
vw	1
vvv	1
vt	1
vstar	1
vsolito	1
vroi>ets	1
vr	1
voyagers	1
vou	1
votive	1
voiino	1
void	1
voico	1
vocal	1
vnd	1
vkijnai	1
vki	1
vividly	1
vivid	1
visitor	1
visited	1
visionary	1
visi<»n	1
virgin	1
violets	1
vine	1
vin	1
viki	1
views	1
viewless	1
viewest	1
victory	1
vi>v	1
vi)\	1
vessels	1
very	1
verges	1
venture	1
velinal	1
veins	1
ve	1
vav	1
vaunts	1
vault	1
vanquished	1
van	1
valley	1
v^e	1
v)reathing	1
uwouo	1
utter	1
used	1
use	1
urttkki'lv	1
urow	1
urn	1
ure	1
uplift	1
unveil	1
unused	1
untasted	1
unshaken	1
unseen	1
unreal	1
unravel	1
unportioned	1
unnoticed	1
unmolested	1
unlanguaged	1
unknown	1
uniuhl	1
unite	1
unit	1
uni\	1
unhonored	1
unguarded	1
unfurls	1
unfrequented	1
unequal	1
unearthly	1
undoing	1
undisputed	1
undiscerning	1
undermcatli	1
unconsciously	1
uncloiuled	1
unclasped	1
unbroken	1
unbidden	1
un	1
umbrageous	1
umbrage	1
ulooiu	1
ulittcriiio	1
uk	1
uj)on	1
uiy	1
uivering	1
uiitlying	1
uiit	1
uiisiillit'd	1
uie	1
ufi	1
uefohe	1
ue	1
u]ion	1
u[)on	1
u'lows	1
u'looni	1
u'lcn	1
u'cp	1
u'aves	1
u	1
t»ne	1
tyres	1
twitter	1
twinkle	1
twilidit	1
tw	1
tvom	1
tvoin	1
tvdin	1
tut	1
turrets	1
turned	1
turkois	1
turer	1
tuneless	1
tunc	1
tuiiil)ie	1
ttidden	1
tt^arewell	1
ts	1
trysting	1
try	1
trumpet	1
tristful	1
trinne	1
trillers	1
trij)l	1
triiiiii|)li	1
trial	1
tresses	1
trenihled	1
tremulous	1
trembling	1
treasure	1
trcinbling	1
trarnet	1
translate	1
transitory	1
transgressious	1
transflgured	1
trailers	1
traeini	1
trackless	1
tracery	1
traced	1
toyinir	1
toy	1
towering	1
toss	1
torment	1
tophet	1
topaz	1
tonight	1
tongui^less	1
tongues	1
tongue	1
tone	1
tombs	1
tokl	1
toil	1
toi'rid	1
together	1
toes	1
tniiolding	1
tn	1
tmk	1
tluiii	1
tlu^	1
tltaius	1
tllk	1
tli»	1
tliuiim'li	1
tliry	1
tlirouii	1
tlirono	1
tliron^h	1
tliroiiuli	1
tliroiig	1
tlir	1
tliosc	1
tliongh	1
tlioe	1
tliiis	1
tliiiil<	1
tliia	1
tlii'sc	1
tlii	1
tlif	1
tliev	1
tlidsc	1
tlicy	1
tlicv	1
tlicsc	1
tlico	1
tliaii	1
tli(iiiu	1
tlcctiiiii	1
tl(i	1
tkmcs	1
tk	1
tjike	1
tjiinus	1
tjie	1
tithe	1
titan	1
tissues	1
tissue	1
tipsy	1
tinted	1
tinkling	1
tinge	1
tinder	1
tims	1
timorous	1
timid	1
tim	1
tills	1
tilled	1
tile	1
tiladdeiied	1
tika	1
tiiy	1
tiioiii	1
tiik	1
tiiited	1
tiiine	1
tiif	1
tiiey	1
tiian	1
ties	1
ticrv	1
ti'olden	1
thyself	1
thyme	1
thunder	1
thubers	1
thrown	1
throu(2	1
throng	1
thrice	1
threnody	1
three	1
thouo^h	1
thouo	1
thoun	1
thoti	1
thorny	1
thoiinh	1
thn.s	1
thiuiis	1
thinu	1
thintis	1
thinks	1
thi'ush	1
thi	1
they've	1
thereof	1
theni	1
thein	1
the'silvery	1
thc\	1
thawed	1
thau	1
thanksgiving	1
tessellated	1
tess	1
terror	1
terrestial	1
term	1
ter	1
tenii)est	1
tenderest	1
tempts	1
tempter	1
tempted	1
tells	1
telia	1
teeniinii	1
tear	1
tdining	1
td	1
tavinkling	1
tattoo	1
tatler	1
tassels	1
tasselled	1
tangled	1
tamarind	1
tall	1
tale	1
takes	1
take	1
taint	1
table	1
t^rfj	1
t\\ili<>ht	1
t7reighted	1
t2	1
t(»	1
t's	1
t'ntile	1
t'ail	1
t"c	1
s|k'd	1
s|)rini>	1
s|)il<ciiar(l	1
s|)iini	1
s|)arl<liiig	1
symphonious	1
sympathy	1
sympathising	1
syllable	1
sylj)li	1
swine	1
swim	1
swiiiiti	1
swelliii<	1
sweets	1
sweetly	1
sweeter	1
sway	1
swauows	1
swarm	1
sward	1
swain	1
swaii	1
svooed	1
svinpatliics	1
suyhirks	1
sustain	1
survive	1
surveys	1
surveyed	1
surround	1
surprise	1
surpassing	1
surges	1
surge	1
surcease	1
sups	1
supreme	1
supernal	1
superlatively	1
sunset	1
sunlitiht	1
sunlit>'lit	1
sunl)eams	1
sunken	1
sunbeam	1
summit	1
summertime	1
sultry	1
sullen	1
sujipliant	1
suimhers	1
suiiiincr	1
sui'])rise	1
suffused	1
suffice	1
sue	1
subtler	1
subtle	1
substance	1
submissive	1
sublunary	1
sublimer	1
sublime	1
su])enial	1
stung	1
stufls	1
struggler	1
strong	1
strive	1
street	1
straying	1
straw	1
strant>	1
stranger	1
strange	1
straining	1
straggler	1
stormy	1
stoops	1
stoop	1
stolen	1
stmis	1
stkij.a	1
stirred	1
stirani	1
sting	1
stin<r	1
stimick	1
stilling	1
step	1
stellar	1
stella	1
stejilth	1
steer	1
steej)le	1
steals	1
steal	1
statue	1
stateliest	1
start	1
starry	1
starring	1
starred	1
starlit	1
stands	1
standinu	1
stan<l	1
stalwart	1
stak	1
stait	1
stair	1
stained	1
sta\	1
squandered	1
spur	1
spun	1
sprint	1
springtime	1
springs	1
spread	1
sportive	1
splendid	1
spleii(k)r	1
spkiiclidly	1
spimiiiik	1
spheres	1
sphere	1
spent	1
spend	1
spell	1
speechless	1
speech	1
spbing	1
sparklino	1
spanned	1
sown	1
sow	1
southern	1
southeast	1
souk'thiim	1
sorry	1
sorrowfully	1
sorroa\	1
sordid	1
sootliiiii	1
soot	1
sooner	1
sonuiolent	1
soniewliere	1
somnolent	1
sometimes	1
somehow	1
sombre	1
solution	1
solitudes	1
soliloc^t^y	1
solemn	1
soids	1
sod	1
soar	1
snnlit	1
snh\c	1
snf\i\'ed	1
sneer	1
smouldei	1
smilino	1
smiheainsl	1
sly	1
slusroish	1
slunil)erous	1
slunib'rous	1
slumiuer	1
slumbers	1
slumber	1
sluiul)ers	1
sluggards	1
slu'|)ln'i(l	1
slowly	1
slow	1
slmttlcs	1
slkki	1
sliriiic	1
slioweis	1
sliouldst	1
slioi'e	1
slindy	1
sliiuc	1
sliininii	1
sliiniiiu	1
sliiinnierinii	1
slidiild	1
sliadowy	1
sli('|)lier(ls	1
slept	1
sleet	1
sleeping	1
slee])s	1
slee	1
slave	1
slain	1
skv	1
skulk	1
sk	1
sj)arn>\vs	1
sj)ark'led	1
sj)ait()w	1
siuners	1
siuht	1
siugiii!^	1
siug	1
sits	1
sisterhood	1
sister	1
sirens	1
siren	1
sire	1
sirains	1
sip	1
sinuilated	1
sins	1
sinoulderinu	1
sinned	1
sinless	1
sini>lc	1
sini	1
sings	1
single	1
sinee	1
simple	1
silvkr	1
silvery	1
sill	1
silken	1
sileutly	1
silence	1
sii|)|)r('ssc(l	1
siiw	1
siiuset	1
siiti	1
siinimcr	1
siiista	1
siiioijia	1
siiiiinicr	1
siiiihcaiii	1
siii'ii	1
sii>	1
sii)i	1
sii	1
sigiis	1
siesta	1
sibvls	1
si'uin	1
si'or))ion	1
si'iit	1
si'ensek	1
shuttle	1
shroud	1
shoulder	1
shore	1
shoot	1
shock	1
shivered	1
shiver	1
shish	1
ships	1
shining	1
shinest	1
shines	1
shimmer	1
shiinniorinti	1
shifting	1
shield	1
shepherds	1
sheltered	1
shekinah	1
shehinah	1
sheep	1
sheaves	1
share	1
shapes	1
shape	1
shake	1
shaijoiv	1
shaggy	1
shackle	1
sh	1
several	1
serener	1
serenely	1
serenelv	1
seraphs	1
seraphim	1
seraphic	1
sepulchral	1
septuple	1
separate	1
send	1
self-love	1
self-denial	1
seintillant	1
seer	1
seenukl	1
seeming	1
seemeth	1
seemed	1
seeking	1
seeker	1
seeinu	1
seeing	1
sed	1
seclusion	1
secluded	1
searee	1
seared	1
seamed	1
seals	1
sdiil	1
sculptor	1
screen	1
scowl	1
scintillations	1
scintillant	1
scepticism	1
scented	1
sccin	1
scattered	1
scath	1
scars	1
scarce	1
scanty	1
scale	1
sc	1
saveet	1
savayed	1
sardino	1
sardine	1
sar.ua'ni	1
sanii	1
sanguinary	1
sands	1
sand	1
same	1
sally	1
sake	1
saint	1
sailed	1
saiiu	1
sage	1
safety	1
safely	1
saerifieial	1
saered	1
sadness	1
sadly	1
saddened	1
sadden	1
sable	1
sabean	1
s^lmn/dcra	1
s])ring	1
s[)arkling	1
r»egiu	1
rvc	1
russet	1
rushing	1
rushed	1
ruses	1
ruin	1
ruffling	1
rue	1
rtiinhling	1
rriiant	1
rq8e	1
royally	1
rove	1
rout	1
rounds	1
round	1
rouch	1
ross	1
roses	1
rosary	1
rork	1
room	1
ronip	1
ronch	1
ron	1
rom	1
roiio'li	1
rod	1
rocks	1
robe	1
roar	1
ro	1
rmil	1
rmci	1
riu	1
rit	1
risinir	1
ripples	1
rip])le	1
ringing	1
rilk	1
ril)le	1
rijiples	1
riik	1
riiilit	1
riiiiii	1
riihelief	1
riicc	1
rii<»u	1
righteousness	1
rifted	1
rient	1
rieiades	1
rieeless	1
ride	1
riddle	1
richly	1
ri\	1
ri)()i^r	1
ri'wl	1
rhythmic	1
rhymes	1
rfly	1
rewanl	1
revolving	1
revolntion	1
revivifvinp	1
reveries	1
reverently	1
revere	1
reveiue	1
reveille	1
revealing	1
revealed	1
rev	1
returns	1
return	1
retinue	1
responsive	1
resonant	1
reses	1
rescue	1
repinings	1
repining	1
repine	1
renewing	1
rend	1
ren	1
reluming	1
relieve	1
reli	1
reiirned	1
reign	1
regions	1
region	1
regard	1
refuge	1
refresh	1
refrain	1
reflects	1
reflection	1
refines	1
reelest	1
reeeives	1
reedy	1
reed	1
redeeming	1
recluses	1
recline	1
reciprocal	1
receiving	1
receding	1
rebuked	1
rebuke	1
rear	1
reappearing	1
realising	1
realise	1
reai	1
reahiis	1
reach	1
rc|)lication	1
rctirct	1
rcn'eal	1
rclvacted	1
rcfiiov	1
rays	1
rayless	1
ravished	1
rave	1
rav	1
rath	1
rate	1
rapturons	1
rapture	1
rapid	1
ranier	1
ranges	1
rain	1
raiment	1
rai	1
rages	1
raee	1
radual	1
racks	1
r<i	1
r(i>y	1
quiver	1
quite	1
quest	1
q	1
pvevelatio	1
puts	1
pursue	1
purpose	1
purpliuif	1
purpling	1
purple	1
purjile	1
purest	1
purer	1
puardian	1
psyt'hc	1
proud	1
prophets	1
prone	1
promises	1
proemial	1
proem	1
prodiu'al	1
prodigal	1
proclaim	1
prithee	1
prison	1
prime	1
priest	1
pride	1
prey	1
pretty	1
press	1
present	1
precipices	1
praying	1
prattliiiii	1
prate	1
praises	1
praise	1
pp	1
powers	1
powerless	1
potent	1
possessions	1
possessed	1
pory	1
porticoes	1
portal	1
port	1
poi	1
pohsv	1
poets	1
poetic	1
poesy	1
pnrsued	1
plunge	1
plummet	1
plouds	1
pledges	1
pleading	1
plea	1
plav	1
planet	1
plaintive	1
plahitive	1
plaee	1
pkudrn	1
pitiless	1
piteous	1
pit	1
pinnacle	1
pini])eriiel	1
pimpernel	1
pillow	1
pilliint	1
pierced	1
pie	1
pictures	1
pi	1
phyllis	1
phunmet	1
phrases	1
phe	1
petulant	1
pestilence	1
persian	1
perfumes	1
perfumed	1
perehanee	1
pereeives	1
perdition	1
perdite	1
perchance	1
perceive	1
per	1
pen	1
pellucid	1
pelf	1
pei'il	1
pei'fiune	1
peerless	1
peep	1
pebbly	1
pearly	1
pearls	1
peach	1
patter	1
patiik	1
patieuce	1
patient	1
passing	1
passeth	1
passes	1
passers	1
parting	1
partake	1
part	1
paradise	1
palsies	1
palm	1
palei	1
palaces	1
painted	1
pahn	1
pageant	1
pa[)a	1
p('c|)ing	1
o|)alesecnc	1
oyed	1
oye	1
owner	1
owly	1
owei	1
overthrow	1
overpowers	1
overhead	1
overcast	1
ovcrwrono	1
ou	1
otliei	1
oti'eiided	1
otal*	1
ost	1
oscar	1
orunib.s	1
ortray	1
oroiip	1
oriin	1
originates	1
org'eous	1
orever	1
open	1
opalescent	1
oods	1
onward	1
ont	1
onrs	1
onr	1
oniance	1
olorv	1
olorionsly	1
olil	1
oliil'l	1
old	1
oklen	1
ok	1
oilier	1
oiim	1
oiigh	1
oiiee	1
oheruhim	1
ohcy	1
ofl	1
oet	1
oeean	1
odour	1
odk	1
ode	1
occident	1
observant	1
objatious	1
oast	1
o'erwhehiis	1
o'ci	1
nymph	1
nut	1
numbers	1
nuist	1
nuisical	1
nuisic	1
nu)rnin<>	1
nphe	1
nowlcr	1
noun	1
nought	1
nothingness	1
nook	1
none	1
non	1
nomads	1
noisy	1
nodding	1
nocule<l	1
noah	1
nnsympatliizing	1
nnseatlied	1
nnisie	1
nnhnown	1
nn	1
nmltiplied	1
niv	1
niurniuring	1
nit	1
niorn	1
niori	1
nior	1
nioiii'iier	1
niohtsliadc	1
nioht	1
nioeking	1
niobe	1
nililit	1
nili	1
nil'itier	1
nil	1
niiu<	1
niim	1
niii	1
niightier	1
niieii	1
niidniiiht	1
niffht	1
nieniorv	1
nieivv	1
nieanderings	1
niea	1
nicssc'iiu'rr	1
niche	1
niai'auders	1
ni)\v	1
ni	1
nh)rnin.n	1
nettle	1
nestle	1
nesera	1
nepenthe	1
neither	1
neighbourhood	1
neighbour	1
ne(l	1
nded	1
nd	1
nccd'st	1
nc'ctiu'cd	1
nature	1
natal	1
narrow	1
nareissili	1
narcissrs	1
napping	1
nakcissrs	1
naimissrs	1
nab.ci8sus	1
n^ruth	1
n)ore	1
n'vcii	1
n'otive	1
n'oi	1
n'cils	1
mythic	1
myrrh	1
mutely	1
muster	1
musky	1
murky	1
murdered	1
muffled	1
msei	1
ms	1
mr	1
mow	1
movement	1
mournfully	1
mournful	1
mountains	1
mould	1
motiikil	1
motiiki	1
mossy	1
mossoius	1
moss	1
moses	1
mortals	1
mortal	1
morrow	1
morn	1
moritz	1
moonbeams	1
montgomery	1
moniiiiu	1
momenta	1
moio	1
modest	1
mockiuii	1
moarnfully	1
mn	1
mi|	1
mith	1
mite	1
misty	1
mission	1
missin<r	1
mirth	1
mirrored	1
mirage	1
mint	1
minster	1
minister	1
mimesis	1
milt	1
mile	1
mihi	1
mho	1
methinks	1
metaphor	1
metamor[)h()sis	1
merrier	1
mermaids	1
merev	1
merely	1
memories	1
memorial	1
memnou	1
melted	1
meekness	1
meed	1
meant	1
meanest	1
mean	1
meadow	1
mciiiorv	1
mazy	1
mazes	1
maze	1
mayhap	1
mayest	1
mav	1
matins	1
masters	1
maskiiio	1
mas	1
martyr	1
march	1
marbles	1
manyvr	1
mantk	1
mancki	1
mamma	1
malignantly	1
malignant	1
makiuti	1
makest	1
makes	1
maintains	1
maintained	1
magnolia	1
madrigals	1
madest	1
m'orld	1
m'liiild	1
m'lieii	1
m'hite	1
l»y	1
lying	1
ly	1
luxuriant	1
lut	1
lust	1
luscious	1
lure	1
luown	1
luminous	1
lulled	1
lullabies	1
luito	1
luit	1
ludea	1
luartli	1
lu'ie	1
lu'i'c	1
lu'ckerwork	1
lu'!l	1
ltnijvgs	1
loyal	1
loy	1
lowert	1
lovo\s	1
lovino	1
lovely	1
lovelorn	1
loved	1
lotos	1
loth	1
losses	1
lorn	1
lorgon	1
lore	1
lordly	1
loos	1
looni	1
looks	1
longings	1
lonely	1
loll	1
lold	1
loitering	1
loitered	1
loimtaiii	1
loiiti	1
loiio	1
loe	1
lodi	1
lod	1
lnw	1
lnnies	1
llu	1
llowi	1
llowers	1
llint	1
llight	1
llics	1
lliat	1
llainhow	1
lkxt	1
lkes|)lendent	1
liy	1
lixixgs	1
liviuii	1
lives	1
liveries	1
livening	1
lived	1
liuvcriii!^	1
liuiii}>	1
liuiiii	1
liue	1
litest	1
litcv	1
lis|)laye(l	1
listless	1
listening	1
lissome	1
lisguise	1
lis	1
lirmament	1
lirist	1
lire	1
lioiirs	1
lioarv	1
lio	1
lint	1
linlit	1
links	1
liniu	1
lininos	1
lining	1
linht	1
linhble	1
lingering	1
linger	1
lines	1
limt	1
limiiier	1
limiii	1
lilt	1
lilossoiii	1
lilmy	1
lilies	1
lilest	1
lij	1
liirht	1
liioli	1
liijllt	1
liiini	1
liiilit	1
liiiiiiiktiis	1
liii'cd	1
liiddcii	1
liglitens	1
lights	1
lightly	1
lighting	1
lighter	1
lift	1
lier	1
lien	1
lieiicath	1
lief	1
liclun	1
licll	1
liciivcn	1
liciicc	1
licart	1
licar	1
licaiil	1
liberty	1
lia|)i>i('st	1
liazc	1
liatilianl	1
liarslily	1
lianic	1
liallowcd	1
lialf	1
liaiid	1
li<ilit	1
li)\c	1
li(>|h"ful	1
li'lee	1
li'lances	1
li'cnial	1
levite	1
lets	1
less	1
lesj)air	1
length	1
leiiion	1
lefjer	1
leer	1
ledges	1
led	1
leavest	1
leats	1
learnedst	1
leans	1
league	1
leads	1
lead	1
lea	1
le	1
ldvc	1
ld	1
lcaniing	1
lca\	1
lazier	1
lawr	1
lavender	1
lave	1
lava	1
laureled	1
laurel	1
laura	1
laughter	1
lattices	1
later	1
larkspur	1
lap	1
lao	1
lanterns	1
lane	1
lambent	1
lamb	1
lalilcan	1
lakes	1
lake	1
laintive	1
laiiiltow	1
laiiii'uid	1
lai(u'd	1
lading	1
ladiks	1
lades	1
ladeii	1
lack	1
la	1
l^utterhv	1
l^ulse	1
l^iii	1
l^'niky	1
l^'arewell	1
l>ir<l^	1
l*>ui	1
l)utterflies	1
l)urdc'n	1
l)rioht	1
l)rilli	1
l)riid<	1
l)qauties	1
l)owe(l	1
l)osonis	1
l)on	1
l)oetling	1
l)lo\v	1
l)lighte(l	1
l)l('iit	1
l)irth	1
l)inl	1
l)il]()\vy	1
l)i	1
l)h)oiii	1
l)ells	1
l)eh)\v	1
l)eaniing	1
l)e\vildere(l	1
l)cains	1
l)('iii<»'iilv	1
l()rv	1
l'\tr	1
l''un	1
l''(ir	1
l"cct	1
kvon	1
kvi	1
kvcia	1
ksratk	1
kseenis	1
krilliant	1
kri.camaua	1
kolleil	1
knowledge	1
knocks	1
knew	1
knees	1
kneeling	1
kneel	1
kndvniion	1
kmo	1
klf	1
klate	1
kiuiixhtni	1
kiss	1
kirkness	1
kingly	1
kindly	1
kindling	1
kindled	1
kie	1
kicais	1
kevi<	1
ketaiiied	1
kest	1
kernel	1
keeping	1
keep	1
keener	1
keath	1
kaleidoscope	1
k	1
jxist	1
jx	1
jvg'iii	1
juno	1
juhikiiii	1
jubilee	1
joyous	1
joyful	1
joint	1
john	1
jod	1
jociind	1
jniver	1
jmiyer	1
jloud	1
jlod	1
jlinting	1
jliiuself	1
jl	1
jkint	1
jive	1
jiunu	1
jiraise	1
jinllrrtti/	1
jilush	1
jilds	1
jilayed	1
jiilgrini	1
jiassion	1
ji'nny	1
jh'nal	1
jesus	1
jernsalem	1
jehovah	1
jealous	1
jazing	1
january	1
jainl	1
jafiptt	1
jaeinth	1
j^refer	1
j^reathed	1
j^ord	1
j^nt	1
j>(ird	1
j1ic	1
j)ress	1
j)rayer.s	1
j)i	1
ixrs	1
ixmiiiiiily	1
ixanis	1
ix'u'iiarcd	1
ivy	1
ivoni	1
ivoin	1
ivoiii	1
ivin«>	1
iviendiv	1
iveveille	1
ivdiii	1
ivctiini	1
ivcii/v	1
ivay	1
ivaivd	1
iva	1
iustant	1
iuiiriuii	1
iu	1
ittcriiiii	1
itosks	1
itlicrs	1
itlal	1
itiiil	1
itaeekmi	1
issue	1
isles	1
isle	1
ish	1
isaiah	1
irt	1
irradiates	1
irpliyrou('ne	1
irow	1
irleani	1
iridescent	1
iridescence	1
irew	1
ireeu	1
ireadful	1
iravc	1
iranian	1
ipe	1
iountain	1
ior	1
ioldcii	1
ioi'tii	1
inx'oliition	1
inverted	1
inv	1
inurniurings	1
inunemorial	1
introverted	1
introspection	1
intestine	1
intertwine	1
intertwhie	1
interfuse	1
intercej^t	1
intent	1
intenser	1
insolent	1
insignia	1
inside	1
ins	1
inoth	1
inoriiiiiy	1
inoriiiiiii	1
inooidight	1
inninir	1
init'ni<l	1
inioht	1
ininiility	1
inini	1
inin	1
inimnient	1
iniiiiic	1
iniaginaiy	1
information	1
infatuation	1
infant	1
infancy	1
inerriiy	1
ineffable	1
inds	1
indolent	1
indicate	1
incendiary	1
inav	1
inane	1
ina	1
in<l	1
in'l	1
imt	1
imsluittered	1
imshone	1
imr	1
impudent	1
impenitent	1
impart	1
immutable	1
immortals	1
immerian	1
imiiieiuorial	1
imeval	1
iman	1
im.ka	1
im.ii	1
im	1
il»i»r	1
ilriftinu	1
illustrious	1
illusion	1
illumining	1
illumine	1
illumed	1
ills	1
illnsion	1
illik	1
ilion	1
ilij	1
iliii	1
ili	1
ilespcr	1
iled	1
ildw	1
ilclisht	1
ilat	1
il)l)l	1
il(»wers	1
ik.t	1
ik.f	1
ik'oirt	1
ik'held	1
ik'cs	1
ik'autit'ul	1
ijuides	1
ijrain	1
ijove	1
ijkcited	1
ijivcmae	1
ijirds	1
ijet	1
ij)i	1
ii|)s	1
iiy	1
iiwittiiil	1
iiutterahly	1
iiu	1
iitowini	1
iitful	1
iitc<l	1
iirown	1
iirowiiiii	1
iippcai	1
iiower	1
iiowcrs	1
iion	1
iioisele	1
iioiiu	1
iin|»art	1
iinpurj)le(l	1
iind	1
iilli	1
iill	1
iik	1
iijhiii	1
iij	1
iiiviuii	1
iiiviiilur	1
iiiv	1
iiitterini	1
iiitly	1
iiiti	1
iiithoni	1
iiit	1
iiiouiitain	1
iiiotlici	1
iiiji'lit	1
iiiiuiki	1
iiiiirniiir	1
iiiiii]»(»(eiit	1
iiiiii	1
iiii	1
iiiged	1
iiig'ht	1
iiig	1
iiiccusc	1
iiicaiidescent	1
iiiav	1
iiianl	1
iiiaiiit'old	1
iif	1
iieart	1
iie\	1
iie	1
iidei'iieatli	1
iicxcr	1
iicnr	1
iicitlicr	1
iiazel	1
iiarrel	1
iian'k	1
ii^rief	1
ii\iiio	1
ii<ilitnin<i	1
ii(»l(l	1
ii(»\v	1
ii'r	1
ii'o	1
ii'iiide	1
ii'i()\viii«i	1
ii'av	1
ihofiis	1
ignites	1
ied	1
ie	1
idyllic	1
idve	1
idorn	1
idols	1
idolatry	1
idolater	1
idol	1
idly	1
id	1
icy	1
icst	1
iconoclastic	1
icliiilitl'iil	1
icelm	1
ic	1
ia	1
i^rew	1
i^ove	1
i^neonseious	1
i^late	1
i^ir	1
i^et	1
i\ludinii	1
i\	1
i>n)\\>.ily	1
i<i.r	1
i5rtti	1
i.oids	1
i.^land	1
i*i	1
i)rilliant	1
i)oeni	1
i)i'ophet	1
i)arkne!5.s	1
i)a\vu	1
i(»\v	1
i(iy	1
i'urth	1
i'roni	1
i'roiii	1
i'ollow	1
i'okt	1
i'okm	1
i'lxiher	1
i'lr	1
i'londllrm	1
i'lik	1
i'lie	1
i'j	1
i'int	1
i'hyme	1
i'hcc	1
i'haykk	1
i'ell	1
i'efulgence	1
i'diish	1
i'ciliii	1
i'assion	1
i'aiiic	1
i'^uth	1
i'^roiii	1
i'^ir	1
i'^iitli	1
i'^iirv	1
i'^iamcs	1
i'^'om	1
i'.vncrios	1
i'.sik	1
i'"ar	1
i"ay	1
i!it	1
hythe	1
hynui	1
hybla	1
hyacinthine	1
hy	1
hvnieneal	1
hvaeinthine	1
hv	1
hut	1
husks	1
hushed	1
hurled	1
hunter	1
hunger	1
hung	1
hummings	1
hummingbird	1
hum	1
hten	1
hroozcs	1
hriuiauey	1
hrinji	1
hriiik	1
hriiig	1
hrcezc	1
hp^ckerwork	1
howlinii	1
howersi	1
hower	1
hovers	1
hovering	1
hover	1
houseless	1
household	1
house	1
hot	1
hosts	1
hosoiii	1
hosh	1
horse	1
horizon	1
hopeless	1
hoped	1
hooded	1
hont'st	1
honeyed	1
homeward	1
holiiiid	1
holding	1
hoi	1
hoary	1
hoa\'ever	1
hnrst	1
hnrning	1
hnl	1
hnhhhs	1
hnetuating	1
hmiiuid	1
hlossonis	1
hll	1
hizily	1
hiy	1
hiwiis	1
hitt(>i	1
hither	1
hit	1
hisk	1
hisanely	1
hirk	1
hirds	1
hird	1
hio	1
hinis	1
hindoo	1
hili	1
hike	1
hiili	1
hiiinan	1
hies	1
hieker	1
hiding	1
hides	1
hid	1
hics	1
hibernal	1
hi	1
hhxtm	1
hetter	1
hespp	1
hers	1
hero	1
heraldost	1
heraldic	1
herald	1
hence	1
hem	1
helmsmen	1
helktld	1
hel	1
heirs	1
heights	1
hei	1
heft	1
heetino	1
heeoiiics	1
heeds	1
hedges	1
hedge	1
heaveidy	1
hearth	1
heartbroken	1
hears	1
hearken	1
heard	1
heap	1
heanis	1
health	1
he8per	1
hcncefv»rth	1
hcmiity	1
hciit	1
hcainers	1
hazy	1
hazel	1
hawtliorn	1
haunt	1
hasti'h	1
hast	1
hashing	1
hase	1
harvest	1
harps	1
harp	1
harassing	1
happier	1
hangs	1
hame	1
halo	1
halm	1
hallovved	1
hall	1
haiuit	1
hairs	1
hain	1
hahyon	1
haggard	1
h^nougli	1
h'rail	1
h'or	1
h'oo|)iiio	1
h'eani	1
h'ckcd	1
h'camed	1
guise	1
guiltiness	1
guilt	1
guide	1
growth	1
grown	1
grow	1
grouping	1
grouped	1
gropes	1
grope	1
gronj	1
grisly	1
grim	1
grievous	1
grieve	1
greenly	1
gravitation	1
graves	1
grave	1
grateful	1
grasses	1
grass	1
graeeful	1
gradually	1
graceful	1
gossamer	1
gory	1
gone	1
goldenly	1
goldeidy	1
gods	1
go	1
gniss	1
gluldeii	1
glooui	1
glooni	1
glooms	1
gloomier	1
glinuner	1
glimpse	1
glimmering	1
glimmer	1
glen	1
gleams	1
gleamed	1
glassy	1
glare	1
glances	1
gladness	1
glade	1
glad	1
gjwolilors	1
giving	1
gives	1
giiawinti	1
gifts	1
gift	1
germ	1
genial	1
gems	1
gem	1
gazing	1
gazelle	1
gauzy	1
gathering	1
gathered	1
gather	1
gates	1
garnish	1
garner	1
garment	1
garb	1
ganl	1
ganges	1
gallant	1
galilee	1
gain	1
gai'huid	1
g	1
fvoiu	1
fuuill	1
futurity	1
future	1
further	1
fuiuitains	1
ft	1
frvci	1
fruits	1
fruitless	1
fruition	1
frown	1
frets	1
fresh	1
frenzy	1
frenzied	1
free	1
frankincense	1
frail	1
fragrant	1
fragment	1
fountainhead	1
forsook	1
forms	1
formless	1
formalist	1
forked	1
forgives	1
forgiveji	1
forgets	1
forget	1
foretelling	1
foremost	1
forces	1
footstool	1
followers	1
follow	1
foliage	1
folia	1
foldings	1
foil	1
foicver	1
fnnii	1
fnlv	1
fnint	1
fmtrranee	1
flv	1
flusli	1
flushinn	1
flrnianient	1
flowing	1
flowery	1
flowei	1
flow	1
flouci	1
flotillas	1
flotilla	1
floods	1
flocko.l	1
flock	1
floated	1
float	1
flirted	1
flickering	1
flesh	1
fleecy	1
fleece	1
flaunting	1
flaming	1
flag	1
fittingly	1
fitful	1
fireside	1
fires	1
fired	1
finds	1
final	1
fills	1
filifity	1
fiir	1
fii'e	1
fight	1
fierce	1
field	1
fi.owkr	1
fi	1
ffown	1
fflisteninp	1
fever	1
festive	1
fervency	1
fendulu3l	1
fellow	1
feit	1
feir	1
feed	1
feebly	1
feeblest	1
features	1
feathery	1
feathered	1
feather	1
fears	1
feared	1
fcari'nl	1
favourite	1
fathei'i	1
fatal	1
fassiox	1
fascination	1
fantasy	1
faney	1
fancies	1
famine	1
familiar	1
faltering	1
falsely	1
false	1
falls	1
fallen	1
faithless	1
fairv	1
faintest	1
fainter	1
faintci	1
failed	1
fail	1
faeed	1
faec	1
fading	1
fades	1
fabric	1
eyed	1
externals	1
exponents	1
explore	1
expire	1
expanded	1
existence	1
exhaling	1
excess	1
exalting	1
ex	1
evokes	1
eves	1
everyday	1
evermore	1
evangels	1
evaneseent	1
evaneseeiu'c	1
eulniination	1
eugau	1
euehlorine	1
ethereally	1
eternity	1
et	1
esteeming	1
essays	1
essay	1
esi)ie<l	1
erv	1
ers	1
erpetual	1
ermine	1
erished	1
erinisoii	1
eriiusoii	1
erewhile	1
eratlle	1
erabracest	1
epiphany	1
eovert	1
eoutrary	1
eorporation	1
eonstellations	1
eonnuand	1
eonfess	1
eome	1
eoiieli	1
enx	1
envious	1
entwined	1
entranced	1
enshi'ines	1
enraptured	1
enjoy	1
enitent	1
eni	1
enfold	1
enejiauied	1
enduest	1
endued	1
ending	1
enders	1
ended	1
endearinji	1
eminence	1
emerges	1
emei'ald	1
embraces	1
embrace	1
emblematic	1
embers	1
else	1
eloud	1
elnsterinir	1
elise	1
eliaik'c	1
eissus	1
einjjtied	1
eii	1
eidolon	1
ei"se	1
ehrvsoj)rase	1
ehildreii	1
eherubim	1
eherisli	1
eheery	1
eheek	1
eharjie	1
ehan(»	1
egyptian	1
effulgent	1
eepeth	1
eensers	1
eellar	1
eeho	1
eease	1
edgau	1
eddies	1
ed^	1
ed	1
ecstatic	1
eck	1
eauuht	1
east	1
ease	1
earthly	1
earthborn	1
earni\al	1
earnestness	1
earnest	1
earls	1
earlier	1
eanker	1
eanie	1
eajrer	1
eainy	1
eaiiic	1
eagles	1
eagerness	1
ea	1
e.^say	1
dynasty	1
dyes	1
dwkam	1
dwindles	1
dwindled	1
dwelling	1
dwelled	1
duv	1
dusty	1
dust	1
dusky	1
dusk	1
duplicated	1
dulcamara	1
duirch	1
dtatli	1
drummer	1
drowns	1
drone	1
driver	1
drift	1
dreary	1
drear	1
dreaniiug	1
dreaniinu	1
dreandess	1
dreamer	1
dreamed	1
drain	1
downcast	1
doubt	1
double	1
dost	1
dormant	1
doomed	1
doom	1
donned	1
domain	1
doing	1
dogwood	1
dog	1
doetli	1
doers	1
dnsk	1
dltkam	1
divinest	1
diviner	1
dividing	1
dive	1
distrust	1
distress	1
distended	1
dissolve	1
disparted	1
dispart	1
dismal	1
dishonour	1
dishnciian'i'mknt	1
disguise	1
disgrace	1
disenchantment	1
disdainful	1
discrowned	1
discerned	1
discern	1
disastt'i	1
disaster	1
disa])pear	1
direful	1
dire	1
dinolc	1
dimpled	1
dimly	1
dim])les	1
dim	1
diluvian	1
diffuses	1
diana	1
dian	1
dialiccs	1
diadems	1
di'owsier	1
di'iiiikcn	1
di	1
dfcaiu	1
devotees	1
devils	1
dethroned	1
des})ised	1
destined	1
desjxiir	1
desert	1
deplore	1
demure	1
deluded	1
deliver	1
delivei'ed	1
dej)art	1
deigned	1
define	1
deeply	1
deepest	1
deepens	1
deeds	1
deed	1
decrease	1
dearth	1
deadly	1
dcltly	1
dccni	1
dazzling	1
days	1
daxdkmoxs	1
dart	1
darkest	1
darker	1
danger	1
dandelion	1
dancing	1
damnation	1
daisies	1
dainty	1
c~\w\	1
cw'olina	1
cvphissiis	1
cvoss	1
curse	1
current	1
cs	1
crystal	1
crowns	1
crowd	1
crosses	1
croeus	1
creature	1
creative	1
creates	1
crcakino	1
cravens	1
crags	1
crag	1
cradled	1
cradle	1
cr	1
coyly	1
cower	1
covers	1
covered	1
covenant	1
courts	1
court	1
courage	1
corydon	1
corridors	1
coronet	1
coronation	1
corner	1
cori'odes	1
coquetted	1
convulsed	1
contrite	1
content	1
contemplations	1
constrain	1
constellation	1
constellated	1
consort	1
consolation	1
conseions	1
consecrated	1
confusion	1
conflagration	1
confederate	1
concealing	1
communion	1
common-sense	1
commends	1
comil	1
comforting	1
cometh	1
colours	1
colour	1
colossal	1
coliinni	1
cold	1
coinc	1
coidd	1
coextensive	1
cnrtains	1
cnlianccs	1
cncliaiitcd	1
clutehino	1
cluster	1
clung	1
clover	1
cloudless	1
cloth	1
closiuir	1
cloistered	1
cloiid	1
clod	1
cloak	1
clinsf	1
clinp	1
clime	1
cliirrups	1
cliiiii	1
cliamjiioii	1
cleiir	1
cleft	1
cldiid	1
clay	1
clasp	1
clambers	1
clad	1
cjod	1
ciuwassy	1
city	1
cinder	1
ciminimc	1
cii'cles	1
ci'iiscrs	1
ci'iicl	1
church	1
chrysalid	1
choristers	1
chords	1
chord	1
choral	1
chininev	1
chin	1
chimaera	1
chilled	1
chill	1
childlike	1
child	1
chiiiiis	1
cherubim	1
cherisli	1
cherished	1
cherish	1
cheery	1
cheeping	1
checker	1
chatterton	1
chastening	1
chasm	1
chases	1
charms	1
charmed	1
charity	1
changing	1
chalice	1
cenotaph	1
cells	1
cdonds	1
ccct	1
caverns	1
cause	1
caught	1
caucasian	1
cathay	1
catch	1
castles	1
cartli	1
carousals	1
carou	1
caresses	1
caressed	1
caress	1
cares	1
careanets	1
captivity	1
captive	1
capricious	1
canterbury	1
canst	1
canoht	1
camlile	1
calm	1
calls	1
calling	1
called	1
caim.yi.k	1
caiiiiot	1
caiiic	1
cai'tli	1
cai'liit	1
c\cr	1
c'koss	1
buzzing	1
buttp	1
butteriiv	1
butterflies	1
buttereups	1
bursting	1
burnished	1
burned	1
bum	1
build	1
budding	1
budded	1
bubbles	1
brushed	1
brother	1
brooks	1
brooklet	1
broadens	1
brio	1
brilliancy	1
brij^ht	1
brightest	1
bridal	1
breeze	1
breast	1
breaking	1
breakers	1
brazen	1
branehes	1
brand	1
brahiiui	1
boy	1
bowl	1
bower	1
bov	1
bourgeoning	1
bounties	1
bounding	1
bought	1
bore	1
borders	1
bonnty	1
boldly	1
bogs	1
bo	1
bnbbles	1
blushini	1
blushing	1
blushes	1
blush	1
blown	1
blowing	1
blooming	1
bloody	1
blocks	1
blither	1
blithe	1
blighted	1
blight	1
blessing	1
blent	1
blendino	1
blended	1
blend	1
blaze	1
blame	1
blaekness	1
bitterness	1
bitter	1
birth	1
binds	1
binding	1
bind	1
billows	1
bilhnv	1
bids	1
bidding	1
bid	1
beyond	1
bewildered	1
beware	1
bew	1
between	1
betuitiful	1
betoken	1
best	1
beseems	1
bereft	1
beo	1
benumb	1
benison	1
benignly	1
benign	1
benediction	1
bendinu	1
bending	1
bend	1
beloved	1
belong	1
belli^■nallt	1
believer	1
believe	1
beholding	1
beholder	1
beholden	1
behind	1
behaviour	1
beguiling	1
beginning	1
beggar	1
beetle	1
bee	1
beds	1
beautifies	1
beauteous	1
beatific	1
beaming	1
beamest	1
beamed	1
beads	1
beacon	1
beach	1
bccuity	1
battle	1
bated	1
bare	1
banished	1
banish	1
banian	1
balmy	1
balmier	1
ball	1
bale	1
bahiiier	1
baffled	1
badge	1
bade	1
b(>tore	1
b()w	1
b	1
a«ilow	1
aye	1
awoke	1
awjela	1
awhile	1
awful	1
awarded	1
award	1
awaking	1
await	1
awaa%	1
avrought	1
avorld	1
avore	1
avordswokth	1
avinter	1
avholly	1
avept	1
aven	1
avear	1
avcl	1
autumnal	1
autuinnal	1
auspicious	1
auroras	1
aud	1
auain	1
au^lit	1
attuned	1
attire	1
attestation	1
attended	1
attendant	1
atone	1
atmosphere	1
athway	1
ath	1
ater	1
astride	1
astra	1
astaliaii	1
ast	1
association	1
assiurd	1
assail	1
aspire	1
asphodel	1
aspera	1
ask^ep	1
aside	1
ashore	1
ash	1
asahel	1
artless	1
arrow	1
aroused	1
arnet	1
arl)l	1
ark	1
aright	1
ardent	1
archangels	1
arch	1
arachne	1
apure	1
aptive	1
april	1
appearing	1
appearance	1
apparition	1
apostle	1
apiiii	1
aphorism	1
antl	1
answered	1
answer	1
anon	1
anil	1
aniiels	1
angry	1
angela	1
angel	1
anfiel	1
anemone	1
anchor	1
anacreontic	1
anaciikontk	1
an<l	1
an(ii	1
amid	1
amaryllis	1
amaranth	1
always	1
alternate	1
alter	1
aloe	1
alo	1
alms	1
almoners	1
alluring	1
allan	1
alive	1
alionc	1
alike	1
aliir	1
aliiioiici	1
ali	1
alaee	1
al)yss	1
al)ont	1
al	1
aks	1
ajipeur	1
aj)ocaiypse	1
aiul	1
aiudk	1
airy	1
ainonjj	1
aini?()\v	1
aine	1
aiidintcd	1
aii'ain	1
aii'aiii	1
aidenn	1
ai^ain	1
ai.i.an	1
ai)ostate	1
ai'ound	1
ai'oiiihi	1
ai'o.se	1
ai'f	1
ai'c	1
ai"rku'rii()r	1
ahoxc	1
agony	1
ages	1
age	1
against	1
afternoon	1
after	1
afresh	1
aflusli	1
afloat	1
affright	1
afai	1
aehiiiji	1
advent	1
adulation	1
adowij	1
adow	1
add	1
ad	1
ache	1
accents	1
abysses	1
abstraction	1
abodes	1
abnegating	1
abloom	1
abiding	1
abashed	1
a^iolet	1
a^av	1
a<i	1
a(hnires	1
a'ri<)n	1
^•aee	1
^uoth	1
^ueen	1
^nlerope	1
^ky	1
^i(»tii	1
^hoiie	1
^abbath	1
^^•herein	1
^\'('	1
^'	1
])(	1
])!	1
\yith	1
\voos	1
\kt\\vau	1
\i\v\\i	1
\crii	1
\^.\\.	1
\\\\	1
\\\'arv	1
\\'ithin	1
\\'ith	1
\\'hciice	1
\\'eary	1
\\'aiting	1
\>\	1
\;	1
\'spair	1
>si	1
<rrass	1
<l('|)l()r	1
<iliostly	1
<ilass	1
<iiielle(l	1
<ienti\	1
<ian(il	1
<>k'ain	1
<(»i	1
<'ki	1
4'>	1
3r	1
24tli	1
1|)|	1
16tli	1
1!>	1
1	1
0<lc	1
/e])li\rs	1
/^	1
/\	1
/'"^ome	1
.\	1
..	1
.)	1
.')!>	1
.''	1
.'"	1
--	1
*■	1
)),	1
)("	1
)(	1
)'	1
)!?,	1
)!'	1
([	1
(.	1
(){■	1
()'(•!•	1
((	1
(';	1
('.,	1
('(	1
(!	1
'{	1
'^''^^	1
'\(>	1
':	1
'.'	1
'&&•	1
'"	1
'!	1
%ht	1
";	1
":	1
".'	1
""	1
!>;	1
!:	1
!,	1
!'"	1
!'	1
!"'	1
