,	2005
the	1224
.	1220
and	1035
;	466
a	465
of	449
to	429
"	381
in	349
i	331
with	261
that	248
!	228
—	212
he	197
she	171
his	163
her	159
is	133
as	133
for	132
they	126
so	120
it	118
all	118
you	117
by	117
?	113
'	113
but	104
was	102
on	102
me	101
at	101
one	95
had	92
when	87
|'s|	84
if	82
be	80
my	79
then	75
were	73
or	72
have	72
are	72
not	71
what	69
from	69
like	66
will	59
no	59
this	58
we	57
there	56
half	56
:	56
their	55
''	53
still	50
said	48
day	48
would	45
upon	45
an	45
time	43
old	43
more	43
its	43
could	43
thought	42
now	42
some	41
see	41
love	41
long	41
far	41
where	40
yet	39
life	39
know	39
last	38
than	37
may	37
little	37
here	37
away	37
made	36
heart	36
good	36
each	36
your	35
words	35
eyes	35
only	34
god	34
face	34
days	34
sky	33
out	33
him	33
world	32
while	32
too	32
through	32
can	32
again	32
them	31
say	31
how	31
^	30
up	29
s	29
who	28
well	28
sun	28
light	28
heaven	28
|arabic1digit|	27
such	27
seemed	27
might	27
many	27
just	27
has	27
near	26
why	25
white	25
think	25
left	25
fair	25
come	25
care	25
shall	24
set	24
sat	24
heard	24
hand	24
first	24
air	24
^^	24
flowers	23
came	23
before	23
within	22
sunshine	22
past	22
night	22
dead	22
years	21
should	21
never	21
give	21
did	21
above	21
(	21
tell	20
over	20
men	20
bright	20
am	20
ah	20
."	20
'^	20
work	19
those	19
own	19
new	19
make	19
let	19
grass	19
grace	19
earth	19
door	19
very	18
show	18
saw	18
hair	18
green	18
grave	18
down	18
because	18
beauty	18
back	18
alone	18
|romannumeral|	17
way	17
times	17
strange	17
sometimes	17
poor	17
other	17
must	17
land	17
happy	17
grey	17
grand	17
find	17
every	17
beside	17
across	17
^'	17
year	16
two	16
these	16
speak	16
sought	16
shadows	16
roger	16
leaves	16
gold	16
gay	16
coming	16
bachbara	16
wind	15
told	15
swift	15
slow	15
side	15
our	15
m	15
look	15
hour	15
free	15
flower	15
do	15
brought	15
bring	15
ancient	15
wish	14
wise	14
voice	14
us	14
truth	14
till	14
though	14
song	14
smile	14
need	14
makes	14
low	14
lost	14
lives	14
lay	14
high	14
grow	14
go	14
done	14
distant	14
content	14
blue	14
any	14
|arabic3digit|	13
wide	13
touched	13
tears	13
t	13
summer	13
space	13
quiet	13
people	13
morning	13
man	13
knew	13
hear	13
hands	13
gave	13
found	13
folk	13
death	13
cannot	13
brow	13
better	13
whose	12
which	12
went	12
wed	12
tiny	12
sudden	12
seem	12
passing	12
passed	12
live	12
lines	12
line	12
leave	12
joy	12
hope	12
head	12
fire	12
fields	12
elves	12
dreams	12
cap	12
boy	12
ago	12
about	12
|arabic2digit|	11
wall	11
tried	11
trees	11
today	11
sunset	11
spring	11
speech	11
smiled	11
scarce	11
prayer	11
power	11
place	11
pain	11
keep	11
into	11
hard	11
golden	11
glad	11
filled	11
feet	11
dream	11
cheer	11
busy	11
brown	11
birds	11
best	11
behind	11
art	11
around	11
•	10
word	10
war	10
turned	10
tossed	10
tomorrow	10
stay	10
soon	10
silence	10
sad	10
red	10
read	10
rare	10
once	10
off	10
nt	10
most	10
loved	10
looked	10
king	10
hours	10
higher	10
great	10
even	10
enough	10
call	10
bound	10
beyond	10
beneath	10
bees	10
answered	10
after	10
youth	9
worth	9
wild	9
ways	9
stir	9
snow	9
since	9
sight	9
save	9
rose	9
re	9
quick	9
pray	9
play	9
picture	9
nutcracker	9
nought	9
nature	9
loud	9
known	9
joe	9
hints	9
hill	9
future	9
fear	9
fast	9
faith	9
fairy	9
dolls	9
does	9
die	9
dark	9
colour	9
cold	9
clock	9
cheek	9
book	9
been	9
axe	9
amid	9
.''	9
)	9
yellow	8
wood	8
tree	8
took	8
three	8
take	8
sweet	8
story	8
stood	8
stand	8
shone	8
river	8
right	8
rhyme	8
reach	8
race	8
prime	8
perhaps	8
paused	8
pass	8
oer	8
next	8
name	8
merry	8
memory	8
lips	8
lie	8
herself	8
guise	8
gives	8
friends	8
floor	8
fell	8
ere	8
eoger	8
clouds	8
close	8
children	8
change	8
chance	8
bridge	8
breeze	8
both	8
begun	8
asked	8
anew	8
afternoon	8
woods	7
wonder	7
won	7
winter	7
wedding	7
want	7
wait	7
vain	7
vague	7
tis	7
thinking	7
things	7
talk	7
sunny	7
street	7
stirred	7
sorrow	7
something	7
sit	7
sing	7
seems	7
sang	7
round	7
room	7
road	7
rest	7
rain	7
queen	7
open	7
often	7
o	7
nigh	7
news	7
music	7
much	7
moon	7
mind	7
meant	7
mean	7
mass	7
less	7
kept	7
heights	7
haste	7
grew	7
grasses	7
glow	7
gate	7
full	7
fit	7
field	7
faces	7
everywhere	7
elf	7
earnest	7
dress	7
died	7
dared	7
crowded	7
crowd	7
crimson	7
count	7
careless	7
brook	7
broad	7
bird	7
bent	7
below	7
.'	7
young	6
yon	6
without	6
win	6
whole	6
wear	6
wandered	6
vou	6
town	6
toil	6
strife	6
spread	6
songs	6
somewhat	6
small	6
single	6
sigh	6
shade	6
sea	6
scattered	6
satisfy	6
quaint	6
put	6
purple	6
pride	6
pretty	6
plain	6
places	6
others	6
nothing	6
noon	6
none	6
noise	6
nay	6
months	6
moment	6
mine	6
lose	6
lived	6
liberty	6
lady	6
laden	6
lad	6
june	6
jean	6
house	6
hidden	6
help	6
held	6
hardly	6
ground	6
gone	6
glance	6
get	6
garden	6
friend	6
fancy	6
ever	6
ended	6
end	6
else	6
echoes	6
ease	6
ear	6
curls	6
cried	6
counted	6
common	6
comes	6
cloud	6
built	6
brilliant	6
bloom	6
blent	6
bit	6
awhile	6
apart	6
answer	6
along	6
}	5
y	5
worn	5
wondrous	5
winds	5
wife	5
weeds	5
wave	5
watched	5
walk	5
ve	5
used	5
use	5
unknown	5
underneath	5
twixt	5
twice	5
tune	5
try	5
true	5
touch	5
tonight	5
teach	5
tale	5
sunbeams	5
strong	5
strength	5
storm	5
store	5
state	5
stars	5
spare	5
sound	5
soldier	5
sleep	5
simple	5
sign	5
showed	5
shout	5
shine	5
shaded	5
says	5
rough	5
rivers	5
reply	5
raised	5
quickly	5
present	5
please	5
peace	5
pay	5
pause	5
pair	5
painter	5
odd	5
notes	5
nor	5
nooks	5
morn	5
mixed	5
mirth	5
loves	5
looks	5
learned	5
laughed	5
laugh	5
late	5
laid	5
lack	5
j	5
ill	5
idly	5
idle	5
hue	5
houses	5
holiday	5
ho	5
hint	5
hid	5
guess	5
grown	5
gods	5
given	5
gets	5
gathered	5
form	5
forget	5
forever	5
followed	5
flush	5
fine	5
finding	5
fill	5
fight	5
few	5
felt	5
fears	5
fashion	5
fame	5
fall	5
faint	5
eye	5
eternity	5
earned	5
eager	5
dust	5
dropped	5
dressed	5
dread	5
dim	5
deep	5
dear	5
d	5
cry	5
country	5
cost	5
comfort	5
clear	5
city	5
chair	5
caps	5
burned	5
brother	5
british	5
breath	5
boughs	5
blessed	5
birth	5
bells	5
began	5
beautiful	5
ask	5
aside	5
anxious	5
another	5
agree	5
((	5
!"	5
■	4
zeal	4
yes	4
wreathed	4
wreath	4
wont	4
wondered	4
withered	4
window	4
wheels	4
whatever	4
weary	4
warm	4
walls	4
wakes	4
von	4
vanished	4
vainly	4
under	4
twilight	4
trust	4
tide	4
thus	4
thoughts	4
thank	4
taught	4
surprise	4
subtle	4
struck	4
strove	4
stream	4
stray	4
stranger	4
stern	4
steps	4
steady	4
startled	4
standing	4
springs	4
spray	4
sprang	4
south	4
soul	4
smiles	4
slowly	4
slie	4
sitting	4
sir	4
singing	4
shut	4
shed	4
share	4
sent	4
self	4
scarlet	4
saying	4
rock	4
robins	4
ridge	4
ran	4
r	4
quite	4
question	4
proud	4
praise	4
ponder	4
poets	4
poet	4
pity	4
perchance	4
pastor	4
papa	4
paled	4
pale	4
outgrown	4
orchard	4
office	4
noisy	4
nest	4
names	4
motion	4
mother	4
mood	4
money	4
mocking	4
mimic	4
mid	4
meet	4
meadow	4
maud	4
lovers	4
loss	4
locks	4
living	4
liis	4
lier	4
level	4
led	4
ladies	4
labour	4
knows	4
knitting	4
keen	4
joys	4
jem	4
instead	4
hush	4
host	4
hastily	4
hark	4
happier	4
guide	4
grows	4
goodbye	4
gloom	4
gleams	4
glanced	4
forth	4
folks	4
five	4
finds	4
fierce	4
fearful	4
everything	4
ends	4
em	4
eight	4
e	4
dull	4
due	4
dreary	4
doubt	4
deeds	4
deed	4
dawn	4
dame	4
crossed	4
courage	4
constant	4
clover	4
childish	4
child	4
charms	4
charmed	4
charity	4
cent	4
caught	4
castles	4
carl	4
cares	4
careful	4
calm	4
buy	4
brows	4
breezes	4
born	4
books	4
blossoms	4
blossomed	4
blossom	4
blooms	4
blood	4
band	4
ay	4
autumn	4
assent	4
asleep	4
among	4
almost	4
afraid	4
])	4
?"	4
.)	4
-	4
♦	3
yearns	3
ye	3
wrong	3
wrath	3
woven	3
worse	3
working	3
wonderment	3
woman	3
wit	3
whispered	3
whiles	3
whether	3
weird	3
weed	3
waves	3
water	3
watching	3
watch	3
wants	3
wandering	3
waited	3
voices	3
vision	3
vines	3
vest	3
verse	3
vagrant	3
upland	3
unheeded	3
understand	3
twas	3
tumult	3
truths	3
trow	3
treasures	3
trace	3
toys	3
toward	3
torn	3
together	3
tints	3
tinted	3
ties	3
thing	3
thin	3
thick	3
themselves	3
tennyson	3
tender	3
ten	3
tear	3
tasselled	3
talked	3
tales	3
taking	3
taken	3
sure	3
sunsets	3
suns	3
sunlight	3
sturdy	3
stronger	3
stretched	3
streets	3
storms	3
stock	3
stitches	3
stayed	3
started	3
star	3
stalk	3
stained	3
spot	3
sport	3
spoke	3
sphere	3
sorry	3
soft	3
sod	3
snowy	3
smiling	3
skill	3
sits	3
simplicity	3
sighed	3
sickly	3
shown	3
shot	3
short	3
shook	3
shadow	3
separate	3
sense	3
seized	3
seeks	3
seeking	3
seek	3
secrets	3
seas	3
scene	3
scarcely	3
saucy	3
same	3
rout	3
roses	3
rolled	3
roads	3
rifle	3
rich	3
reuben	3
regret	3
ready	3
ranks	3
ranged	3
range	3
ragged	3
queer	3
psalm	3
pressed	3
populous	3
pointing	3
poems	3
pleasant	3
pitied	3
pictures	3
peep	3
pedler	3
pausing	3
patience	3
paths	3
paradise	3
papers	3
painting	3
overhead	3
ours	3
ones	3
old-fashioned	3
oft	3
noted	3
nook	3
noblest	3
nnd	3
newsboy	3
neither	3
needles	3
narrow	3
musing	3
murmur	3
mth	3
mountain	3
mould	3
morrow	3
moons	3
moonlight	3
mocked	3
mate	3
married	3
marked	3
manifold	3
lower	3
loving	3
loops	3
listener	3
listen	3
lingered	3
linen	3
lilacs	3
lightly	3
lest	3
least	3
learn	3
leaf	3
lead	3
laughing	3
later	3
landscape	3
kindly	3
kind	3
jovial	3
interest	3
indeed	3
immortelles	3
human	3
hum	3
hues	3
horses	3
horse	3
hopes	3
honour	3
home	3
himself	3
hills	3
hide	3
hi	3
hearts	3
hearted	3
hastened	3
harry	3
happiness	3
hall	3
guest	3
grouped	3
grieve	3
grief	3
graves	3
grander	3
gracious	3
glee	3
gifts	3
gift	3
gathering	3
gained	3
gain	3
frosty	3
friendly	3
fret	3
frame	3
four	3
fortunes	3
forgot	3
force	3
fly	3
flies	3
flash	3
flames	3
finished	3
fingers	3
fifty	3
fays	3
father	3
fanned	3
fairies	3
fain	3
failed	3
f	3
eve	3
erect	3
equal	3
elfin	3
easy	3
eastern	3
eagerness	3
dyes	3
duty	3
duties	3
dusky	3
dumb	3
drew	3
dreamy	3
dreamed	3
don't	3
doll	3
doavn	3
disguise	3
discontent	3
dignity	3
dewy	3
dew	3
desperate	3
deeper	3
decked	3
dandelions	3
daisies	3
dainty	3
crowned	3
cries	3
creep	3
crag	3
corn	3
coat	3
clustered	3
clovers	3
closed	3
climb	3
claim	3
clad	3
christ	3
cheery	3
changed	3
ceased	3
cause	3
cast	3
case	3
called	3
byes	3
bv	3
broke	3
brings	3
brightness	3
bridegroom	3
brain	3
bold	3
blows	3
blow	3
bloomy	3
blank	3
bitter	3
birdie	3
begin	3
bee	3
beat	3
bare	3
bank	3
ball	3
avhile	3
ave	3
atmosphere	3
aspect	3
arm	3
april	3
apple	3
ali	3
aid	3
ages	3
against	3
aavay	3
\	3
),	3
"*	3
}}	2
})	2
youths	2
youngest	2
yonder	2
yield	2
yesterday	2
yankees	2
wrought	2
written	2
write	2
wrinkles	2
wrapped	2
wove	2
wound	2
woukl	2
worm	2
worlds	2
worked	2
wore	2
wooed	2
withhi	2
wished	2
winters	2
winding	2
willow	2
wilful	2
wile	2
wicked	2
whoo	2
whom	2
whispers	2
whisper	2
whenever	2
wheel	2
wept	2
week	2
weddings	2
weave	2
wears	2
wearied	2
weapon	2
wealthy	2
wealth	2
wavered	2
waved	2
watchful	2
warmth	2
wanted	2
waiting	2
w	2
volume	2
vivid	2
visions	2
virtue	2
views	2
vexed	2
veterans	2
veteran	2
veiled	2
vaporous	2
vanish	2
uttered	2
using	2
upturned	2
upright	2
upper	2
until	2
unseen	2
unless	2
unfold	2
undertone	2
unconsciously	2
unbidden	2
unaware	2
turns	2
turning	2
turn	2
trusty	2
tread	2
travelled	2
towers	2
tor	2
tones	2
tone	2
tliat	2
tired	2
tint	2
timid	2
timers	2
tield	2
tied	2
tie	2
tick	2
thy	2
throughout	2
throng	2
throne	2
thrilled	2
threes	2
threatening	2
thread	2
thou	2
thimble	2
therefore	2
themes	2
terror	2
tenderness	2
tempt	2
telling	2
tea	2
tasks	2
tangled	2
tall	2
takes	2
tablets	2
table	2
sympathy	2
swung	2
sweeter	2
susie	2
surgeons	2
surely	2
supper	2
sunday	2
summers	2
suit	2
sued	2
suddenly	2
success	2
study	2
striving	2
strives	2
strive	2
stripes	2
striking	2
stricken	2
streams	2
strangers	2
strains	2
stories	2
stored	2
stopping	2
stopped	2
stones	2
stirs	2
stirring	2
steel	2
steals	2
steal	2
starting	2
staid	2
squares	2
square	2
spire	2
spent	2
speaks	2
sounds	2
soufs	2
somewhere	2
somehow	2
solitude	2
solid	2
softly	2
softest	2
soberly	2
sober	2
smoothed	2
smi	2
slope	2
slight	2
sleeping	2
slave	2
skv	2
skilled	2
skies	2
six	2
sisters	2
sinking	2
singer	2
silver	2
silent	2
signs	2
sick	2
shroud	2
shrill	2
showers	2
shouts	2
shots	2
shock	2
shiver	2
shirt	2
shelves	2
sheltered	2
shelf	2
sheets	2
sheen	2
shame	2
shallows	2
shadowed	2
shades	2
serene	2
september	2
seldom	2
seize	2
seen	2
sear	2
scythe	2
screened	2
scotch	2
scold	2
scissors	2
scent	2
scatter	2
scared	2
scar	2
sav	2
sale	2
sa	2
rustling	2
rustic	2
russet	2
rushing	2
run	2
ruffled	2
row	2
roused	2
rosy	2
roofed	2
roof	2
rising	2
rise	2
rippling	2
rings	2
ring	2
ride	2
riches	2
rhymes	2
reward	2
resolve	2
replies	2
rent	2
remember	2
refrain	2
reel	2
redcoats	2
reason	2
real	2
reader	2
reached	2
rank	2
raise	2
quickened	2
puzzled	2
putting	2
puts	2
pursuit	2
purpose	2
pulled	2
pull	2
prudent	2
proved	2
prostrate	2
prophets	2
property	2
prone	2
problem	2
printed	2
presents	2
prayers	2
prayed	2
practical	2
powers	2
possessed	2
pooh	2
pondered	2
polished	2
poised	2
poem	2
pockets	2
plumed	2
plucked	2
pleasure	2
plead	2
placed	2
pillow	2
piled	2
pies	2
phrase	2
persistence	2
perfume	2
perfection	2
perfect	2
pencil	2
patient	2
path	2
passive	2
parlour	2
pallid	2
paint	2
painful	2
paced	2
overmuch	2
overcome	2
outward	2
ought	2
order	2
opposite	2
onward	2
ont	2
oidy	2
odours	2
nurse	2
november	2
north	2
noble	2
nine	2
neighbouring	2
neighbour	2
needs	2
needle	2
neck	2
neath	2
nan	2
nameless	2
n	2
mysterious	2
myself	2
mv	2
mutely	2
mute	2
murmured	2
moving	2
mortal	2
morrows	2
moral	2
moments	2
misty	2
mirrors	2
mien	2
met	2
merriment	2
mercy	2
meek	2
meed	2
mechanic	2
measured	2
measure	2
meaning	2
maybe	2
matron	2
match	2
master	2
mary	2
marriage	2
mark	2
march	2
mantles	2
making	2
maid	2
magic	2
madame	2
lying	2
luxury	2
lurking	2
lull	2
luck	2
looking	2
longing	2
longer	2
longed	2
lonely	2
lo	2
livid	2
livelong	2
lists	2
link	2
linger	2
liked	2
lifted	2
lifetime	2
lifers	2
letter	2
lesson	2
lent	2
legs	2
leapt	2
lazy	2
lav	2
laughter	2
laughs	2
laces	2
laboured	2
knights	2
kissed	2
kiss	2
kindness	2
kin	2
killed	2
kill	2
key	2
k	2
judge	2
joyful	2
journeying	2
joke	2
joined	2
jim	2
jet	2
jest	2
janet	2
jacket	2
inwrought	2
ingelow	2
infinite	2
indian	2
increase	2
impetuously	2
impatiently	2
impatient	2
hushed	2
hurt	2
hurrying	2
hung	2
humour	2
hot	2
hosts	2
hostess	2
hospitality	2
hornets	2
hornet	2
hoping	2
honoured	2
honest	2
homeward	2
homesick	2
homely	2
holly	2
holds	2
hold	2
hoarded	2
hiding	2
hey	2
heroes	2
hero	2
hell	2
height	2
heed	2
heavy	2
heavens	2
headstrong	2
having	2
hath	2
hat	2
hasty	2
hastening	2
harness	2
harder	2
hanging	2
gun	2
guile	2
guests	2
grim	2
graver	2
graces	2
got	2
gossip	2
goodwill	2
going	2
glory	2
glorious	2
gleamed	2
glare	2
gladness	2
girls	2
giant	2
getting	2
gazed	2
gather	2
garnished	2
garments	2
games	2
gaily	2
g	2
ft	2
fro	2
fringe	2
fright	2
friendship	2
fresh	2
fought	2
former	2
formed	2
forgetting	2
forgetful	2
food	2
following	2
folded	2
flow	2
floods	2
flock	2
floated	2
flight	2
flee	2
fled	2
flag	2
fired	2
finger	2
finer	2
figures	2
feel	2
favour	2
fate	2
farmer	2
fancies	2
faltered	2
falls	2
falling	2
fallen	2
faiths	2
fairer	2
faintly	2
fail	2
fading	2
faded	2
fade	2
evidence	2
evergreens	2
evening	2
estates	2
erom	2
episode	2
entered	2
enchanted	2
elvish	2
either	2
echoing	2
ears	2
dying	2
drink	2
dreaming	2
draught	2
dozed	2
dowers	2
dower	2
doubting	2
doubtful	2
doors	2
don	2
discords	2
despair	2
desk	2
desert	2
delicate	2
deemed	2
deem	2
dearth	2
deal	2
deadly	2
dazzled	2
dav	2
darkened	2
dancers	2
dance	2
cutting	2
curtains	2
curse	2
curious	2
cups	2
crying	2
crow	2
crest	2
crash	2
crack	2
covers	2
courtesy	2
counsel	2
costly	2
corners	2
corner	2
control	2
continued	2
conjecture	2
concerning	2
complaisantly	2
company	2
companion	2
commence	2
comforts	2
combat	2
colours	2
coaxed	2
closer	2
clew	2
cleared	2
circled	2
circle	2
church	2
christmas	2
chosen	2
childhoods	2
cheerful	2
cheeks	2
chamber	2
chalk	2
cease	2
cattle	2
cash	2
carelessly	2
canvas	2
cannon	2
candles	2
calls	2
calling	2
calico	2
busily	2
bush	2
brush	2
brothers	2
briton	2
brightened	2
bride	2
breaths	2
breast	2
break	2
breadths	2
bravely	2
branded	2
boyish	2
box	2
bov	2
bought	2
bore	2
borders	2
bordered	2
blush	2
blossomy	2
bliss	2
blew	2
bless	2
blanks	2
blade	2
black	2
bits	2
bill	2
betwixt	2
between	2
beset	2
believe	2
being	2
beds	2
bedecked	2
bed	2
becomes	2
beams	2
battles	2
barred	2
bar	2
ballad	2
backward	2
avise	2
autumns	2
authority	2
aunt	2
auguries	2
artistes	2
array	2
arms	2
armed	2
arbutus	2
apples	2
appears	2
anywhere	2
antic	2
angry	2
angels	2
angel	2
amen	2
altered	2
aloud	2
alike	2
aim	2
aged	2
age	2
afar	2
advance	2
act	2
aching	2
^''	2
*'	2
*	2
).	2
))	2
'^^	2
''^	2
"'	2
""	2
!!	2
♦o*	1
■•	1
■imiiirn^u	1
■^^\.	1
■'•^	1
■'neath	1
■'em	1
■'^	1
«	1
£	1
|uick	1
|arabic4digit|	1
zos	1
yy	1
yrv	1
youtliful	1
yours	1
younger	1
yost	1
yorj	1
yore	1
yolk	1
yizier	1
yiolets	1
yields	1
yi	1
yearn	1
yarnless	1
yard	1
y(m	1
wtary	1
wrote	1
wronged	1
writer	1
wristbands	1
wrist	1
wrinkled	1
wren	1
wreaths	1
wreathing	1
wraiths	1
wow	1
wounded	1
wot	1
worthy	1
worst	1
workers	1
wordy	1
woodshed	1
woodlands	1
woodland	1
wooden	1
wooded	1
woodbine	1
wonr	1
wonhl	1
wonders	1
wonderland	1
wondering	1
wold	1
woe	1
wnnt	1
wmds	1
wliirl	1
wits	1
witnesses	1
witnessed	1
withheld	1
withering	1
wistful	1
wishing	1
wishful	1
wishes	1
wisdoms	1
wisdom	1
wins	1
wings	1
winged	1
wine	1
windows	1
windings	1
wills	1
willingly	1
william	1
willed	1
wikl	1
wiiirl	1
wiihiw	1
wigs	1
wield	1
widowed	1
whv	1
whoever	1
whittier	1
whiteweed	1
whiteness	1
whitened	1
whiteaveed	1
whistling	1
whistled	1
whirls	1
whirl	1
whir	1
whiling	1
wheres	1
wet	1
west	1
well-known	1
welcomes	1
welch	1
weirdly	1
weighty	1
weighted	1
weighed	1
weeps	1
weep	1
weeks	1
wee	1
weds	1
wedded	1
wearisome	1
wearily	1
weakness	1
weak	1
wdth	1
wdndow	1
wc	1
wayward	1
wayside	1
wavy	1
waving	1
wavering	1
wav.^^	1
wav	1
waterside	1
watches	1
wasps	1
wasp	1
warring	1
warranted	1
warp	1
warnmg	1
warmed	1
wards	1
wanting	1
waning	1
wand	1
waking	1
wakeful	1
waked	1
waits	1
wagons	1
wagon	1
waggisli	1
wager	1
waft	1
w^re	1
w[w	1
w*^*!*^"^^^^3rft	1
voyager	1
vow	1
voutliful	1
votaries	1
volunteer	1
volant	1
vl	1
vividly	1
vividj	1
vistas	1
visit	1
visioned	1
virgins	1
virginia	1
violins	1
violin	1
violets	1
vine	1
village	1
vigorous	1
view	1
victory	1
victors	1
vibrant	1
vests	1
verses	1
velveteened	1
vehicles	1
vast	1
varying	1
vary	1
vanquished	1
vane	1
value	1
valiantly	1
vaguely	1
va	1
utterly	1
utterance	1
utter	1
utopian	1
utility	1
usher	1
useless	1
usefulness	1
urchin	1
upstretched	1
upraised	1
unwitting	1
unwise	1
untroubled	1
untitting	1
unstirred	1
unstinted	1
unspoken	1
unskilled	1
unsightly	1
unshadowed	1
unsatisfied	1
unrest	1
unprepared	1
unparalleled	1
unmindful	1
unlike	1
universe	1
united	1
uniforms	1
unguessed	1
unforgot	1
uncovered	1
unconscious	1
unconfessed	1
uncoined	1
unbelief	1
uj)on	1
uj	1
uito	1
ugly	1
u	1
t»sier	1
tyranny	1
type	1
twos	1
twitterings	1
twirls	1
twinkles	1
twined	1
twilio'ht	1
twilights	1
twelves	1
twelve	1
tuning	1
tunes	1
tunc	1
tumultuous	1
tumbled	1
tucked	1
ttepie	1
tt^^ppi	1
trusted	1
trumpet	1
truer	1
trudging	1
truant	1
troubled	1
trouble	1
trothed	1
troops	1
troop	1
trodden	1
triumph	1
trinity	1
trim	1
trills	1
trillings	1
trilling	1
trig	1
trifle	1
tries	1
tricks	1
tribes	1
trials	1
trial	1
trembling	1
tremble	1
trellis	1
travesty	1
traveller	1
travel	1
trappings	1
transverse	1
translating	1
translate	1
trampled	1
tramp	1
train	1
tradition	1
tracks	1
toy	1
towti	1
towns	1
tower	1
touclied	1
touches	1
tossing	1
tortures	1
tops	1
toppling	1
topmost	1
tools	1
tongue	1
tolling	1
tokens	1
toilsome	1
toiled	1
toads	1
toad	1
tnidi	1
tloaver	1
tlio	1
tlic	1
tlianked	1
tli	1
tithes	1
tirst	1
tiptoe	1
tintless	1
tins	1
tinged	1
timidly	1
tilted	1
tiines	1
tiike	1
tiiiv	1
tierce	1
tides	1
thunder	1
thrust	1
throw	1
thronged	1
throbs	1
throb	1
throat	1
thriving	1
thriftless	1
threw	1
threatened	1
threads	1
threadbare	1
thrall	1
thoy	1
thousands	1
thousand	1
thoulrhts	1
thoughtlessly	1
thoudits	1
thorny	1
thongli	1
thoeeau	1
thmiders	1
thistle	1
thieves	1
thg	1
theme	1
thej	1
theirs	1
thanks	1
thanked	1
testament	1
test	1
terse	1
terry	1
tents	1
tenderly	1
tempted	1
tempest	1
telltale	1
teems	1
tease	1
tearful	1
teaches	1
tawdry	1
tavo	1
tavinkling	1
tavined	1
tardy	1
tapestry	1
tape	1
tansy	1
tanc	1
tails	1
tailed	1
tables	1
t/mt	1
syne	1
symbolised	1
sword	1
swollen	1
swith	1
swirled	1
swing	1
swept	1
swells	1
sweets	1
sweetness	1
sweeping	1
swaying	1
sway	1
swarthy	1
swarming	1
swarm	1
swam	1
swallows	1
suury	1
surprised	1
surly	1
supremely	1
supreme	1
suppose	1
supplement	1
supar	1
sunsef	1
sunrise	1
sunflowers	1
sunflower	1
sundays	1
sunburnt	1
summons	1
summertime	1
sumach	1
sultry	1
sullen	1
suiting	1
suited	1
suigle	1
suffices	1
suffer	1
succeed	1
subtly	1
subtler	1
style	1
stutfed	1
stunned	1
stubborn	1
stubble	1
strut	1
struggling	1
struggled	1
strongest	1
strolled	1
strokes	1
stroke	1
strnggle	1
strings	1
string	1
strike	1
strewed	1
stretch	1
streaks	1
streak	1
straying	1
strayed	1
straining	1
strain	1
straighten	1
straight	1
straggling	1
stoutly	1
stout	1
stops	1
stop	1
stooping	1
stooped	1
stone	1
stocky	1
stocked	1
stings	1
sting	1
stime	1
stills	1
stiffly	1
stiffened	1
stiff	1
stevens	1
stepmother	1
stendy	1
steeds	1
steed	1
steaming	1
stead	1
stays	1
staying	1
station	1
stately	1
start	1
starring	1
starred	1
stared	1
stare	1
starched	1
stands	1
stamping	1
stale	1
spy	1
spurs	1
spun	1
springtime	1
springing	1
sprhig	1
sprays	1
spoil	1
splintered	1
splendour	1
spirit	1
spires	1
spinning	1
spinnet	1
spindling	1
spilled	1
spiiming	1
spider	1
spheres	1
sphered	1
speeding	1
speeded	1
speeches	1
sped	1
speculative	1
spectacles	1
spear	1
speaking	1
sparse	1
sparkling	1
sparkled	1
spanned	1
spaces	1
sown	1
souvenir	1
southron	1
source	1
sounding	1
souls	1
sorrows	1
sorely	1
soou	1
soothsay	1
sooth	1
sonorous	1
somebody	1
solved	1
solve	1
solitudes	1
solennily	1
solemn	1
sole	1
soldiers	1
solaced	1
sojd	1
soiled	1
soberness	1
sobbed	1
snows	1
snowdrift	1
snot	1
snoavy	1
snnset	1
snn	1
snare	1
smote	1
smoothly	1
smoothing	1
smooth	1
smklen	1
smallest	1
slumbered	1
slugs	1
sluggish	1
slimy	1
slide	1
slid	1
sliade	1
sleeved	1
sleety	1
sleeper	1
slanting	1
slanted	1
slant	1
slack	1
sky^s	1
skull	1
skirts	1
skirt	1
skips	1
skin	1
skeletons	1
sjjires	1
sjiot	1
sixteen	1
sinister	1
sings	1
singers	1
sinful	1
sin	1
simset	1
simply	1
simplest	1
simile	1
silvered	1
sill	1
silky	1
silken	1
silk	1
silently	1
significance	1
signalled	1
sighs	1
sidewise	1
sickening	1
shrunken	1
shrunk	1
shrmik	1
shrinkmg	1
shrinking	1
shrink	1
shrined	1
shrine	1
shrilleth	1
shrewd	1
showering	1
shouting	1
shoulders	1
shoulder	1
shorter	1
shorn	1
shores	1
shore	1
shoot	1
shoes	1
shoe	1
shnile	1
shivering	1
shivered	1
ship	1
shining	1
shiftless	1
shifting	1
shields	1
shelley	1
shell	1
sheer	1
shattering	1
sharply	1
sharper	1
sharp	1
shares	1
shapes	1
shaped	1
shape	1
shamed	1
shakes	1
shafts	1
shady	1
severe	1
seventy	1
seven	1
settling	1
settled	1
service	1
serve	1
sere	1
sentinelled	1
sentences	1
sentence	1
sensuous	1
sensitive	1
senses	1
selling	1
sell	1
selfish	1
sees	1
seeds	1
secret	1
second	1
seat	1
seasons	1
season	1
searched	1
search	1
seams	1
seamings	1
seam	1
sealed	1
screens	1
scream	1
scoured	1
scornfully	1
scorn	1
score	1
schemes	1
scented	1
scars	1
scarfs	1
scares	1
saxon	1
saved	1
savallow	1
sauntering	1
satisfies	1
satisfied	1
satin	1
sandwiched	1
sands	1
sanded	1
sand	1
sampler	1
salved	1
salvation	1
sake	1
saith	1
saints	1
saintly	1
safe	1
sadness	1
saddest	1
sadder	1
saddened	1
sacred	1
sa3'mg	1
ruth	1
rusty	1
rustle	1
rush	1
runs	1
runned	1
rummaging	1
rulers	1
ruled	1
ruins	1
ruined	1
rugged	1
ruffles	1
rue	1
rudely	1
rude	1
ruddy	1
ruby	1
royalty	1
royal	1
rows	1
roving	1
rovers	1
routed	1
rouse	1
roundelays	1
rougli	1
rote	1
rossetti	1
rosebud	1
roofs	1
romid	1
romancers	1
rom	1
roll	1
roi^er	1
rocky	1
rocking	1
robin	1
robed	1
robbers	1
roared	1
roadways	1
rliild	1
risks	1
risen	1
ripe	1
rins	1
rims	1
rigid	1
rightly	1
rigged	1
riding	1
rider	1
richest	1
ribbons	1
ribbon	1
rheumatism	1
rewreathed	1
revived	1
revenge	1
revelitions	1
revelation	1
revealed	1
retain	1
restored	1
restless	1
respond	1
resounding	1
resonant	1
reserve	1
researches	1
reproduce	1
reproach	1
repose	1
replied	1
replaced	1
repeating	1
repartee	1
renewed	1
reminiscence	1
reminded	1
remembrance	1
remembering	1
remembered	1
remarks	1
relit	1
rehearse	1
regretful	1
region	1
regard	1
refusal	1
reedy	1
reeds	1
redly	1
reddest	1
redder	1
reddening	1
reddened	1
recounting	1
record	1
reclaims	1
reclad	1
reckless	1
recked	1
recalls	1
rebel	1
reat	1
reassured	1
reasons	1
reared	1
realms	1
realm	1
reality	1
realised	1
reads	1
reading	1
rays	1
ray	1
rather	1
rates	1
rash	1
rarer	1
rarely	1
rapturous	1
rapture	1
rapid	1
ranked	1
rang	1
rake	1
railway	1
rail	1
raid	1
rags	1
rafters	1
rabble	1
qwned	1
quivered	1
quit	1
quirls	1
quietly	1
questions	1
quest	1
querying	1
queried	1
queens	1
quarter	1
quaker	1
quadrille	1
pushed	1
push	1
pursued	1
pursue	1
purse	1
purity	1
purer	1
pulse	1
pulls	1
pulling	1
published	1
pry	1
provokins	1
provoke	1
province	1
providence	1
proverbs	1
proverb	1
prove	1
protesting	1
prose	1
proportions	1
prophecies	1
proper	1
promises	1
promised	1
promenade	1
prom	1
prolonged	1
progresses	1
products	1
proclaim	1
prisoned	1
prince	1
primroses	1
primrose	1
prim	1
pridefully	1
pricked	1
prick	1
priceless	1
price	1
prettiest	1
prepared	1
preface	1
precise	1
precepts	1
prays	1
praying	1
pranks	1
pout	1
pours	1
pour	1
portray	1
portly	1
pori	1
por	1
populated	1
pops	1
poorly	1
poorest	1
ponderously	1
ponderous	1
poisonous	1
point	1
pocket	1
po2)pies	1
plunged	1
plundered	1
plumelets	1
pledges	1
pleas	1
pleading	1
playthings	1
plays	1
played	1
plans	1
planned	1
plan	1
pitying	1
pith	1
pipes	1
pious	1
pinks	1
pink	1
pinions	1
pines	1
pined	1
pin	1
pilgrim	1
pile	1
piiding	1
pictured	1
picked	1
picjue	1
phlox	1
phantoms	1
pf	1
petulance	1
petty	1
petted	1
petals	1
persistently	1
permanent	1
perimnkles	1
perfected	1
perched	1
perch	1
percent	1
per])]exedly	1
pepper	1
pensive	1
pendulum	1
pence	1
pen	1
pelted	1
peil	1
peers	1
peeps	1
peeped	1
pedler^s	1
peasants	1
peas	1
peal	1
peaked	1
peacefully	1
pays	1
pavements	1
paul	1
pattern	1
patron	1
patiently	1
patches	1
patch	1
pat	1
passion	1
parts	1
parted	1
pardon	1
parallels	1
parade	1
parables	1
par	1
pantry	1
pantheist	1
pansies	1
panel	1
pallets	1
paling	1
palace	1
painthig	1
painters	1
pacing	1
p(^n	1
p	1
oy	1
owns	1
owning	1
owned	1
owl	1
overweighed	1
overthrown	1
overshadowed	1
overpowered	1
overplus	1
overlook	1
overgrown	1
overflowingly	1
overflowed	1
overflow	1
overcast	1
outspread	1
outs	1
outlined	1
outgrow	1
outgro^^^l	1
outer	1
ourselves	1
ou	1
orioles	1
organ	1
ore	1
ordeal	1
orange	1
oppressed	1
opportunity	1
opinion	1
opening	1
oood	1
onsets	1
oner	1
om	1
older	1
oh	1
ofi	1
offered	1
offence	1
odour	1
october	1
ocean	1
occurred	1
obeyed	1
oath	1
oak	1
o^rn	1
o^clocks	1
nurses	1
nursed	1
nth	1
ntense	1
nses	1
ns	1
np	1
nowadays	1
nourished	1
notions	1
note	1
nose	1
noontime	1
noons	1
noonday	1
noiselessly	1
noiseless	1
noddings	1
nodded	1
noav	1
nmsed	1
nly	1
niv	1
nip	1
niongst	1
nil	1
nigher	1
nianv	1
newsboys	1
newly	1
newcomer	1
newborn	1
nettle	1
netted	1
nervous	1
neighbours	1
neatly	1
neatli	1
neat	1
nears	1
nearness	1
nearest	1
nav	1
natures	1
natured	1
natural	1
natu^e^s	1
naps	1
nap	1
naked	1
naiy.	1
myrtles	1
muttering	1
musket	1
musics	1
mused	1
murmurs	1
murk	1
mrs	1
mr	1
moved	1
move	1
mouth	1
mouse	1
mounted	1
mountainside	1
mountains	1
mount	1
mouldered	1
mottoes	1
motli^s	1
motley	1
mossy	1
mosses	1
mosaic	1
morxing	1
morns	1
mornini^^s	1
mornings	1
morals	1
moonlit	1
moody	1
moods	1
monotone	1
monk	1
moneys	1
mondny	1
monday	1
momently	1
mom	1
moclced	1
mockingly	1
mockery	1
mjiy	1
mj'f	1
miu'ht	1
mists	1
mistress	1
mischief	1
mirrored	1
mire	1
miracles	1
minutes	1
minifies	1
mingle	1
mincing	1
milton	1
millionnaire	1
millennium	1
milk	1
mile	1
mild	1
mil	1
midst	1
midnight	1
methought	1
methinks	1
metals	1
message	1
merrv	1
merrily	1
merited	1
merged	1
merge	1
meniafs	1
menaced	1
memories	1
melting	1
melted	1
melody	1
mellowed	1
medder	1
meanwhile	1
means	1
meanly	1
meal	1
meadows	1
mdy	1
mays	1
matters	1
mats	1
matrons	1
mates	1
mated	1
matching	1
matched	1
mat	1
masterless	1
masses	1
mask	1
mashed	1
marvelled	1
marvel	1
marriaffe	1
marred	1
marks	1
marigolds	1
marble	1
mar	1
maples	1
maple	1
mapjied	1
mansion	1
manner	1
manly	1
manifest	1
mammoth	1
maliscnity	1
majesty	1
maidens	1
maiden	1
madcap	1
mad	1
mace	1
ma	1
m^sk	1
lyas	1
luxurious	1
lusty	1
luring	1
lured	1
lure	1
lungs	1
lulls	1
lulled	1
luckless	1
lu	1
loyalty	1
lowest	1
lovely	1
loudly	1
lou	1
loth	1
losing	1
loose	1
loom	1
longfellow	1
lonesome	1
lolled	1
loiter	1
lofty	1
loft	1
lodged	1
locust	1
locnst^s	1
loath	1
loads	1
lo\^ly	1
llowers	1
ll	1
lizzie	1
liungry	1
littered	1
literature	1
literal	1
lite	1
lit	1
listened	1
list	1
lis	1
liousemaid^	1
lio])e	1
linte	1
lingers	1
lingerings	1
lingering	1
lind	1
limbs	1
lily	1
lilies	1
likes	1
liiie	1
liiding	1
lighter	1
light^s	1
lifts	1
lifting	1
lies	1
licence	1
liberal	1
liarmless	1
liard	1
lia'ht	1
levels	1
lettered	1
length	1
leisure	1
legacy	1
ledge	1
leaven	1
leas	1
leap	1
leaning	1
leaflets	1
leaflet	1
leafing	1
leader	1
lea	1
le	1
laws	1
lawless	1
laurels	1
laughings	1
lauded	1
latter	1
lately	1
las	1
larkspurs	1
lark	1
largess	1
lapse	1
laps	1
lang	1
lands	1
lame	1
lambs	1
lain	1
lag	1
lads	1
laddie	1
laced	1
lace	1
la	1
knot	1
knock	1
knittinsc	1
knitted	1
knits	1
knife	1
knell	1
knees	1
kneeling	1
kneel	1
knee	1
knave	1
kitten	1
kitchen	1
kings	1
kingcups	1
kindliness	1
kindhearted	1
kh	1
kerchief	1
keeping	1
keenly	1
keats	1
jy	1
jutting	1
juniors	1
jugs	1
judged	1
jpy	1
joyless	1
journeyed	1
jour	1
jollity	1
join	1
jiui	1
jig	1
jettj	1
jests	1
jerked	1
jealous	1
jc^'*	1
jburneyed	1
jays	1
jasmine	1
jars	1
jan	1
james	1
jackets	1
j3eside	1
ivs	1
ivlting	1
iu	1
itself	1
ities	1
isled	1
irresolute	1
irord	1
irises	1
ir	1
inwreathing	1
inwrapped	1
inviting	1
invited	1
invisibly	1
inviolate	1
intrusive	1
intolerance	1
inteu	1
intertwine	1
interrogating	1
interpret	1
intercourse	1
intent	1
instruments	1
instrument	1
instinct	1
instants	1
instant	1
inspiration	1
insect	1
ins	1
inner	1
inmost	1
inheritance	1
influence	1
infinity	1
infantry	1
infant	1
inert	1
independent	1
incline	1
inc	1
ina	1
impulsive	1
impulse	1
impromptu	1
important	1
immortal	1
immersed	1
immaculate	1
imitate	1
imfaltering	1
ime	1
imagining	1
ilowers	1
iler	1
ilanley	1
ijl	1
ij	1
iirelight	1
iio	1
iibihj	1
iia	1
ihii	1
ihe	1
ideal	1
ice	1
ia	1
i^ould	1
i>'lad	1
i>'ive	1
i'm	1
hymns	1
hve	1
hut	1
hurted	1
hurling	1
hunters	1
hundreds	1
hundred	1
hun	1
humblest	1
humbird^s	1
humankind	1
however	1
howering	1
housewives	1
housemaid	1
household	1
houscavife^s	1
hounds	1
hound	1
hostile	1
hospital	1
hospitable	1
hose	1
horror	1
hops	1
hopelessly	1
hoot	1
hook	1
hooded	1
honeysuckle	1
honesty	1
hollyliocks	1
hollows	1
hola	1
hoary	1
hoards	1
hiving	1
hives	1
hive	1
hither	1
historians	1
hist	1
hire	1
hinging	1
hindered	1
himg	1
hilps	1
hilltops	1
hilfs	1
hilarious	1
hight	1
highly	1
hides	1
hickory	1
hhits	1
hers	1
heroic	1
heralds	1
hera	1
hen	1
helplessness	1
heliotrope	1
heir	1
heiglits	1
heee	1
heedless	1
hecked	1
heavenly	1
heath	1
hearty	1
heartsick	1
hearths	1
hearsay	1
hears	1
hearing	1
hearer	1
healthy	1
health	1
healing	1
healed	1
heads	1
headlong	1
hazes	1
haze	1
hawking	1
hawk	1
haunts	1
haunted	1
haunt	1
haul	1
hate	1
hastens	1
harry^s	1
harmony	1
harmonise	1
harmless	1
hardworking	1
hardihood	1
hapjw	1
hap	1
hang	1
handsome	1
halos	1
halls	1
hallowed	1
hale	1
haired	1
hail	1
haggling	1
ha	1
h)ok	1
h'ggcd	1
h	1
gulf	1
guesser	1
guerdon	1
guarded	1
guard	1
growing	1
groups	1
group	1
groujoed	1
grot\ti	1
grope	1
grooms	1
groavs	1
groans	1
grny/^	1
grins	1
grieved	1
griefs	1
greets	1
greet	1
greens	1
greenery	1
greaves	1
grease	1
grazed	1
gratulations	1
gratefully	1
grassy	1
grasshoppers	1
grasp	1
grant	1
granite	1
grandmother	1
grandma	1
grade	1
graciousness	1
graceless	1
graced	1
gowns	1
gown	1
govern	1
gossips	1
gossiping	1
gossamer	1
gorgeous	1
goin^	1
goethe	1
goes	1
god^s	1
goal	1
go^ii	1
glows	1
glowed	1
gloomy	1
gloavs	1
gloaved	1
glides	1
gleeful	1
glean	1
gleamy	1
gleam	1
glancing	1
glances	1
gladdened	1
gladden	1
giving	1
giver	1
girlisli	1
girfs	1
gilt	1
gilded	1
gild	1
ghosts	1
ghastly	1
gesture	1
germ	1
georges	1
george	1
gently	1
gentle	1
genii	1
generous	1
generations	1
general	1
gear	1
gaze	1
gaudy	1
gatliered	1
gathers	1
gatherings	1
gates	1
gasping	1
gasped	1
gas	1
garrulity	1
garb	1
gaps	1
gambrel	1
gallery	1
galled	1
gallant	1
gaining	1
gahlean	1
gahi	1
gab	1
fury	1
furbelows	1
fun	1
fumbled	1
fully	1
fullest	1
fuller	1
fugue	1
fts»^	1
fruitless	1
fruiterers	1
fruiterer	1
fruit	1
frowning	1
frosted	1
frost	1
front	1
frolicsome	1
frolic	1
frills	1
frilled	1
frill	1
friendships	1
friendliness	1
friars	1
freshly	1
freshening	1
frenzied	1
freighted	1
freezing	1
frees	1
freed	1
fray	1
fraught	1
frank	1
france	1
framed	1
foxgloves	1
fowls	1
fours	1
founts	1
forward	1
fort	1
forms	1
forming	1
forlorn	1
fork	1
forgotten	1
forgiven	1
forgive	1
forgets	1
forests	1
foreign	1
forehead	1
foregleams	1
fore	1
forbidding	1
forbid	1
footstool	1
footsteps	1
foot	1
fools	1
fool	1
fond	1
fomid	1
follow	1
folds	1
foemen	1
foe	1
fnir	1
flying	1
flushing	1
flung	1
flowing	1
flowers^	1
flowerets	1
floweret	1
flowered	1
flowed	1
flouting	1
flout	1
flooded	1
floatin£c	1
floating	1
float	1
fling	1
flies^	1
flickering	1
flicked	1
flew	1
flecked	1
flashing	1
flashed	1
flank	1
flamed	1
flame	1
flags	1
fixed	1
fitted	1
fitly	1
fitfully	1
fishermen	1
fish	1
firmly	1
firesides	1
fires	1
firelight	1
fini^crs	1
filmed	1
fills	1
file	1
figure	1
figurative	1
fighting	1
fifteen	1
fiehls	1
fie	1
fidl	1
fiddlers	1
fickle	1
fibrous	1
fibres	1
fi(>lds	1
fi	1
fewer	1
fever	1
fetch	1
festive	1
fence	1
feels	1
feeling	1
feeds	1
feed	1
feeble	1
feav	1
feathered	1
feasting	1
feared	1
fe	1
fay	1
favours	1
favoured	1
fathom	1
fates	1
fateful	1
fastidiously	1
fascinated	1
farther	1
farmers	1
farm	1
fare	1
fanciful	1
family	1
familiar	1
faithful	1
fairyland	1
failures	1
failing	1
fahited	1
fades	1
fact	1
facing	1
fabric	1
fa	1
eyed	1
extras	1
extent	1
expression	1
experience	1
existence	1
exist	1
exertion	1
excludes	1
excited	1
excellence	1
evil	1
evident	1
eves	1
everyday	1
evenings	1
evenfall	1
eusty	1
eull	1
estate	1
erred	1
erie	1
episodes	1
eormed	1
eor	1
eomes	1
eobins	1
entice	1
entangled	1
ensues	1
ennui	1
endure	1
endued	1
endeavour	1
empty	1
employs	1
employ	1
emphasising	1
embracing	1
eloquent	1
elms	1
electrotyped	1
electric	1
elect	1
elders	1
eire	1
eills	1
eggs	1
effort	1
eests	1
eestless	1
eer	1
eeplete	1
eep	1
eeel/	1
eed	1
eeclined	1
eead	1
eeaclimg	1
ed	1
economy	1
ec	1
eben	1
eaves	1
eating	1
easv	1
easier	1
earths	1
earnestly	1
earn	1
early	1
earls	1
earliest	1
eansack	1
eanked	1
ean	1
eair	1
eagerly	1
eage	1
e/oued	1
dyed	1
dwells	1
dwarfed	1
dusty	1
dusk	1
dun	1
dully	1
dullest	1
duller	1
dulled	1
dug	1
drunk	1
drowsy	1
drowned	1
drown	1
drops	1
drollery	1
droj^s	1
driven	1
drive	1
dripping	1
drift	1
dried	1
dresses	1
dreani^	1
dreading	1
draws	1
drawing	1
draw	1
drapery	1
drained	1
draim	1
drab	1
dozing	1
dozen	1
downward	1
dowerless	1
dowered	1
dough	1
doubled	1
doorway	1
doomed	1
doom	1
dont	1
dons	1
domes	1
dome	1
dom	1
dollars	1
dole	1
doings	1
doer	1
dodging	1
dobbin	1
do^ii	1
do\^ticast	1
dizzily	1
divining	1
divine	1
dividing	1
ditty	1
distrust	1
distraught	1
distracted	1
disquiet	1
disport	1
disown	1
disordered	1
dismayed	1
dismay	1
dismal	1
dishonest	1
dishes	1
disguised	1
disgrace	1
diseased	1
discrowned	1
disappointments	1
disappeared	1
disagree	1
dirtied	1
dire	1
dinffv	1
din	1
dimmed	1
dimly	1
dime	1
differing	1
difference	1
dies	1
dhnple	1
dexterous	1
dews	1
dewdrop	1
determined	1
detail	1
despite	1
despairing	1
deserters	1
description	1
descried	1
descend	1
depths	1
depth	1
deplore	1
departed	1
depart	1
deny	1
denied	1
demurs	1
demur	1
delves	1
delights	1
delight	1
delicately	1
deliberately	1
delayed	1
delay	1
dejectedly	1
deigns	1
degree	1
deftly	1
defied	1
defiantly	1
deferred	1
defer	1
defence	1
deer	1
deepest	1
deepening	1
deepened	1
deems	1
deeming	1
decreed	1
decorous	1
declared	1
declare	1
december	1
deceive	1
debt	1
deaths	1
deacons	1
dc?ffkl'!fflkri?mp'u'3flmtit3	1
dawns	1
dawning	1
daubs	1
darted	1
dart	1
darning	1
darn	1
darling	1
darker	1
daring	1
dares	1
dare	1
dangling	1
danced	1
dames	1
damasks	1
damask	1
daily	1
dahlia	1
cut	1
curses	1
curled	1
curl	1
curiosity	1
cure	1
cup	1
cumuli	1
cultured	1
cull	1
cuckoo	1
cruel	1
crude	1
crown	1
crowfoot	1
crowds	1
crouched	1
crossing	1
cross	1
crocuses	1
croa\iied	1
crisped	1
crisp	1
crimsons	1
crimps	1
crime	1
crickets	1
crests	1
crescent	1
creeds	1
creased	1
crease	1
creamy	1
creaked	1
crayon	1
craven	1
crashed	1
crannies	1
crags	1
cracks	1
cowered	1
cover	1
cov	1
cousin	1
courteousness	1
courted	1
court	1
courses	1
course	1
couple	1
counting	1
countenance	1
couhl	1
couch	1
cot	1
cordial	1
copy	1
cooler	1
cook	1
convict	1
converse	1
conventional	1
conunand	1
controls	1
controlled	1
contraction	1
continuity	1
continuance	1
contending	1
conspire	1
consented	1
consecrate	1
conscious	1
congregate	1
confessed	1
confers	1
confections	1
condemn	1
conceit	1
comprehensive	1
complaisant	1
complain	1
companies	1
common-sense	1
comments	1
comin^	1
comic	1
comers	1
columbine	1
coloured	1
collects	1
coffins	1
coffin	1
cocks	1
cock	1
coats	1
coated	1
co	1
cnrt	1
clung	1
clumsy	1
clown	1
clothes	1
closing	1
clocks	1
cloaked	1
cloak	1
climisy	1
climbed	1
cliffs	1
clicked	1
clianges	1
cleft	1
clean	1
clasp	1
clanked	1
clanging	1
clang	1
clamour	1
clamorous	1
clambered	1
claimed	1
citizens	1
circumstance	1
circumspect	1
circles	1
cinnamon	1
churchyard	1
christians	1
chose	1
chorus	1
choose	1
choir	1
chivalry	1
chirped	1
chirp	1
chink	1
china	1
chimney	1
chimes	1
chime	1
chills	1
chill	1
childs	1
chignons	1
chiefest	1
chestnut	1
cherished	1
cheers	1
cheerfulness	1
checked	1
check	1
cheat	1
cheap	1
chatting	1
chattering	1
chatter	1
chastely	1
chase	1
charm	1
chariot	1
chaplain	1
chaos	1
chanticleer	1
chanii	1
changes	1
changeful	1
chairs	1
chairman	1
chafed	1
certain	1
century	1
cents	1
cells	1
ceaseless	1
caution	1
caused	1
cauglit	1
cats	1
catch	1
cat	1
casts	1
casting	1
casques	1
cart	1
carries	1
carried	1
carriage	1
carpets	1
carnival	1
careworn	1
cared	1
captured	1
capture	1
captives	1
captive	1
capricious	1
capital	1
candy	1
candidate	1
candid	1
camiot	1
cambridge	1
calmness	1
cakes	1
cab	1
buzzini	1
buyer	1
buttoned	1
butterflies	1
buttercups	1
buttercup	1
busiest	1
bushy	1
burrs	1
bundle	1
bumblebees	1
bullet	1
builds	1
buildings	1
build	1
buihled	1
bugs	1
bug	1
buds	1
buckle	1
brusque	1
brushed	1
browns	1
browning	1
browned	1
browed	1
brooms	1
broom	1
brooks	1
brooded	1
bronze	1
broken	1
broadly	1
brnshed	1
bristling	1
briskly	1
brink	1
brims	1
brii>'liten	1
brightly	1
brightens	1
briers	1
brief	1
bridal	1
brhig	1
bred	1
breathless	1
breathing	1
breathed	1
breaking	1
breakfast	1
bread	1
breach	1
brazen	1
bravest	1
bravery	1
brave	1
brands	1
branching	1
branches	1
brakes	1
brains	1
braids	1
braced	1
boys	1
boyhood	1
bows	1
bowers	1
bowered	1
bower	1
bowed	1
bouudless	1
bouquet	1
bounding	1
bounded	1
boundary	1
bouglit	1
bottle	1
border	1
boon	1
bond^azine	1
bom	1
bolt	1
body	1
bodingly	1
boastfully	1
boastful	1
boasted	1
boast	1
boards	1
board	1
bnt	1
bnes	1
bnds	1
blunt	1
blowing	1
bloomless	1
blooming	1
bloody	1
blind	1
blessings	1
blessedness	1
blended	1
bleeding	1
blaze	1
blankness	1
blanketed	1
blanched	1
blackbirds	1
blackbird	1
bkiff	1
binds	1
bind	1
bills	1
bigelow	1
bide	1
bid	1
bible	1
beware	1
betrayed	1
betimes	1
betide	1
betaveen	1
bestowed	1
besouscht.^^	1
besouglit	1
besought	1
beseeching	1
benign	1
benediction	1
bending	1
bend	1
belongs	1
belong	1
belle	1
bell	1
believed	1
beliefs	1
behave	1
beguiled	1
begmning	1
beginning	1
beflowered	1
befell	1
beetle	1
beckoned	1
beavers	1
beautifully	1
beau	1
beats	1
beating	1
bears	1
beard	1
beans	1
bayonet	1
battlefield	1
battle	1
battering	1
batteries	1
batter	1
bashfully	1
bashful	1
bartering	1
bars	1
barricaded	1
barren	1
barnes	1
barely	1
banker	1
ban	1
balloon	1
balcony	1
baimed	1
bag	1
baffled	1
baffle	1
badly	1
bade	1
bad	1
backs	1
bachbara/	1
babe	1
b	1
awry	1
awful	1
awestruck	1
awe	1
awake	1
awaited	1
avould	1
avoodlands	1
avonderinc	1
avoman	1
aviuter	1
avitliin	1
avitli	1
avith	1
aving	1
avindow	1
avind	1
avicked	1
avere	1
avenue	1
avell	1
aved	1
aveave	1
avays	1
avatchful	1
avarmth	1
austere	1
aught	1
attract	1
attic	1
attacks	1
atitumn^	1
astride	1
asters	1
assume	1
assorting	1
assembled	1
ass	1
askiu	1
ashe	1
ash	1
arts	1
artist	1
articulate	1
arrayed	1
aroused	1
arose	1
armour	1
arch	1
aproned	1
aprifs	1
approaching	1
approach	1
apprise	1
appease	1
anything	1
ants	1
answers	1
announcing	1
annie	1
anguish	1
angered	1
amused	1
amongst	1
amiie	1
ambulance	1
amazed	1
amaze	1
already	1
alphabet	1
alpaca	1
almonds	1
allies	1
alley	1
allah^s	1
aliens	1
alien	1
alert	1
aladdin^s	1
airs	1
aims	1
aimed	1
ai	1
ahnost	1
agony	1
aglow	1
aghast	1
aggressive	1
afterward	1
aftection	1
advice	1
adverse	1
adorned	1
admired	1
adding	1
acts	1
acorn	1
accomplish	1
abstractions	1
abashed	1
a^o	1
a\ithin	1
^y\ih	1
^vindings	1
^vill	1
^ssho	1
^sked	1
^rell	1
^neatli	1
^atticisms	1
^aorker	1
^^innincr	1
^^g?f|hy	1
^\indow	1
^\\{\\	1
^\	1
^>^'	1
^-=?-	1
^*^	1
^'?.'	1
]	1
\y\i\\	1
\xvo^\	1
\lay	1
\"	1
[	1
@	1
?^'	1
?-'=	1
?''	1
>)	1
>	1
<(	1
<	1
8cotcli	1
5c	1
2uu	1
1	1
/^	1
/	1
.]	1
.''''	1
*^	1
*"'	1
'■	1
''■'	1
''''	1
'''	1
&	1
#	1
!''	1
