,	3120
the	2195
.	1693
and	1186
|'s|	787
;	785
of	772
—	756
to	732
in	577
a	501
with	388
his	379
her	298
that	297
'	269
!	236
|romannumeral|	234
i	233
as	233
from	212
but	212
their	206
"	205
for	202
its	201
on	199
is	180
where	166
by	164
he	163
which	158
like	156
thy	150
when	149
or	145
my	143
not	142
our	136
there	131
it	131
we	130
was	126
all	126
no	124
at	122
upon	121
she	121
shall	121
through	113
some	107
be	104
who	102
heart	99
one	97
had	97
?	97
they	92
so	92
:	87
whose	86
your	84
still	82
thou	79
then	79
life	79
are	78
love	77
soul	75
were	73
how	73
hath	73
have	72
earth	72
those	71
each	71
while	70
you	69
day	69
over	68
now	61
more	59
him	59
this	58
spirit	56
me	56
thee	53
what	52
would	50
white	50
man	48
though	47
t	47
if	47
thought	46
such	46
bright	46
an	46
|arabic2digit|	45
nature	45
hand	45
s	44
eyes	44
down	44
than	42
should	42
must	42
fair	42
."	41
yet	40
may	40
many	40
us	39
heaven	39
well	38
time	38
summer	38
within	37
thus	37
round	37
sun	36
nor	36
could	36
can	36
land	34
beneath	34
around	34
again	34
will	33
them	33
night	33
might	33
youth	32
world	32
sea	32
light	32
come	32
here	31
far	31
ye	30
sky	30
ocean	30
god	30
till	29
side	29
never	29
every	29
stand	28
once	28
mountain	28
last	28
hope	28
hands	28
even	28
came	28
up	27
these	27
old	27
long	27
joy	27
human	27
golden	27
amid	27
young	26
sweet	26
half	26
glad	26
gentle	26
eye	26
breast	26
air	26
morning	25
know	25
flowers	25
dear	25
blue	25
before	25
why	24
sad	24
out	24
let	24
feet	24
deep	24
been	24
take	23
stood	23
o	23
look	23
gaze	23
death	23
cold	23
until	22
tears	22
stern	22
lie	22
green	22
fell	22
broad	22
back	22
along	22
soft	21
smile	21
see	21
passion	21
most	21
memory	21
hour	21
home	21
grief	21
dark	21
alone	21
words	20
thoughts	20
tell	20
mid	20
left	20
hours	20
footsteps	20
farewell	20
cheek	20
art	20
vain	19
too	19
rest	19
path	19
mind	19
little	19
lips	19
has	19
great	19
ever	19
doubt	19
do	19
born	19
beyond	19
band	19
among	19
above	19
vision	18
ve	18
track	18
silent	18
shore	18
say	18
red	18
queen	18
proud	18
nt	18
next	18
music	18
midnight	18
men	18
leaves	18
high	18
hear	18
give	18
form	18
d	18
beside	18
beauty	18
toil	17
sleep	17
shed	17
scene	17
own	17
oh	17
just	17
good	17
glory	17
full	17
find	17
ere	17
bosom	17
below	17
arms	17
wealth	16
wave	16
voice	16
trees	16
think	16
step	16
silver	16
save	16
plain	16
maiden	16
lone	16
lay	16
kiss	16
into	16
heard	16
grace	16
gloom	16
first	16
fall	16
dim	16
brow	16
breath	16
bowers	16
bent	16
another	16
winter	15
went	15
turn	15
tide	15
strife	15
share	15
seek	15
ray	15
pulses	15
place	15
near	15
name	15
make	15
made	15
lo	15
lip	15
less	15
kindred	15
hearts	15
gifts	15
gave	15
forest	15
fond	15
faith	15
face	15
city	15
children	15
autumn	15
ask	15
whom	14
weary	14
truth	14
took	14
storm	14
sorrow	14
soon	14
smiles	14
prayer	14
pity	14
mother	14
loving	14
few	14
evening	14
doth	14
cry	14
claim	14
child	14
brain	14
alas	14
across	14
year	13
wings	13
very	13
trembling	13
tread	13
tone	13
themselves	13
tender	13
speak	13
solitude	13
snow	13
since	13
shade	13
saw	13
said	13
re	13
pride	13
perchance	13
pale	13
nought	13
mirth	13
length	13
leave	13
knightly	13
gorgeous	13
gold	13
glance	13
friend	13
francisco	13
forms	13
follow	13
felt	13
fast	13
fame	13
die	13
did	13
dead	13
crystal	13
calm	13
away	13
|arabic1digit|	12
wood	12
woe	12
wild	12
welcome	12
steadfast	12
stars	12
star	12
stands	12
spoke	12
sought	12
sir	12
shadows	12
seemed	12
rose	12
past	12
page	12
meet	12
manhood	12
lonely	12
kind	12
keep	12
hair	12
go	12
fresh	12
fear	12
fate	12
dream	12
door	12
despair	12
crowd	12
clay	12
chain	12
brought	12
brief	12
breeze	12
boy	12
birth	12
accents	12
years	11
won	11
woman	11
without	11
whole	11
way	11
waters	11
virgin	11
true	11
trod	11
torn	11
tones	11
tempest	11
sunshine	11
strain	11
spring	11
spot	11
show	11
right	11
poured	11
poor	11
marble	11
looks	11
head	11
ground	11
grasp	11
glories	11
glittering	11
fierce	11
feel	11
fancy	11
eyed	11
empire	11
dust	11
days	11
count	11
clouds	11
charms	11
bring	11
angel	11
agony	11
waves	10
unto	10
two	10
sway	10
steps	10
spread	10
spain	10
sight	10
shades	10
seen	10
presence	10
play	10
perhaps	10
passed	10
pass	10
parting	10
pain	10
onward	10
ones	10
morn	10
moon	10
lord	10
longer	10
knight	10
hopes	10
hold	10
hall	10
guest	10
gathered	10
forth	10
flame	10
fires	10
fire	10
ear	10
course	10
country	10
cloud	10
care	10
brother	10
bound	10
blood	10
billows	10
being	10
wind	9
warrior	9
vine	9
veil	9
vainly	9
twilight	9
trace	9
town	9
towers	9
told	9
throne	9
thine	9
tall	9
sound	9
souls	9
snowy	9
skies	9
sister	9
set	9
seem	9
read	9
pure	9
power	9
pictured	9
peaceful	9
part	9
only	9
oak	9
noble	9
mine	9
met	9
looked	9
lend	9
joyous	9
holy	9
hills	9
hid	9
hast	9
grew	9
genius	9
gain	9
fragrant	9
found	9
flower	9
fetters	9
father	9
eagle	9
don't	9
comrade	9
clear	9
clad	9
broken	9
brave	9
bore	9
bless	9
bear	9
beams	9
awhile	9
ambition	9
after	9
|arabic3digit|	8
yellow	8
wit	8
wing	8
watch	8
warm	8
visions	8
valley	8
trumpet	8
train	8
tomb	8
throbbing	8
things	8
sword	8
sweep	8
stirred	8
spirits	8
sometimes	8
solitary	8
slumber	8
sigh	8
shine	8
serene	8
sense	8
scattered	8
rise	8
rapture	8
radiance	8
pray	8
pours	8
poet	8
peace	8
other	8
need	8
mute	8
moonlight	8
memories	8
makes	8
mahala	8
lover	8
lost	8
listening	8
imagination	8
hill	8
grey	8
glowing	8
friendship	8
fountain	8
fit	8
equal	8
dwell	8
drops	8
dreams	8
done	8
dare	8
crown	8
crimson	8
clinging	8
can't	8
burning	8
burn	8
brook	8
break	8
bird	8
bell	8
bark	8
bare	8
amy	8
airy	8
•	7
yearning	7
wrath	7
work	7
woods	7
whispering	7
wet	7
war	7
walls	7
wait	7
voices	7
turned	7
try	7
trust	7
treads	7
today	7
thousand	7
thoughtful	7
thing	7
tear	7
taught	7
strength	7
stream	7
story	7
store	7
spoil	7
song	7
sod	7
silence	7
shone	7
shapes	7
rustling	7
roll	7
rich	7
reign	7
realms	7
purple	7
prove	7
pleasure	7
pleasant	7
planets	7
people	7
pathway	7
painted	7
oft	7
off	7
noontide	7
neath	7
mood	7
moan	7
mist	7
mighty	7
majestic	7
loyal	7
loved	7
lofty	7
lion	7
lingering	7
lies	7
led	7
leaf	7
late	7
lark	7
lands	7
laid	7
ladies	7
kissed	7
kingly	7
kept	7
indian	7
image	7
himself	7
held	7
heavenly	7
hangs	7
hail	7
greet	7
grave	7
grand	7
graceful	7
glorious	7
glass	7
glances	7
garden	7
gallant	7
free	7
fortune	7
followed	7
floating	7
flight	7
filled	7
fickle	7
festal	7
falls	7
empty	7
dwelling	7
drop	7
distant	7
died	7
dewy	7
deck	7
darkness	7
darkly	7
daily	7
cried	7
company	7
comes	7
columbus	7
climb	7
circling	7
childhood	7
change	7
celestial	7
catch	7
cannot	7
call	7
buds	7
bride	7
breezes	7
blossom	7
blind	7
blessed	7
blend	7
bitter	7
better	7
best	7
behind	7
base	7
aid	7
ah	7
age	7
against	7
affection	7
abide	7
yield	6
writ	6
word	6
wilderness	6
wife	6
wide	6
whispered	6
varying	6
utterance	6
tropic	6
tonight	6
tomorrow	6
toiling	6
tis	6
tired	6
threshold	6
thick	6
tenderness	6
strive	6
streams	6
steel	6
stately	6
started	6
standard	6
sovereign	6
solemn	6
soil	6
snows	6
slumbering	6
slept	6
sit	6
silken	6
shrine	6
shalt	6
serve	6
seems	6
second	6
science	6
school	6
scenes	6
says	6
sands	6
sail	6
sabbath	6
run	6
rifted	6
return	6
remain	6
regal	6
rapt	6
race	6
praise	6
pluck	6
pine	6
pillared	6
pilgrimage	6
pilgrim	6
peopled	6
peak	6
overhead	6
none	6
nation	6
much	6
monarch	6
mingled	6
m	6
loveliness	6
lot	6
live	6
lit	6
listened	6
lightning	6
lids	6
learn	6
lead	6
landscape	6
knows	6
king	6
joys	6
j	6
iron	6
inheritance	6
incense	6
hung	6
hugh	6
however	6
homeward	6
hero	6
height	6
heaving	6
harvest	6
hard	6
happy	6
grass	6
grain	6
graces	6
goal	6
glowed	6
glossy	6
gleam	6
glare	6
gives	6
girlish	6
gently	6
gems	6
gay	6
funeral	6
friends	6
freedom	6
forget	6
fold	6
flowed	6
flood	6
flakes	6
flag	6
fill	6
exile	6
end	6
eastern	6
earthly	6
earliest	6
dumb	6
dull	6
driven	6
dress	6
dread	6
dome	6
desert	6
dazzling	6
darkened	6
dance	6
curtain	6
cup	6
crumbling	6
crave	6
clasp	6
chill	6
cares	6
careless	6
build	6
brings	6
branches	6
bower	6
bowed	6
black	6
behold	6
began	6
beat	6
beach	6
battle	6
barren	6
autumnal	6
atlantic	6
arch	6
actors	6
.'	6
youthful	5
yon	5
yielded	5
woes	5
wise	5
winds	5
win	5
willow	5
whether	5
west	5
weep	5
wear	5
want	5
wall	5
wake	5
viewless	5
view	5
vexed	5
upper	5
unthoughtful	5
undulating	5
underneath	5
under	5
unconscious	5
twine	5
turns	5
tree	5
treasures	5
trampled	5
traitor	5
tracked	5
towards	5
touch	5
tops	5
tiny	5
throng	5
thankless	5
thank	5
temples	5
temple	5
taper	5
takes	5
swept	5
swell	5
sung	5
sudden	5
strong	5
street	5
stone	5
stole	5
start	5
starry	5
spouse	5
space	5
sorrows	5
smiled	5
single	5
sing	5
sinewy	5
sick	5
showers	5
shivering	5
sheltering	5
separate	5
sent	5
send	5
self	5
sees	5
seasons	5
scarce	5
sat	5
saint	5
sacred	5
rung	5
roused	5
rocks	5
rock	5
robe	5
ride	5
reward	5
restless	5
reply	5
recollection	5
rainbow	5
radiant	5
quivering	5
put	5
prophetic	5
prophet	5
pour	5
pinions	5
perfect	5
pen	5
peacefulness	5
paradise	5
palm	5
palace	5
pageant	5
ours	5
opened	5
omnipotence	5
offspring	5
northern	5
nobler	5
new	5
muse	5
murmuring	5
moment	5
mirrored	5
mien	5
melody	5
master	5
martyr	5
looking	5
living	5
lift	5
lest	5
laughter	5
lake	5
know'st	5
knew	5
kneeling	5
kneel	5
kisses	5
keen	5
itself	5
india	5
ice	5
hungry	5
hues	5
hopeless	5
homage	5
hide	5
hidden	5
hers	5
hearted	5
happier	5
haggard	5
guide	5
guess	5
grown	5
greeting	5
grandeur	5
gone	5
gleams	5
gladness	5
given	5
gates	5
frozen	5
foreign	5
forehead	5
foam	5
flung	5
floor	5
fleeting	5
fingers	5
feeling	5
feebly	5
features	5
fearful	5
faithful	5
fain	5
fade	5
faces	5
eyelids	5
emblem	5
ears	5
early	5
earlier	5
eager	5
dry	5
drooping	5
dressed	5
dreary	5
dreaming	5
dost	5
divine	5
dishevelled	5
destiny	5
curtained	5
crushed	5
cross	5
cradled	5
conrad	5
coming	5
clustering	5
cloudless	5
cling	5
claims	5
christian	5
chieftain	5
cherished	5
changeful	5
canvas	5
canto	5
cannon	5
calls	5
called	5
broke	5
breathe	5
bread	5
boughs	5
bough	5
both	5
bleak	5
bid	5
between	5
bestowed	5
begin	5
became	5
beam	5
banner	5
azure	5
awoke	5
audience	5
aside	5
array	5
already	5
''	5
worn	4
wives	4
wish	4
wisdom	4
wintery	4
winged	4
wine	4
whence	4
western	4
westering	4
weight	4
week	4
waving	4
wailing	4
vicissitudes	4
verge	4
verdure	4
verdant	4
vein	4
vast	4
varied	4
used	4
unmolested	4
unheeded	4
twas	4
trusting	4
truant	4
trodden	4
tribute	4
tresses	4
tranquillity	4
tracks	4
tower	4
torrent	4
tongues	4
together	4
titan	4
tints	4
thunder	4
thrown	4
thronging	4
thirsting	4
theme	4
tenderly	4
teach	4
taste	4
task	4
tangled	4
talk	4
surge	4
suppose	4
sunset	4
sunny	4
sunlight	4
sunbeam	4
summit	4
sullen	4
sublime	4
stretching	4
streamlet	4
stranger	4
steer	4
steep	4
state	4
stain	4
spray	4
sphere	4
spell	4
speech	4
sparkling	4
son	4
soldiers	4
sobbing	4
soaring	4
soar	4
slumbers	4
slow	4
sits	4
sins	4
singing	4
simple	4
showed	4
shores	4
shock	4
shivered	4
ship	4
shining	4
shield	4
seraph	4
senses	4
seas	4
scroll	4
screen	4
scorn	4
sank	4
same	4
sake	4
rye	4
ruthless	4
roof	4
rode	4
rod	4
robes	4
road	4
river	4
rival	4
rippling	4
ring	4
revel	4
repose	4
replies	4
reflected	4
record	4
recompense	4
receding	4
recall	4
reason	4
reach	4
raised	4
raise	4
rage	4
questionings	4
puny	4
public	4
promised	4
promise	4
prologue	4
pressed	4
press	4
prayed	4
poets	4
plumes	4
plume	4
played	4
planet	4
placid	4
pirate	4
piled	4
phantom	4
petals	4
pensive	4
peasant	4
pearls	4
pearl	4
patriot	4
paths	4
panoply	4
palms	4
palaces	4
paint	4
outlined	4
orbs	4
open	4
noon	4
noiseless	4
neck	4
nations	4
mysteries	4
murmured	4
mrs	4
mr	4
mourn	4
mountains	4
month	4
mists	4
mimic	4
merry	4
merriment	4
mercy	4
melted	4
melodious	4
means	4
matron	4
maternal	4
mate	4
march	4
mar	4
mankind	4
low	4
loneliness	4
lithe	4
lingers	4
linger	4
lines	4
limbs	4
lights	4
leaving	4
laurel	4
lance	4
lady	4
knife	4
june	4
jove	4
joint	4
jewels	4
jealous	4
innocence	4
influence	4
impulses	4
imperial	4
immortal	4
icy	4
hymn	4
host	4
horizon	4
honours	4
holker	4
hoary	4
history	4
heroes	4
heavy	4
heavenward	4
haunts	4
haunt	4
haughty	4
happiness	4
hang	4
hamlet	4
halls	4
guards	4
grows	4
greenness	4
greek	4
greece	4
glow	4
glide	4
glee	4
gleamed	4
gilded	4
giant	4
fun	4
fruit	4
frown	4
fount	4
forgot	4
foot	4
folds	4
folded	4
flocks	4
fling	4
flashing	4
firmament	4
firm	4
filial	4
fight	4
fiery	4
field	4
fellow	4
fearless	4
favour	4
fashion	4
familiar	4
fading	4
fades	4
eternity	4
envy	4
enough	4
eden	4
dying	4
dwelled	4
dusky	4
dungeon	4
drink	4
does	4
distance	4
diadem	4
dews	4
desolate	4
depths	4
deeper	4
deemed	4
deeds	4
deed	4
dawn	4
daughters	4
daughter	4
danced	4
crowned	4
crime	4
crew	4
creatures	4
court	4
couch	4
cool	4
common	4
command	4
coloured	4
colonnades	4
coldly	4
clustered	4
close	4
climbed	4
cliffs	4
clasps	4
clasped	4
choose	4
chime	4
charming	4
champion	4
caverns	4
cavern	4
cave	4
cast	4
bud	4
brotherhood	4
breathed	4
bounding	4
bought	4
bosoms	4
boon	4
bloom	4
bloody	4
blent	4
blazoned	4
blaze	4
big	4
bend	4
belong	4
beg	4
beareth	4
beacon	4
bay	4
banishment	4
balcony	4
avenging	4
avarice	4
attributes	4
atmosphere	4
aspect	4
arrayed	4
arm	4
ark	4
answering	4
answer	4
anguish	4
ancient	4
anchored	4
am	4
although	4
almost	4
alike	4
action	4
about	4
/	4
-	4
■	3
}	3
zone	3
zenith	3
zeal	3
yoke	3
yes	3
wyman	3
wrought	3
write	3
wretch	3
wreaths	3
woven	3
worthy	3
worthier	3
wonder	3
won't	3
woke	3
wished	3
wherein	3
wherefore	3
whatever	3
wept	3
weltering	3
wed	3
weakness	3
wayward	3
watched	3
waste	3
wanderer	3
waking	3
wakes	3
waited	3
visible	3
village	3
vigils	3
victims	3
vessels	3
vessel	3
vault	3
various	3
valour	3
vale	3
use	3
upward	3
upland	3
unvexed	3
unveiled	3
unsleeping	3
unseen	3
unrest	3
universal	3
unite	3
unfold	3
unclouded	3
uncertain	3
turning	3
tumultuous	3
triumph	3
tried	3
tressilian	3
traveller	3
trance	3
tottering	3
tongue	3
thrilling	3
thrill	3
thence	3
terror	3
tendrils	3
tells	3
teardrops	3
teachings	3
sympathy	3
symbolise	3
symbol	3
swift	3
sweetness	3
swanlike	3
suspended	3
surprise	3
sure	3
sundry	3
sunbeams	3
summits	3
sultry	3
sufficient	3
sufferings	3
sublimity	3
strayed	3
strand	3
stony	3
stirs	3
sting	3
stillness	3
steeds	3
steadfastness	3
stay	3
starts	3
startled	3
starlike	3
stage	3
springs	3
spreads	3
southward	3
sorry	3
soothe	3
solid	3
soldier	3
social	3
small	3
sleeping	3
skim	3
sitting	3
silvery	3
silently	3
sighs	3
sickly	3
shrouded	3
shrines	3
shows	3
shown	3
short-lived	3
shook	3
shimmering	3
shattered	3
shakespeare	3
shaft	3
shadowy	3
shadow	3
seyd	3
sex	3
servants	3
serenity	3
serenely	3
selfishness	3
seed	3
season	3
sceptre	3
scented	3
scared	3
scarcely	3
sage	3
sadness	3
rustic	3
rushing	3
rush	3
rt	3
royal	3
roseate	3
room	3
rolled	3
rite	3
ripened	3
ringing	3
rind	3
riches	3
rhyme	3
restored	3
respite	3
rent	3
remorse	3
remembered	3
remained	3
relief	3
reigned	3
ready	3
rather	3
ran	3
quits	3
quiet	3
quickening	3
quick	3
quail	3
pulse	3
promises	3
prize	3
prince	3
prime	3
primal	3
primaeval	3
priests	3
priest	3
present	3
precincts	3
praises	3
powerless	3
portals	3
porch	3
plaintive	3
plains	3
pines	3
pillowed	3
pillow	3
phantoms	3
perish	3
pause	3
patient	3
passions	3
passes	3
parted	3
pangs	3
pang	3
pallid	3
orbed	3
often	3
odorous	3
objects	3
oath	3
notes	3
northward	3
nightingale	3
news	3
nest	3
nerveless	3
needs	3
nectar	3
nearer	3
native	3
natal	3
mysterious	3
muses	3
move	3
mouldering	3
moulded	3
moslem	3
mortals	3
mortal	3
moody	3
monument	3
monarchs	3
moments	3
modest	3
mocking	3
mistress	3
miss	3
mischief	3
methought	3
melts	3
melancholy	3
meets	3
meek	3
medora	3
meditation	3
measure	3
meadows	3
meadow	3
mast	3
massive	3
martial	3
mart	3
marriage	3
mark	3
manly	3
main	3
maid	3
magic	3
lyre	3
luxury	3
lullaby	3
loneliest	3
locks	3
lily	3
lifted	3
lifeblood	3
liberty	3
letter	3
lengthened	3
lending	3
least	3
leafy	3
leads	3
leaden	3
lays	3
law	3
latest	3
larches	3
lamps	3
lament	3
lair	3
laden	3
labyrinth	3
knights	3
knelt	3
knees	3
knee	3
kingdom	3
kindled	3
judge	3
journeying	3
joke	3
jocund	3
isles	3
inspiration	3
infant	3
indignant	3
indeed	3
impulse	3
imploring	3
immortality	3
imbued	3
idols	3
hushed	3
hurled	3
hundred	3
humanity	3
hum	3
household	3
house	3
hopefulness	3
honour	3
honest	3
hollow	3
holier	3
hoarded	3
hoard	3
higher	3
heroic	3
hermitage	3
hence	3
hemisphere	3
hears	3
heads	3
haunted	3
hate	3
harsh	3
harm	3
handed	3
gurgling	3
guard	3
grope	3
grisly	3
grim	3
grieve	3
greedy	3
grateful	3
granite	3
gracious	3
gracefulness	3
goddess	3
goblet	3
gnawing	3
gloomy	3
glimmering	3
glimmer	3
glen	3
glades	3
glade	3
giver	3
girl	3
ghastly	3
german	3
gem	3
gazes	3
gaudy	3
gate	3
gale	3
fury	3
fruits	3
fraught	3
frail	3
fragments	3
fought	3
fortunes	3
formed	3
forgetfulness	3
forests	3
foremost	3
footfall	3
food	3
follows	3
fly	3
fluttering	3
flushed	3
flock	3
floats	3
flings	3
flies	3
flickering	3
fled	3
finds	3
fills	3
fields	3
fibre	3
fever	3
fellows	3
feelings	3
feeble	3
fed	3
fatal	3
fancies	3
famine	3
faltering	3
false	3
faithless	3
fairy	3
faint	3
fail	3
fadeless	3
faded	3
eyeballs	3
exultant	3
expressed	3
expectation	3
expand	3
exhaustless	3
essence	3
erst	3
entered	3
enter	3
enshrined	3
enfold	3
emerald	3
embers	3
em	3
else	3
elms	3
elements	3
elemental	3
eight	3
egeria	3
echoes	3
ebbing	3
earl	3
due	3
drifting	3
dreamed	3
drawn	3
drag	3
dove	3
dolores	3
divide	3
disloyal	3
dirges	3
differing	3
dial	3
dew	3
devotion	3
desolated	3
deplored	3
degree	3
defrauded	3
decay	3
dearer	3
dazzled	3
darts	3
darling	3
dame	3
current	3
crumble	3
critics	3
cries	3
crept	3
crashing	3
cradle	3
cousins	3
courts	3
courage	3
counts	3
countless	3
countenance	3
counted	3
corsair	3
core	3
convexity	3
convent	3
contentment	3
conscious	3
conqueror	3
confidence	3
confess	3
commands	3
combine	3
college	3
coal	3
cloudy	3
closing	3
cloisters	3
cloak	3
clings	3
climes	3
clime	3
climbing	3
climate	3
classic	3
clasping	3
church	3
christ	3
chords	3
choral	3
cheated	3
chastened	3
changed	3
chance	3
chambers	3
centuries	3
cathedral	3
camp	3
burden	3
builded	3
brooding	3
brood	3
brink	3
bridge	3
breeches	3
breathless	3
braided	3
bow	3
boundless	3
bold	3
board	3
blushing	3
blow	3
blossoms	3
blossoming	3
blade	3
birds	3
bewitches	3
bereft	3
believe	3
beheld	3
begun	3
bed	3
beckoning	3
beckoned	3
battery	3
barriers	3
awakened	3
artless	3
ardent	3
april	3
appear	3
appeal	3
any	3
ancestral	3
altar	3
aloft	3
aisles	3
ages	3
affections	3
afar	3
adorn	3
adored	3
added	3
zephyr	2
wrong	2
written	2
wrecks	2
wreath	2
wounds	2
wounded	2
wouldst	2
worth	2
worm	2
wooing	2
wondering	2
women	2
wizard	2
withheld	2
wistful	2
wiser	2
wins	2
wilt	2
wilful	2
wiles	2
whoever	2
whirlwind	2
whereon	2
whatsoever	2
wells	2
welcoming	2
welcomes	2
weighed	2
weeks	2
weeds	2
web	2
weaves	2
weather	2
weariness	2
weapon	2
weak	2
ways	2
watchword	2
watching	2
wastes	2
washington	2
warriors	2
warms	2
warmed	2
wandering	2
wand	2
walked	2
walk	2
wages	2
vulture	2
vow	2
vote	2
voluptuous	2
visionary	2
virtue	2
violets	2
vigour	2
victim	2
vestal	2
verse	2
venus	2
venerable	2
velvet	2
veils	2
veiled	2
vassal	2
vary	2
variety	2
variegated	2
valleys	2
ushered	2
uplifted	2
unsullied	2
unstirred	2
unsought	2
unscathed	2
unrolled	2
unroll	2
unless	2
unknown	2
universe	2
unity	2
unison	2
unimpassioned	2
unheard	2
unhappy	2
ungrudgingly	2
ungoverned	2
unfound	2
unforgot	2
unfathomed	2
undimmed	2
uncouth	2
unclose	2
unchanged	2
unbroken	2
unborn	2
unblenching	2
unbelieving	2
unaided	2
unaccustomed	2
twixt	2
twinkling	2
twin	2
twelvemonth	2
turmoil	2
turf	2
turbid	2
tumult	2
tuesday	2
trunk	2
trumpets	2
truly	2
trouble	2
triumphal	2
treacherous	2
transitory	2
transcendent	2
tranquil	2
trampling	2
traces	2
toy	2
towering	2
toss	2
torture	2
tore	2
toll	2
toils	2
tireless	2
timorous	2
timid	2
times	2
ties	2
tidal	2
thunders	2
thumb	2
throws	2
throw	2
throughout	2
thronged	2
throb	2
three	2
thousands	2
thorn	2
thistles	2
thicket	2
therefore	2
themis	2
theirs	2
thebes	2
thatch	2
thanks	2
thankfulness	2
temper	2
telltale	2
teeth	2
teeming	2
tearful	2
taskmaster	2
tapestries	2
tame	2
talons	2
talisman	2
talent	2
table	2
symphony	2
sympathies	2
symmetry	2
sworn	2
swings	2
swaying	2
swam	2
surly	2
surges	2
surely	2
sup	2
suns	2
sunniest	2
sunlike	2
sunless	2
sunk	2
sumter	2
summons	2
suit	2
sue	2
successful	2
subtle	2
subdued	2
study	2
struggling	2
struggles	2
struggled	2
struck	2
strove	2
stroke	2
strives	2
striven	2
stripling	2
stride	2
stretched	2
stretch	2
strengthened	2
streamed	2
strange	2
strains	2
straining	2
stores	2
stored	2
stop	2
stolen	2
stocks	2
stir	2
stilled	2
sternness	2
sterner	2
stem	2
steed	2
stealth	2
statue	2
starving	2
stake	2
stairway	2
stair	2
stainless	2
st	2
squirrel	2
squadrons	2
spurs	2
sprung	2
sprang	2
spoken	2
spoils	2
spoilers	2
splendours	2
splendour	2
spheres	2
spears	2
speaks	2
spark	2
spaniard	2
sown	2
sowed	2
soulless	2
sorts	2
somewhere	2
sombre	2
solitudes	2
softer	2
sob	2
snake	2
slavery	2
slave	2
slain	2
skirts	2
skilled	2
six	2
sire	2
sinking	2
sink	2
sings	2
sin	2
sighed	2
sickle	2
shun	2
shuddering	2
shroud	2
shrill	2
showering	2
shower	2
shouts	2
shout	2
shouldst	2
shoulder	2
short	2
shoes	2
ships	2
sheltered	2
shame	2
shaking	2
shake	2
shaded	2
seven	2
setting	2
service	2
servant	2
serpent	2
serious	2
sere	2
sepulchre	2
senate	2
semblances	2
seldom	2
seeming	2
seemeth	2
seeds	2
secret	2
seaward	2
seat	2
sculptor	2
scruples	2
scornfully	2
scornful	2
scorned	2
scorch	2
scoffed	2
scientific	2
schemes	2
sceptred	2
scentless	2
scant	2
savage	2
satin	2
saracen	2
sapphire	2
sanctuary	2
sanctified	2
salzburg	2
salt	2
saintlike	2
sails	2
safety	2
ruthlessly	2
rust	2
rules	2
ruin	2
rounded	2
rosary	2
roots	2
rome	2
romantic	2
rocked	2
robert	2
robed	2
rivulet	2
rings	2
ringlet	2
rim	2
ridge	2
rides	2
reviving	2
reviewers	2
revenge	2
reveals	2
revealing	2
revealed	2
reveal	2
returns	2
returned	2
retribution	2
retreat	2
resurrection	2
rescue	2
requiem	2
repair	2
remote	2
relics	2
rejoice	2
rehearsed	2
regret	2
refuse	2
refulgent	2
refuge	2
reflects	2
reflect	2
reeking	2
redolent	2
reclined	2
receive	2
realm	2
really	2
reality	2
real	2
reads	2
rays	2
ransomed	2
ransacked	2
ranks	2
rank	2
rain	2
quivered	2
quite	2
question	2
quest	2
quenchless	2
queenly	2
quaint	2
quaffed	2
pyramids	2
purpose	2
purer	2
pulseless	2
psalm	2
proudly	2
prophecies	2
prop	2
proof	2
prometheus	2
progeny	2
profound	2
proclaimed	2
procession	2
princely	2
priestess	2
priceless	2
pressure	2
pregnant	2
precious	2
prayers	2
poverty	2
possessed	2
possess	2
population	2
pomp	2
pole	2
poised	2
points	2
point	2
poetic	2
plunged	2
plucked	2
ploughed	2
pleasures	2
pleasing	2
please	2
plays	2
playing	2
playful	2
plashing	2
planted	2
plant	2
pitying	2
pile	2
piercing	2
piece	2
pie	2
philosophic	2
peter	2
perfumes	2
perfumed	2
pencil	2
peeps	2
pearly	2
paynim	2
pausing	2
patriarchal	2
patience	2
pathways	2
pastures	2
pastoral	2
passing	2
partridge	2
parthenon	2
pardon	2
paragon	2
paradox	2
pall	2
palely	2
pair	2
painter	2
paid	2
pageantry	2
pace	2
owns	2
outlines	2
outline	2
outer	2
ourselves	2
others	2
orient	2
organ	2
orbit	2
offering	2
odd	2
observant	2
obscure	2
o'ersweeping	2
nurtured	2
numbers	2
nothingness	2
nothing	2
nine	2
nestling	2
neighbours	2
neighbourhood	2
nay	2
naughty	2
natures	2
nancys	2
nancy	2
names	2
nameless	2
naked	2
myself	2
myriads	2
mutual	2
muttered	2
musing	2
musical	2
murmur	2
murky	2
mud	2
mourns	2
mourning	2
moulds	2
mould	2
motto	2
mormon	2
moorish	2
moor	2
moonlit	2
monumental	2
monsters	2
monday	2
moistened	2
mohammed	2
mocks	2
mocked	2
mock	2
misers	2
miser	2
mis	2
minstrelsy	2
minster	2
mingles	2
minerva	2
minds	2
minded	2
minaret	2
milk	2
mild	2
methinks	2
messenger	2
mercury	2
mention	2
melt	2
melodies	2
mellow	2
mein	2
meekly	2
measures	2
mazes	2
matters	2
mask	2
mary	2
marvel	2
mars	2
marks	2
marked	2
mantle	2
mane	2
making	2
maketh	2
majesty	2
maidens	2
magnificence	2
magnanimity	2
mad	2
lustrous	2
lustre	2
luminously	2
loyalty	2
lowing	2
lower	2
lovers	2
lovely	2
lovelier	2
loud	2
lose	2
lore	2
looketh	2
longing	2
loitering	2
lock	2
load	2
lives	2
listens	2
list	2
line	2
lightnings	2
lightly	2
lightest	2
lesson	2
lends	2
lendings	2
leisure	2
legions	2
legible	2
legends	2
legendary	2
lee	2
ledges	2
learning	2
learned	2
leap	2
leaned	2
leafless	2
laying	2
lawn	2
laughing	2
lashes	2
large	2
lap	2
language	2
landsick	2
landmarks	2
landlocked	2
lances	2
lancers	2
lamp	2
laggard	2
ladder	2
lack	2
labour	2
known	2
knowledge	2
knowest	2
knitting	2
knell	2
kith	2
kings	2
kine	2
kindly	2
kindle	2
kin	2
keystone	2
key	2
kernel	2
kate	2
justice	2
juno	2
judgement	2
jubilee	2
joyless	2
journeyed	2
joined	2
join	2
jamaica	2
jackets	2
ivory	2
israel	2
island	2
isabella	2
irradiate	2
iris	2
inward	2
invites	2
invading	2
invader	2
intrude	2
intensity	2
insect	2
inmates	2
ink	2
ingots	2
informed	2
infidel	2
infancy	2
induction	2
inconstant	2
impatient	2
immensity	2
imaginings	2
imaginary	2
images	2
illusive	2
illume	2
idol	2
identical	2
husbandman	2
hurrying	2
hurries	2
hunter	2
humility	2
humblest	2
hue	2
hot	2
hospitable	2
horrors	2
horde	2
hoofs	2
homes	2
homer	2
holiest	2
holds	2
hoards	2
hillside	2
highborn	2
hides	2
heritage	2
heraldic	2
henry	2
hemlock	2
hem	2
helplessness	2
help	2
heights	2
heedless	2
heavens	2
hearth	2
heaped	2
haze	2
having	2
hated	2
harp	2
harmonious	2
haired	2
h	2
gulf	2
guiltless	2
guerdons	2
growth	2
grow	2
groves	2
groping	2
groan	2
griefs	2
greets	2
greenly	2
greater	2
graybeard	2
graven	2
gratitude	2
grasses	2
grasps	2
gosling	2
gory	2
goeth	2
goes	2
goblets	2
glows	2
glistening	2
glimpse	2
glean	2
gleaming	2
glassy	2
gladly	2
girt	2
girlhood	2
gild	2
gigantic	2
ghostly	2
ghost	2
gentlemen	2
genial	2
generous	2
gather	2
gasping	2
gas	2
garmenture	2
garment	2
garlands	2
garb	2
gander	2
game	2
future	2
furrows	2
furl	2
fruited	2
fruitage	2
froze	2
frowned	2
friendly	2
freshly	2
frenzied	2
freeze	2
frame	2
fountains	2
fostering	2
forgive	2
forgets	2
force	2
footing	2
fool	2
fondness	2
followers	2
folks	2
foliage	2
foes	2
foe	2
flushing	2
flows	2
flowery	2
flow	2
flora	2
floods	2
float	2
flinty	2
flicker	2
flew	2
fleshly	2
fleece	2
flee	2
flattering	2
flatterers	2
flash	2
flagstaff	2
fitted	2
fits	2
fitful	2
finding	2
final	2
file	2
fifty	2
fie	2
fibres	2
feverish	2
feudal	2
fettered	2
festival	2
feels	2
feebler	2
feature	2
feathers	2
fawn	2
fault	2
fathom	2
fates	2
farm	2
fantasy	2
fantasies	2
fanned	2
fane	2
family	2
faltered	2
falter	2
falling	2
fallen	2
fairly	2
fairest	2
fainting	2
fails	2
express	2
explore	2
expands	2
excuse	2
everything	2
evermore	2
eve	2
europe	2
eternal	2
est	2
errand	2
enterprise	2
enhance	2
english	2
enforced	2
energy	2
endure	2
ended	2
endeavour	2
empurpled	2
empires	2
emotions	2
emerging	2
embracing	2
embowering	2
elsewhere	2
eloquent	2
eloquence	2
elizabeth	2
either	2
effulgence	2
edge	2
echoing	2
ebon	2
ebb	2
eaves	2
easy	2
earthquake	2
earnestness	2
duty	2
duskier	2
dues	2
drum	2
drowned	2
dripping	2
dreamy	2
draught	2
drank	2
drama	2
drain	2
dragon	2
dozens	2
downward	2
dower	2
dovelike	2
doubly	2
double	2
doomed	2
domestic	2
domain	2
dolphins	2
doings	2
dog	2
divorced	2
distrust	2
distressed	2
distress	2
disown	2
discern	2
dip	2
dinner	2
din	2
dilated	2
didst	2
diamonds	2
diamond	2
dewless	2
dewdrops	2
devastated	2
destroy	2
desolation	2
design	2
descending	2
derision	2
departure	2
departs	2
departed	2
depart	2
deluded	2
delights	2
delight	2
delicious	2
delay	2
decks	2
deathlessness	2
deathless	2
deathbed	2
dearth	2
dart	2
darkest	2
dared	2
dangers	2
dancers	2
culled	2
cuckoo	2
crusade	2
crumb	2
cruelty	2
cruel	2
crownless	2
crowing	2
crowding	2
crowded	2
crest	2
creeping	2
creep	2
creature	2
creation	2
coward	2
courtly	2
courtiers	2
courteous	2
counting	2
counsels	2
counsel	2
cottage	2
cot	2
corrode	2
coronal	2
contents	2
content	2
contemplation	2
consummate	2
constancy	2
consecrated	2
conquered	2
congregate	2
confessional	2
confer	2
concentred	2
comrades	2
compassionate	2
combined	2
coining	2
coined	2
coil	2
clutch	2
cluster	2
clung	2
clothe	2
closely	2
climbs	2
cliff	2
clemency	2
clearer	2
clarion	2
clambered	2
claimed	2
citadel	2
circumstance	2
circlet	2
churlish	2
chosen	2
choice	2
china	2
childish	2
chickering	2
chart	2
charm	2
chariot	2
chaplets	2
chant	2
chamber	2
chains	2
chained	2
cell	2
cease	2
cause	2
caught	2
cat	2
castle	2
cash	2
carvings	2
career	2
car	2
captive	2
canopy	2
cane	2
calvary	2
callow	2
caitiff	2
cadmus	2
cadenced	2
cable	2
cabins	2
cabin	2
buy	2
busy	2
bursts	2
burst	2
burned	2
buried	2
burial	2
budding	2
bruised	2
browed	2
bronze	2
broidery	2
broader	2
bringing	2
bringeth	2
brimming	2
brilliant	2
bridegroom	2
breed	2
breathing	2
breaking	2
breakers	2
bravely	2
brands	2
branch	2
bowl	2
bounties	2
borders	2
boots	2
books	2
book	2
bones	2
bodies	2
blush	2
bluer	2
blotted	2
blot	2
blossomings	2
blooms	2
blooming	2
bloodstained	2
blithe	2
blinding	2
blazing	2
blast	2
blades	2
bitterness	2
billowy	2
billow	2
bier	2
beloved	2
bells	2
belief	2
beguiles	2
beguiled	2
begirt	2
bee	2
beckon	2
because	2
beaux	2
bearing	2
beaming	2
beacons	2
bays	2
battling	2
bathing	2
bathe	2
bask	2
bashful	2
bars	2
barrier	2
bard	2
barbaric	2
bar	2
banquet	2
banks	2
bands	2
balm	2
backward	2
bacchus	2
awake	2
awaiting	2
aunt	2
attest	2
attention	2
ashes	2
arranged	2
armour	2
armies	2
arches	2
appears	2
apology	2
apart	2
anything	2
anticipated	2
always	2
altars	2
alps	2
aloud	2
alhambra	2
alchemy	2
alarms	2
aged	2
afraid	2
aerial	2
adds	2
absent	2
abroad	2
abashed	2
^^	2
\	2
.''	2
*	2
«r	1
zouaves	1
zodiac	1
zion	1
zest	1
zephyrs	1
zealous	1
youthfulness	1
yourself	1
yours	1
youngest	1
yore	1
yonder	1
yielding	1
yesterday	1
yeast	1
yearnings	1
yearneth	1
yearned	1
yearn	1
yawning	1
yarns	1
yarn	1
y	1
xin	1
xil	1
x\nd	1
wroth	1
wrongs	1
wronged	1
writhing	1
writhe	1
writes	1
writers	1
wrinkles	1
wrinkled	1
wright	1
wretchedness	1
wretched	1
wrestlings	1
wrestlers	1
wreck	1
wreathe	1
wraps	1
wrapped	1
wrap	1
wove	1
wound	1
would'st	1
wottld	1
worthless	1
worst	1
worship	1
worse	1
worldly	1
worldliness	1
workshop	1
working	1
wore	1
wool	1
woof	1
wooed	1
woodlands	1
wooden	1
woodbine	1
wont	1
wonders	1
womanhood	1
wjtejt	1
wits	1
witnessed	1
withering	1
withered	1
witching	1
wishing	1
wiped	1
winters	1
winning	1
windrows	1
windows	1
window	1
winding	1
wily	1
willows	1
willing	1
william	1
willed	1
wildly	1
wildest	1
wig	1
wield	1
widowhood	1
widowed	1
wi7ie	1
wholly	1
wholesome	1
whither	1
whitest	1
whiter	1
whistles	1
whistle	1
whispers	1
whirring	1
whirred	1
whirling	1
whicti	1
wheresoever	1
whelps	1
whelp	1
wheel	1
whee	1
whale	1
whack	1
well-bred	1
welfare	1
welcomings	1
welcojne	1
weightier	1
weeping	1
ween	1
wednesday	1
weathers	1
wears	1
wearied	1
weareth	1
weapons	1
wayside	1
waxes	1
wax	1
wavering	1
watery	1
waterfalls	1
watered	1
watchmg	1
watchman	1
watchful	1
watches	1
wast	1
warring	1
warren	1
warnings	1
warmth	1
warlike	1
warhorse	1
warfare	1
warders	1
ward	1
wants	1
wanes	1
wanderings	1
wanderers	1
wandered	1
wander	1
wan	1
walks	1
wakening	1
waken	1
waked	1
waiting	1
wain	1
wail	1
wage	1
wafted	1
voyage	1
vows	1
vowed	1
vouchsafed	1
votive	1
votes	1
votary	1
votaress	1
volunteers	1
volunteer	1
volumes	1
volume	1
vogue	1
vocal	1
vn	1
vl	1
vizors	1
vizor	1
vivify	1
vividness	1
vitality	1
visits	1
visitants	1
visibly	1
virgil	1
viper	1
violin	1
violence	1
violated	1
violate	1
vines	1
vindicate	1
villages	1
views	1
viewed	1
victors	1
victorious	1
victor	1
vibratory	1
vibration	1
viands	1
vial	1
veteran	1
vesuvius	1
vests	1
vestments	1
vestals	1
versed	1
verona	1
vernal	1
vermilion	1
venture	1
vent	1
venomed	1
venom	1
vengeful	1
vengeance	1
venetian	1
venerate	1
velasquez	1
veined	1
veiling	1
veer	1
vaunt	1
vaulted	1
vaster	1
vase	1
varney	1
varlet	1
vanity	1
vanities	1
vanished	1
van	1
valueless	1
value	1
valete	1
vague	1
vagrants	1
vagrant	1
vacuum	1
vacancy	1
utters	1
uttered	1
utter	1
utmost	1
usurping	1
usurer	1
useless	1
usances	1
urso	1
urging	1
urged	1
urchins	1
upturned	1
uprooted	1
uprears	1
uplands	1
upholsterer	1
upholds	1
upheaved	1
upas	1
unyielding	1
unwrinkles	1
unwound	1
unwilling	1
unwept	1
unwedded	1
unviolated	1
unveering	1
unvarying	1
unvalued	1
unuttered	1
untutored	1
untrodden	1
untonsured	1
unthoughtfully	1
untended	1
untenanted	1
untamed	1
unsympathizing	1
unsyllabled	1
unswerving	1
unswayed	1
unsubstantial	1
unstirring	1
unstinting	1
unstable	1
unspotted	1
unspoken	1
unspoke	1
unspelt	1
unsounded	1
unslaked	1
unshaken	1
unsexed	1
unseal	1
unrustling	1
unruffled	1
unrevered	1
unreturning	1
unresting	1
unrestful	1
unreminded	1
unrefreshed	1
unreclaimed	1
unransomed	1
unquiet	1
unquenched	1
unpolluted	1
unpitying	1
unperceived	1
unnumbered	1
unnerved	1
unmoved	1
unmindful	1
unmeasured	1
unmarked	1
unlustrous	1
unloosened	1
unlooked-for	1
unlock	1
unknit	1
unknightly	1
united	1
unitarian	1
unintermitted	1
unhindered	1
unheeding	1
ungathered	1
unfurrowed	1
unfurling	1
unfurled	1
unforgotten	1
unforgetful	1
unforetold	1
unflickering	1
unfinished	1
unfettered	1
unfathbmed	1
unfaltering	1
unexpressed	1
unespied	1
unenjoyed	1
unenduring	1
unduly	1
undoubted	1
undone	1
undivided	1
undismayed	1
undiscovered	1
undeveloped	1
understood	1
undermined	1
undergone	1
underdone	1
undei	1
undefiled	1
undazzled	1
undauntedly	1
undaunted	1
uncreated	1
uncovered	1
uncounted	1
unconsciously	1
unconquerable	1
unconfided	1
uncomprehendingly	1
unclosed	1
uncle	1
unclasped	1
uncircumscribed	1
uncertainties	1
uncaring	1
uncared	1
unbrokenly	1
unbroke	1
unbought	1
unbent	1
unbeaconed	1
unbarred	1
unb	1
unavenging	1
unavailingly	1
unaltered	1
unalterable	1
unable	1
un	1
ulgency	1
tyrants	1
twofold	1
twining	1
twined	1
twilighfs	1
tutor	1
turneth	1
turkish	1
tuneless	1
tulips	1
trysting	1
trutmulness	1
trustful	1
trough	1
troubled	1
trot	1
troops	1
trivial	1
triumphant	1
tripped	1
trip	1
trio	1
trim	1
trifling	1
trifles	1
trics	1
tricks	1
tributes	1
tributary	1
tribes	1
tribe	1
trenches	1
tremors	1
tremblingly	1
trembled	1
trellised	1
treed	1
treatment	1
treat	1
treason	1
treachery	1
traversing	1
travellers	1
travel	1
travail	1
transported	1
transplanted	1
transparent	1
translucent	1
transient	1
transformed	1
transfigured	1
trample	1
traitors	1
trains	1
trails	1
trailing	1
traffic	1
tradition	1
trade	1
trackless	1
toys	1
townsmen	1
townsfolk	1
toward	1
tournament	1
tough	1
touches	1
tossed	1
torturing	1
tortures	1
tortoise	1
torch	1
topmost	1
topmasts	1
top	1
tooth	1
tools	1
tome	1
tollman	1
token	1
toiled	1
tnmulticonsn&ss	1
tmdisparaged	1
tliat	1
titles	1
title	1
titanlike	1
titanic	1
tinsel	1
tingling	1
tinged	1
tine	1
timoleon	1
tilled	1
tile	1
tigress	1
tightened	1
tiers	1
tidings	1
thwart	1
thusly	1
thursday	1
thunderbolt	1
thrush	1
throned	1
throes	1
throbbings	1
throat	1
thrills	1
thrilled	1
thrice	1
threw	1
thresliold	1
threescore	1
threading	1
thread	1
thoughtless	1
thou'rt	1
thou'lt	1
thoroughfares	1
thorns	1
thon	1
thojighfs	1
thirty	1
thirsty	1
third	1
thinking	1
thin	1
thicker	1
thespis	1
theogony	1
theatrical	1
thatched	1
thanked	1
thackeray	1
th	1
tested	1
test	1
tessellated	1
terraqueous	1
terrace	1
terminate	1
tenure	1
tent	1
tends	1
tenderest	1
temptedst	1
tempted	1
temptation	1
tempestuous	1
tempests	1
tempe	1
telling	1
telescope	1
teems	1
tedious	1
tearless	1
tea	1
tawny	1
taunts	1
tardily	1
tamed	1
tales	1
tale	1
takest	1
taken	1
taint	1
tails	1
tables	1
tableaux	1
symphonies	1
sympathising	1
sympathise	1
sympathetic	1
symmetrical	1
sylvan	1
syllables	1
syllable	1
swimming	1
swim	1
swelling	1
swelled	1
sweets	1
sweetly	1
sweeping	1
sweden	1
sweat	1
swears	1
swear	1
swarming	1
swarm	1
swains	1
swain	1
sv/orn	1
sustaining	1
sustained	1
surveyed	1
survey	1
surrendered	1
surging	1
surgeon	1
surface	1
supper	1
supererogation	1
supercilious	1
sunward	1
sunrise	1
sunnier	1
sunken	1
sunday	1
sunburnt	1
summertime	1
sum	1
sullenly	1
suited	1
suggest	1
suffice	1
suffering	1
sued	1
suddenly	1
succumb	1
succour	1
succeeded	1
subscribers	1
submissive	1
subject	1
subdue	1
styx	1
style	1
stygian	1
sturdier	1
stunned	1
stumblingly	1
stumbling	1
student	1
studded	1
strung	1
strugglings	1
struggle	1
strown	1
strophes	1
stronghold	1
strode	1
striving	1
striveth	1
stripped	1
stripes	1
string	1
striking	1
stricken	1
strewn	1
strewed	1
strew	1
streamlets	1
streak	1
stray	1
stratagem	1
strangers	1
strangely	1
stranded	1
storms	1
stopped	1
stoled	1
stockings	1
stitching	1
stitches	1
stirring	1
stinted	1
stings	1
stilted	1
stifle	1
stiff	1
steppingstone	1
stepped	1
stems	1
steers	1
steering	1
steeple	1
steeled	1
steamer	1
steals	1
steal	1
stcmmer	1
stays	1
stayeth	1
stayed	1
startle	1
stark	1
standing	1
standeth	1
stamps	1
stalwart	1
stalactites	1
stairs	1
stains	1
stagger	1
stages	1
staff	1
squires	1
squandered	1
squadron	1
spurning	1
sprinkled	1
sprightly	1
spreading	1
spouted	1
spousal	1
spotted	1
spotless	1
sport	1
spoons	1
sponsors	1
splintered	1
splashed	1
spiritual	1
spinster	1
spilled	1
spices	1
spermaceti	1
spent	1
spenser	1
spendthriftlike	1
spendthrift	1
speeds	1
speechless	1
species	1
spear	1
speaking	1
sparrows	1
sparrow	1
sparring	1
sparkles	1
sparkled	1
spans	1
spanned	1
spanish	1
span	1
sow	1
sovereigns	1
southern	1
sour	1
soundless	1
sounding	1
soufflets	1
sorrowing	1
sorrowful	1
sorest	1
sores	1
sordid	1
sop	1
soothes	1
sooth	1
sonnet	1
sonl	1
songs	1
sone	1
something	1
solve	1
solomon	1
soliloquy	1
soliloquized	1
soliloquies	1
solemnly	1
sojourned	1
softly	1
softened	1
soften	1
soever	1
socks	1
society	1
sobs	1
soberest	1
sober	1
soareth	1
snug	1
snowbird	1
snltry	1
sneering	1
sneer	1
snatch	1
smote	1
smoky	1
smoke	1
smitten	1
smites	1
smilingness	1
smilingly	1
smiling	1
smileth	1
smilelessly	1
slumberously	1
slumberless	1
slumberest	1
slumbered	1
sluggish	1
slowly	1
sloth	1
slopes	1
slippery	1
slimy	1
slight	1
slid	1
sleigh	1
sleeps	1
sleeplessly	1
sleepless	1
sleepeth	1
slay	1
slaves	1
slaughter	1
slackened	1
skyward	1
skin	1
skiff	1
skeleton	1
sittest	1
sisterhood	1
sipped	1
sip	1
sinuous	1
sinner	1
sinks	1
sinketh	1
singeth	1
sinful	1
sincere	1
sinai	1
simulated	1
simplicity	1
simplest	1
silks	1
silk	1
silenced	1
signal	1
sign	1
sightless	1
siege	1
sidelong	1
sickened	1
shy	1
shuddered	1
shrunk	1
shrubs	1
shrouds	1
shriven	1
shrive	1
shrinks	1
shrinking	1
shrink	1
shrilly	1
shriek	1
shreds	1
showmen	1
showered	1
shouldn't	1
shoulders	1
should'st	1
shot	1
shorten	1
shops	1
shoot	1
shoe	1
shod	1
shocks	1
shipwrecked	1
shifts	1
sherman	1
sheridans	1
shepherd	1
shelves	1
shelter	1
shells	1
shell	1
sheet	1
sheep	1
sheen	1
sheds	1
sheaves	1
shatters	1
shares	1
shared	1
shape	1
shanghae	1
shaken	1
shafts	1
shadowing	1
shadeless	1
shackled	1
severity	1
severed	1
several	1
sever	1
settled	1
serving	1
serves	1
served	1
serried	1
serpents	1
sermon	1
serener	1
seraphim	1
sequestered	1
sepulchred	1
sentry	1
sentinel	1
sentences	1
sensitive	1
senseless	1
send'st	1
selfish	1
select	1
seize	1
seeth	1
seest	1
seeks	1
seeketh	1
seeinest	1
seedy	1
seducer	1
sedition	1
secure	1
secrets	1
seaworn	1
seared	1
search	1
seaports	1
seaport	1
seal	1
seabirds	1
scutcheon	1
sculptured	1
scrip	1
scribblers	1
scourgeth	1
scourge	1
scorpion	1
scorns	1
score	1
scorching	1
scope	1
scoffing	1
scoffers	1
scoff	1
scissors	1
schools	1
schooled	1
schoolboy	1
schooj	1
scent	1
scenery	1
scatter	1
scarred	1
scarfs	1
scarf	1
scares	1
scar	1
scanned	1
scales	1
scaled	1
saying	1
saxon	1
saviour	1
savin	1
savest	1
saves	1
savanna	1
savageness	1
saunter	1
satyrs	1
saturnalia	1
satids	1
sated	1
sarcastic	1
sarah	1
sapling	1
sap	1
sanitary	1
sandy	1
sandwich	1
sand	1
sam	1
salvation	1
salute	1
salutation	1
saintly	1
sailors	1
sailor	1
sailed	1
saflors	1
saffron	1
safely	1
sadly	1
sadducee	1
sacrilegious	1
sacrificial	1
sachem	1
ruth	1
rustle	1
rumour	1
ruler	1
rule	1
ruins	1
rudest	1
rude	1
ruddy	1
ruddier	1
rudderless	1
ruby	1
rubbed	1
royalty	1
row	1
rout	1
rousing	1
rounding	1
roundelay	1
rotten	1
rosy	1
roses	1
root	1
roofs	1
roofings	1
roofed	1
romps	1
romid	1
rollicking	1
rogue	1
rocky	1
roar	1
roams	1
roamed	1
roam	1
ro7nan	1
rkvine	1
rivulets	1
riveted	1
rivers	1
rites	1
riseth	1
rises	1
ripple	1
ripeness	1
ripe	1
ringlets	1
rill	1
rigour	1
rigid	1
rifling	1
rifled	1
rider	1
riddle	1
richer	1
ribs	1
revolt	1
revile	1
reverted	1
reveries	1
reverie	1
reverence	1
reverberating	1
reverberate	1
revelry	1
revellers	1
revelation	1
retire	1
retain	1
resume	1
restlessness	1
resting	1
responsive	1
respond	1
resounding	1
resound	1
resorts	1
resolve	1
resolute	1
resjoonded	1
resistless	1
resigned	1
requires	1
reputation	1
repudiated	1
republics	1
reproductive	1
reprieve	1
repressed	1
replenished	1
repentant	1
repentance	1
repeats	1
repeating	1
repeated	1
repeat	1
repay	1
repast	1
repaid	1
renown	1
rends	1
rending	1
renderings	1
rendered	1
rend	1
remorseless	1
remembrancer	1
remember	1
reluctant	1
relish	1
relentlessly	1
relentless	1
relatives	1
relate	1
rejoinder	1
reins	1
reillume	1
rehearse	1
rehearsals	1
regions	1
regiment	1
regardless	1
regale	1
refused	1
refracted	1
reform	1
reflection	1
refined	1
reeling	1
reed	1
reechoed	1
redeemer	1
reddest	1
recurrent	1
rector	1
recruited	1
recounted	1
recount	1
recorders	1
recognise	1
recked	1
reciprocal	1
recesses	1
recent	1
receives	1
rebuke	1
rebound	1
rebellious	1
rebellion	1
rears	1
reappear	1
reapers	1
reaper	1
reap	1
reached	1
rea	1
re^dair	1
rcce	1
ravished	1
raves	1
ravens	1
rattle	1
ratio	1
rarely	1
raptured	1
rappings	1
rang	1
ramparts	1
rambles	1
raleigh	1
raises	1
rains	1
raindrop	1
raiment	1
ragged	1
rafters	1
radiantly	1
racking	1
rack	1
rachel	1
rabble	1
quiver	1
quitted	1
quit	1
quicksand	1
quickly	1
quickened	1
quicken	1
quenched	1
quench	1
quell	1
queenlike	1
quarterly	1
quarter	1
quarry	1
quarrel	1
quakes	1
quake	1
quailed	1
quadrille	1
pyre	1
pyramid	1
putting	1
pursuit	1
pursues	1
pursue	1
purified	1
purest	1
pupil	1
punsters	1
pungent	1
pun	1
pulsing	1
pull	1
puise	1
pugnacious	1
puff	1
psyche	1
provokes	1
provinces	1
proverb	1
protuberant	1
protector	1
protection	1
protecting	1
prostrate	1
prosperous	1
prosiness	1
prose	1
prompter	1
prolific	1
profusely	1
profoundness	1
profoundest	1
profit	1
proffers	1
professors	1
proclaims	1
proclaim	1
problem	1
private	1
privacy	1
privacies	1
prisoners	1
prisoner	1
prisoned	1
prison	1
prismatic	1
print	1
princes	1
prima	1
prideful	1
price	1
prey	1
prevail	1
presto	1
preserved	1
preserve	1
presents	1
presage	1
prepared	1
prepare	1
prelates	1
prejudice	1
preeminence	1
precisely	1
precipitously	1
precipice	1
prays	1
praying	1
prayerlike	1
prairie	1
powers	1
pout	1
potomac	1
potency	1
postmortem	1
possession	1
portrait	1
portal	1
port	1
populous	1
pops	1
pond	1
pomona	1
pomegranate	1
polonius	1
polluted	1
polka	1
poisonous	1
poison	1
pointing	1
pointed	1
poems	1
poefs	1
pluto	1
plunge	1
plundered	1
plums	1
pliwte^	1
plinth	1
plighted	1
plenty	1
plenteous	1
pleiades	1
pledged	1
pledge	1
pleas	1
pleadings	1
pleading	1
plead	1
playmate	1
playfellows	1
playfellow	1
players	1
playbills	1
plaudits	1
plaudite	1
platforms	1
plate	1
plaster	1
planned	1
planetary	1
plaint	1
placing	1
places	1
placed	1
pittance	1
pith	1
pitching	1
pitched	1
pirates	1
pipe	1
pious	1
pinnacles	1
pinnacle	1
pilots	1
pillows	1
piles	1
pierced	1
piecemeal	1
picture	1
picks	1
physiognomy	1
physiognomies	1
physician	1
phosphorescent	1
phlebotomize	1
philosophy	1
phase	1
phalanx	1
petticoat	1
pet	1
pervading	1
pertinent	1
personation	1
persia	1
perry	1
perplexity	1
perplexed	1
perpetual	1
perjured	1
peristyle	1
perils	1
perfume	1
performances	1
perform	1
peoples	1
pent	1
pennon	1
pellucid	1
pelf	1
peers	1
peereth	1
peeping	1
peep	1
pedestals	1
peculiar	1
pebbly	1
peal	1
peacefully	1
peacefnlly	1
pay	1
paws	1
pavilions	1
pavilion	1
paved	1
pave	1
pauseless	1
paused	1
patronymic	1
patron	1
pathos	1
pates	1
paternal	1
pate	1
patches	1
pastime	1
pasteboard	1
passive	1
party	1
parts	1
partook	1
partly	1
partial	1
parson	1
parnassus	1
park	1
paris	1
parents	1
parent	1
parched	1
parcel	1
parables	1
parable	1
par	1
paphian	1
paper	1
papanti	1
pantomime	1
pantest	1
panes	1
panellings	1
pan	1
palsied	1
palpitating	1
palmyra	1
pales	1
paler	1
paleness	1
paled	1
pairing	1
paints	1
painstaking	1
paift	1
pages	1
paeans	1
packed	1
pack	1
pacha	1
paced	1
oysters	1
oyster	1
owned	1
owl	1
owe	1
ovid	1
overwhelm	1
overpowering	1
overloads	1
overheads	1
overhangs	1
overhang	1
overfill	1
overcast	1
overboil	1
overarched	1
outward	1
outstretched	1
outside	1
outlook	1
outlive	1
orpheus	1
orlando	1
orison	1
ores	1
order	1
ordained	1
orchard	1
orbits	1
orb	1
orange	1
oracles	1
optics	1
opportunities	1
opine	1
ophelia	1
operate	1
opera	1
opal	1
on^yonth^s	1
omen	1
olympian	1
older	1
olden	1
oiu^	1
oftentimes	1
oftener	1
ofreet	1
officious	1
offices	1
office	1
offer	1
odds	1
oddly	1
october	1
oceans	1
occident	1
occasional	1
obstacles	1
obolus	1
oblivious	1
oblivion	1
obliged	1
obeyed	1
obey	1
obedient	1
obdurate	1
oat	1
oar	1
o'erpay	1
o'erlooking	1
o'erlooked	1
o'erleap	1
o'ercloud	1
o'ercanopied	1
nymph	1
ny	1
nut	1
nursing	1
nursery	1
nursed	1
nurse	1
nun	1
numidian	1
numbered	1
numa	1
nose	1
norway	1
northman	1
northampton	1
north	1
nook	1
noms	1
noiselessly	1
nodding	1
nod	1
nobly	1
noah	1
niobe	1
ninth	1
nights	1
nightly	1
nighfs	1
nigher	1
nigh	1
niches	1
newborn	1
nevermore	1
nestle	1
nereid	1
neither	1
neighbourless	1
neighbour	1
needest	1
nectared	1
necromantic	1
necks	1
necessity	1
nears	1
nearing	1
neared	1
natural	1
narrative	1
napoleon	1
named	1
mythology	1
myth	1
mystic	1
mystery	1
myriad	1
mutiny	1
mutilated	1
mutely	1
musk	1
musician	1
mused	1
muscular	1
muscles	1
murmurings	1
murillo	1
murderer	1
murdered	1
multitudes	1
multifarious	1
muezzin	1
mown	1
movest	1
moved	1
mouse	1
mournfulness	1
mournful	1
mountairl	1
mount	1
mound	1
mouldings	1
moulders	1
moulder	1
motley	1
motionless	1
motes	1
mossy	1
mosses	1
moss	1
mosque	1
mortgage	1
mortality	1
morrow	1
morpheus	1
moralist	1
moralise	1
moral	1
moons	1
months	1
monotone	1
monk	1
monious	1
money	1
monastic	1
monadnock	1
molesting	1
moist	1
modulation	1
modesty	1
modern	1
mockery	1
moans	1
mix	1
mittens	1
mitigation	1
misty	1
missionary	1
mission	1
missing	1
misquoted	1
misplaced	1
misfortune	1
misery	1
miscreant	1
misallied	1
mirthfulness	1
mirthful	1
mirror	1
minuet	1
ministers	1
ministering	1
minion	1
mingling	1
milton	1
miles	1
mightier	1
mice	1
meteors	1
metaphysics	1
metaphysical	1
messieurs	1
messages	1
merrily	1
merits	1
meridian	1
merest	1
merely	1
mere	1
merciless	1
mental	1
memory'^s	1
memoriam	1
members	1
meeting	1
meekness	1
meed	1
medium	1
measured	1
meanwhile	1
meanest	1
meaner	1
mean	1
meal	1
me?nory	1
may'st	1
maxims	1
maw	1
maturing	1
matter	1
matrons	1
matin	1
mater	1
mated	1
matchless	1
mastered	1
masses	1
massacre	1
mass	1
masquerade	1
martin	1
marshal	1
marry	1
marred	1
marketplace	1
marius	1
mariner	1
marianne	1
marched	1
maples	1
manufactures	1
manufacture	1
mantling	1
mansions	1
mansion	1
manner	1
manliest	1
manifold	1
manifest	1
mangled	1
mandrake	1
manage	1
majestical	1
maintain	1
maine	1
mailed	1
mail	1
maids	1
mahogany	1
magpie	1
magnificently	1
magician	1
madness	1
maddening	1
maddened	1
madam	1
lyrical	1
lusty	1
lust	1
lurch	1
luminous	1
lulled	1
luck	1
lowly	1
lowering	1
lovingness	1
lovingly	1
lovesick	1
loves	1
loveliest	1
loss	1
loses	1
lorn	1
lordly	1
loosened	1
loosed	1
looking-glass	1
logan	1
loft	1
lodgings	1
lodge	1
local	1
loathed	1
loan	1
loaf	1
loadstar	1
loads	1
lnagination	1
livery	1
livelihood	1
lived	1
literati	1
litany	1
lists	1
listless	1
listener	1
listen	1
liquor	1
liquid	1
lint	1
linnet	1
links	1
linked	1
link	1
lingeringly	1
lingerest	1
lineaments	1
lineage	1
lincoln	1
limitless	1
limbed	1
lilies	1
liis	1
lighter	1
lighted	1
lifts	1
lifting	1
lieth	1
liest	1
liery	1
lidded	1
lidcote	1
lid	1
lick	1
library	1
leviathan	1
level	1
letting	1
letters	1
lethean	1
lethargy	1
lethargic	1
lessening	1
lessen	1
lent	1
lengthen	1
legs	1
legacy	1
ledge	1
learns	1
leaps	1
lean	1
leaguered	1
leagued	1
leafiness	1
leader	1
lazarus	1
lavishes	1
lavish	1
lave	1
lava	1
laurels	1
launched	1
laughs	1
laughed	1
laugh	1
lature	1
latter	1
latona	1
latin	1
lath	1
lastly	1
lasting	1
lapse	1
landward	1
landsmen	1
landmark	1
laments	1
lamentations	1
laity	1
laitrelled	1
lain	1
lagging	1
ladle	1
lad	1
lacking	1
lackeys	1
lacketh	1
lacerated	1
lace	1
labours	1
knowing	1
knoweth	1
knott	1
knocks	1
knit	1
kneels	1
kneaded	1
kittens	1
kitched	1
kissingly	1
kindness	1
kindling	1
kindliness	1
kindleth	1
kindles	1
kids	1
kenilworth	1
keepsake	1
keeping	1
keenest	1
jury	1
juices	1
juice	1
juggling	1
judged	1
judah	1
journeys	1
jolly	1
jollity	1
jokes	1
jockey	1
jewelled	1
jewel	1
jet	1
jesus	1
jests	1
jest	1
jerk	1
jbing	1
jay	1
jaw	1
jasmine	1
jar	1
jaques	1
janet	1
james	1
ja	1
ivy	1
ivorld	1
italy	1
italia	1
isthmian	1
issuing	1
issue	1
ispahan	1
isn't	1
islanders	1
isabel	1
irksome	1
irish	1
ire	1
inwoven	1
invoking	1
invoked	1
inverse	1
intricate	1
intricacies	1
intoxicates	1
intoxicated	1
interwoven	1
intervening	1
intervals	1
interval	1
intertwined	1
intertwine	1
interpreters	1
interpreter	1
interpret	1
intermmable	1
interlude	1
interlace	1
interesting	1
intercept	1
intent	1
intense	1
intelligence	1
intellectual	1
intellect	1
instead	1
instant	1
inspires	1
insensate	1
insecure	1
insatiate	1
innumerable	1
inner	1
inmate	1
inly	1
inland	1
inlaid	1
inky	1
injustice	1
inherit	1
ingratitude	1
inglorious	1
ingenuous	1
infused	1
infirmity	1
infest	1
infernals	1
inevitable	1
inertness	1
indians	1
incredulous	1
inconstancy	1
incomprehensible	1
incomplete	1
incompetent	1
inclined	1
inch	1
incarnadines	1
inanimate	1
inadequate	1
imprisoned	1
imprinted	1
imprecation	1
implores	1
impetuous	1
imperishable	1
imperative	1
impejdshable	1
impearled	1
impartial	1
impart	1
imogen	1
immortalities	1
immortalised	1
immoral	1
immersed	1
imbue	1
imagine	1
illusion	1
illumine	1
ills	1
ill-fated	1
ill	1
ignoble	1
idly	1
idle	1
idalian	1
iconoclast	1
hut	1
hush	1
hurt	1
hurried	1
hurricane	1
hunting	1
hunters	1
hunt	1
hungers	1
hummingbird	1
ht	1
hosts	1
hostage	1
horticulture	1
horseman	1
horsehair	1
horners	1
horn	1
hoping	1
hopeful	1
hop	1
hoof	1
hood	1
honoured	1
honeyed	1
honey	1
hone	1
homily	1
homesteads	1
homely	1
homeliest	1
homeborn	1
holyoke	1
hollowly	1
hole	1
hoist	1
hock	1
hoarse	1
hoar	1
hive	1
hither	1
histrionic	1
hissing	1
hiss	1
hispanids	1
hints	1
hint	1
hinges	1
hindered	1
hillock	1
hiding	1
hidalgo	1
hesperus	1
hesiod	1
heroine	1
herods	1
hermit	1
hereditary	1
heralded	1
henceforward	1
henceforth	1
hemmed	1
helms	1
helmet	1
hej	1
heir	1
heed	1
hedge	1
hebrew	1
hebe	1
heaves	1
heaved	1
heathen	1
heath	1
heat	1
hearty	1
heareth	1
healthfulness	1
healthful	1
health	1
headland	1
hclirts	1
hazily	1
haydn	1
haunting	1
haunches	1
hat	1
harvestings	1
harvested	1
harshly	1
harrows	1
harrowing	1
harness	1
harmony	1
harmonies	1
harmless	1
hark	1
harebells	1
hardhearted	1
hapless	1
hanging	1
handicraft	1
hammy	1
halves	1
halo	1
hallowing	1
hallowed	1
halfway	1
hajf	1
haircloth	1
hain't	1
hailed	1
hadst	1
gyp	1
gushing	1
gush	1
guns	1
gun	1
gulp	1
gulnare	1
guise	1
guilt	1
guilelessness	1
guides	1
guests	1
guerdon	1
guardhouse	1
grumbles	1
grudgingly	1
grudge	1
growing	1
grovelling	1
grove	1
groups	1
groundwork	1
grounds	1
grotto	1
groped	1
grimly	1
grieving	1
grieves	1
grieved	1
greeks	1
greed	1
greatly	1
graves	1
gratefulness	1
gratefully	1
grate	1
grassy	1
grapes	1
grants	1
grant	1
granary	1
granada	1
grains	1
gradual	1
gracefully	1
gown	1
governed	1
got	1
gossip	1
gospel	1
goosequill	1
goose	1
goodnight	1
good-humoured	1
going	1
gods	1
godiva	1
godhead	1
goaded	1
goad	1
gloves	1
gloved	1
glorying	1
gloriously	1
glorifies	1
gloominess	1
glistering	1
glimmers	1
gliding	1
gleaned	1
glazing	1
glancing	1
glamour	1
gladiatorial	1
gladdened	1
giving	1
giveth	1
gist	1
girdled	1
girdle	1
gilt	1
gift	1
ghouls	1
ghosts	1
get	1
gestures	1
germania	1
georgiana	1
gentlewomen	1
gentian	1
genoa	1
generate	1
geese	1
gazing	1
gazer	1
gazed	1
gaza	1
gauze	1
gauntlet	1
gaudier	1
gathering	1
gated	1
gastronomic	1
garrulous	1
garnered	1
garments	1
garlanded	1
gardens	1
gap	1
ganymede	1
games	1
galvanic	1
galling	1
gallic	1
galleys	1
galleons	1
gallants	1
gallantly	1
galileo	1
futurity	1
further	1
furnish	1
furled	1
fur	1
funny	1
functionaries	1
fullgrown	1
fulfilled	1
fruitless	1
fruition	1
froth	1
frosted	1
frost	1
frolic	1
frock	1
fro7n	1
fro	1
fringed	1
frighted	1
friendships	1
friday	1
fretwork	1
fretted	1
freshening	1
frequent	1
frenzy	1
freighted	1
freightage	1
freight	1
freer	1
freed	1
fred	1
fray	1
fratricide	1
fratricidal	1
fraternal	1
frantic	1
framework	1
fragment	1
fragility	1
fragile	1
fox	1
fowl	1
fourscore	1
fountained	1
fossil	1
fortress	1
fort	1
forsooth	1
forsook	1
forsaken	1
forsake	1
formless	1
former	1
forlorn	1
forgotten	1
forgetting	1
forgetful	1
forge	1
foreshadow	1
foreground	1
foredoomed	1
forbid	1
footstep	1
footprints	1
footprint	1
foothold	1
footed	1
fools	1
foolishness	1
fom*	1
folly	1
following	1
folk	1
foldings	1
foldeth	1
flutter	1
flute	1
flush	1
fluent	1
flowing	1
flowering	1
flowerier	1
flowerets	1
floweret	1
flout	1
floodgates	1
flocked	1
floateth	1
flits	1
flit	1
flingeth	1
flickers	1
fleeces	1
fledgelings	1
fledged	1
fleck	1
flaunting	1
flattery	1
flashings	1
flashes	1
flashed'st	1
flaming	1
fix	1
fitly	1
fisher	1
fireside	1
firefly	1
finished	1
fingered	1
fingei	1
finer	1
filmy	1
filling	1
figures	1
figure	1
fickleness	1
fevered	1
fetlock	1
festive	1
fervour	1
fertilising	1
fertile	1
ferocious	1
ferny	1
ferns	1
fernando	1
fern	1
fenced	1
fence	1
fellowship	1
fellowmen	1
felled	1
feed	1
feathery	1
feathered	1
feasts	1
feast	1
fears	1
fearing	1
fealty	1
fawns	1
fawnlike	1
favourite	1
fatigue	1
fathers	1
fastens	1
fashions	1
farthing	1
farther	1
farmyard	1
farming	1
farmers	1
fare	1
fanny	1
fancier	1
fan	1
falsehood	1
falcon	1
faithlessness	1
fairies	1
fagot	1
fadiiig	1
fadeth	1
factious	1
faction	1
fact	1
faced	1
fabric	1
fabii	1
f	1
exulting	1
extremity	1
extinguished	1
external	1
exquisitely	1
expression	1
expiring	1
experienced	1
experience	1
expectant	1
expectancy	1
existence	1
exist	1
exiled	1
exhumed	1
exhales	1
exhaled	1
exemplary	1
excited	1
exchange	1
except	1
excelsior	1
excellent	1
exceedingly	1
evil	1
eventful	1
eulogy	1
eulalie	1
ethereal	1
etchings	1
et	1
estimate	1
esteem	1
estate	1
establishments	1
essays	1
essay	1
escaped	1
escape	1
ery	1
erratic	1
erected	1
ercles	1
erase	1
equals	1
epochs	1
epistles	1
episode	1
ephemeral	1
epaulettic	1
epaulettes	1
environed	1
environ	1
envied	1
envelops	1
entwined	1
entwine	1
entry	1
entremets	1
entreat	1
enthroned	1
enthral	1
entering	1
ensphere	1
enshroud	1
ensanguined	1
enliance	1
enjoins	1
england	1
engendered	1
engarlanded	1
engage	1
enfranchised	1
enemy	1
enemies	1
enduring	1
ends	1
endowed	1
endless	1
encroaching	1
encounter	1
encircling	1
encircles	1
enchantments	1
enchanting	1
enchanted	1
enchained	1
enamoured	1
enamelled	1
emulous	1
emulates	1
empyrean	1
emotion	1
eminence	1
emerged	1
embryo	1
embrace	1
embody	1
embodied	1
emblemed	1
emblazoned	1
embattled	1
embassy	1
elves	1
elusive	1
eloquently	1
eliza	1
electric	1
eld	1
elastic	1
eininence	1
egypt	1
effulgent	1
effulgency	1
effigies	1
effaced	1
eff	1
edges	1
eddying	1
ecstatic	1
eclipse	1
ebbed	1
eats	1
eating	1
eateth	1
eaten	1
eastward	1
east	1
ease	1
earthward	1
earthenware	1
earnest	1
earn	1
eaglet	1
eagerly	1
dyes	1
dwindling	1
dwindles	1
dwellings	1
dwellifig	1
dwellers	1
duties	1
dusty	1
duration	1
durance	1
dunce	1
dun	1
duly	1
dullness	1
dst	1
ds	1
dryad	1
drunk	1
drowsy	1
drowning	1
drown	1
dross	1
dropped	1
droop	1
drives	1
drive	1
drinks	1
drinking	1
drinketh	1
drifts	1
drifted	1
drift	1
dried	1
drew	1
dresses	1
dresel	1
drenched	1
drear	1
dreamless	1
dreading	1
draw	1
draperies	1
dramatic	1
dram	1
drained	1
doubted	1
doted	1
dossil	1
doors	1
doom	1
donned	1
donnas	1
donkeys	1
donkey	1
domestics	1
domesticity	1
domes	1
dolphin	1
doing	1
dodona	1
dizzy	1
divinity	1
distraught	1
distorts	1
distorted	1
dissolves	1
dissect	1
dissatisfaction	1
displaying	1
displayed	1
dispersed	1
dispensation	1
dismissed	1
dish	1
disguise	1
disfigurement	1
disdained	1
disdain	1
discovers	1
discoursing	1
discordant	1
disco	1
disclose	1
disclaims	1
disclaimer	1
disc	1
disbelieve	1
disappointed	1
disallowed	1
dirge	1
direct	1
diplomatic	1
dine	1
dimly	1
dignity	1
digested	1
diffusive	1
difficult	1
dies	1
didn't	1
diana	1
devoid	1
devil	1
devastating	1
deuce	1
detraction	1
determined	1
despot	1
despondent	1
despondency	1
despite	1
despised	1
desperate	1
despairing	1
desolating	1
deserved	1
deserted	1
desecrated	1
descry	1
description	1
describes	1
descends	1
descend	1
dervise	1
deride	1
deplore	1
depicted	1
dense	1
denizens	1
denied	1
den	1
demon	1
deluge	1
delphic	1
dells	1
dell	1
deliberate	1
delays	1
dejection	1
deity	1
deities	1
defy	1
defraud	1
deformity	1
defined	1
defiles	1
defence	1
deface	1
deer	1
deeply	1
deepest	1
deepened	1
dedicate	1
declared	1
decidedly	1
decent	1
december	1
deceitful	1
deathlessly	1
dears	1
dearest	1
de	1
daylight	1
dawnings	1
dawning	1
dawjting	1
dash	1
darted	1
darkling	1
darken	1
damsel	1
dames	1
dam	1
dalton	1
dallying	1
dainty	1
dagger	1
d^esprit	1
cynosure	1
cyclops	1
cuuen	1
cutter	1
custom	1
curtainings	1
curtaining	1
curs	1
currents	1
curling	1
curiosity	1
curfew	1
curdling	1
cups	1
cupid	1
cumber	1
culture	1
culprit	1
culmination	1
culminate	1
cuirass	1
cuffed	1
cubs	1
ctip	1
crystalline	1
crustiness	1
crust	1
crush	1
crusader	1
crumbwell	1
crumbs	1
crumbleth	1
cruelly	1
crozier	1
crowds	1
crosses	1
crop	1
critical	1
crinkles	1
cringe	1
crimes	1
crimean	1
crevices	1
crested	1
cressets	1
crescent	1
creek	1
creed	1
crawl	1
craving	1
craves	1
crater	1
cramped	1
crag	1
coy	1
cowl	1
covert	1
covered	1
courtliness	1
courses	1
coursers	1
courser	1
couriers	1
countess	1
counterpoint	1
councils	1
couldst	1
costlier	1
cosiest	1
cosey	1
corselet	1
coronals	1
corollary	1
cornerstone	1
corners	1
corner	1
corn	1
cork	1
cordelia	1
coral	1
cora	1
copies	1
cook	1
convulsive	1
convulsed	1
convince	1
convex	1
convert	1
conversation	1
contrition	1
contrasteth	1
contemplative	1
contemplate	1
consuming	1
constrained	1
constrain	1
constituted	1
constituents	1
constellations	1
constellation	1
constellated	1
constant	1
constance	1
consorted	1
consoled	1
consolation	1
considered	1
consent	1
consecrate	1
conquering	1
conned	1
congregated	1
congenial	1
congeal	1
confusion	1
confusedly	1
confronts	1
confounded	1
confluence	1
conflict	1
conflagration	1
confiding	1
confidential	1
confided	1
conference	1
conelike	1
conduct	1
concentrated	1
conceive	1
concealed	1
concavity	1
concave	1
comradeship	1
comprehensive	1
comprehended	1
complicate	1
completed	1
complaint	1
complain	1
compeers	1
compassion	1
compares	1
companionships	1
companionship	1
companion	1
compact	1
como	1
communion	1
communing	1
committee	1
commerce	1
commentators	1
commend	1
comforter	1
cometh	1
comers	1
combat	1
columned	1
columbia	1
colt	1
colourings	1
colouring	1
colour	1
colossal	1
colony	1
colonists	1
colonels	1
colman	1
colloquies	1
collectedly	1
coliseum	1
coldness	1
colder	1
coinpanionship	1
coiling	1
coffers	1
coesars	1
coequal	1
cocoa	1
cocks	1
cock	1
cobwebs	1
cobweb	1
cobalt	1
coals	1
co7nrades	1
clutching	1
clutched	1
clusters	1
clubhouse	1
clover	1
cloudlike	1
clouded	1
clothing	1
clothes	1
closer	1
closed	1
cloistered	1
cloister	1
clock	1
cloaks	1
climates	1
clever	1
clenched	1
cleft	1
cleaving	1
cleave	1
clears	1
clearly	1
classicists	1
class	1
clapped	1
clan	1
claimeth	1
citizen	1
cities	1
circumstances	1
circled	1
circle	1
circean	1
chuckled	1
chuckle	1
chronicled	1
christened	1
christendom	1
chose	1
chorus	1
choosing	1
choir	1
chivalry	1
chivalric	1
chirp	1
childlike	1
chief	1
chest	1
chess	1
cherubs	1
cherub	1
cheers	1
cheerless	1
cheerful	1
cheer	1
cheeks	1
check	1
cheat	1
chaucer	1
chat	1
chastening	1
chastely	1
chaste	1
charter	1
charon	1
charmed	1
charities	1
chargers	1
charades	1
characters	1
chanted	1
changeth	1
changes	1
changeless	1
changefulness	1
champions	1
champagne	1
challenge	1
chafing	1
certainty	1
certainly	1
cereus	1
ceres	1
cerements	1
century	1
centred	1
cello	1
cellar	1
celebrate	1
ceaseth	1
ceases	1
ceaseless	1
caves	1
cavalier	1
cavalcade	1
caution	1
catherine	1
cathay	1
cater	1
cataract	1
castles	1
castilian	1
casemates	1
carving	1
cartload	1
cart	1
carping	1
carpeted	1
carousing	1
carolled	1
carol	1
carnival	1
carnage	1
caring	1
careful	1
cared	1
carcass	1
caravan	1
capitol	1
capitals	1
capital	1
cape	1
cap	1
canonical	1
canker	1
canfiot	1
candour	1
candlelight	1
candidate	1
candid	1
canary	1
calmly	1
calmed	1
calico	1
cahn	1
cage	1
cadence	1
byron	1
bygone	1
buzzing	1
butterfly	1
butter	1
bushels	1
bury	1
bursting	1
burnt	1
burnside	1
burneth	1
burdens	1
bunting	1
built	1
bugle	1
bucephalus	1
bubbling	1
bubbles	1
bubble	1
bs	1
bryant	1
browsing	1
brows	1
brown	1
bronzed	1
brocades	1
brnn	1
brittle	1
brinsleys	1
brine	1
brim	1
brilliancy	1
brightness	1
brightest	1
brighter	1
brighten	1
brigands	1
briefest	1
bridle	1
bridgeless	1
brides	1
brick	1
brethren	1
breechless	1
breathings	1
breathes	1
breasts	1
breaks	1
breadth	1
breaches	1
bravery	1
brass	1
brand	1
brambles	1
brake	1
braids	1
boys	1
bourn	1
bounty	1
boulder	1
bottom	1
botanists	1
boston	1
bosomed	1
borrows	1
bores	1
booty	1
bonfire	1
bonds	1
bolt	1
boldest	1
bolder	1
boiling	1
bof	1
body	1
bob	1
boats	1
boat	1
boast	1
boar	1
blushes	1
blundering	1
bluest	1
bluely	1
bluebeard	1
blows	1
blown	1
blowing	1
blossomed	1
bloomer	1
bloodless	1
blocks	1
blockheads	1
blissful	1
bliss	1
blindness	1
blindly	1
blinded	1
blew	1
blessings	1
blessing	1
blesses	1
blessedness	1
blending	1
blended	1
blench	1
bleeds	1
bleeding	1
bled	1
bleating	1
bleakest	1
blazonries	1
blanket	1
blank	1
blandishments	1
blandishment	1
bland	1
blanche	1
blames	1
blackening	1
blackbirds	1
blackbird	1
bitterer	1
bit	1
bishop	1
birthright	1
birthplace	1
birch	1
biography	1
bine	1
bind	1
billet	1
bill	1
bile	1
bids	1
bidding	1
biddest	1
biblical	1
bewitching	1
bewildering	1
bewails	1
bewail	1
betroths	1
betrayed	1
bethink	1
bet	1
bestrode	1
bestows	1
bestow	1
besides	1
berkshire	1
bereaved	1
benumbed	1
benefits	1
bends	1
benches	1
bench	1
belongs	1
bellows	1
bellona	1
belie	1
belfry	1
beleaguered	1
belated	1
beings	1
behest	1
beguile	1
begone	1
beggar	1
beget	1
befall	1
bees	1
beef	1
becomes	1
becky	1
beckons	1
beautifully	1
beautiful	1
beatrice	1
beatitude	1
beating	1
beasts	1
bears	1
beamed	1
beakers	1
beads	1
beaconless	1
beaconed	1
bayonet	1
bauble	1
battlements	1
battleground	1
battlefield	1
battalions	1
bathed	1
basket	1
basked	1
bashfulness	1
bartholdsgad	1
bartered	1
barter	1
barrenness	1
barons	1
barks	1
bantam	1
banners	1
bankrupt	1
bank	1
ballroom	1
ball	1
bald	1
balances	1
balance	1
bait	1
bag	1
baffling	1
baffled	1
badge	1
bad	1
bacon	1
babes	1
axles	1
awestruck	1
awe	1
awakes	1
awakens	1
awakening	1
awaits	1
await	1
avoid	1
aviary	1
availeth	1
availed	1
autumns	1
authority	1
austerity	1
aunts	1
augur	1
aught	1
audible	1
attending	1
attended	1
atonement	1
athwart	1
athlete	1
ate	1
asunder	1
astrology	1
astonishment	1
aster	1
assuage	1
assistance	1
assist	1
assassins	1
assailed	1
assail	1
ass	1
aspiring	1
aspire	1
aspirations	1
asphodel	1
aspen	1
asleep	1
asketh	1
asked	1
ascends	1
ascending	1
ascended	1
artlessness	1
artists	1
artist	1
artisan	1
articulate	1
arrowy	1
arrests	1
arrears	1
arrange	1
aromatic	1
army	1
armed	1
armchair	1
aristocratic	1
aristides	1
aright	1
arid	1
ariadne	1
argument	1
argonaut	1
arena	1
arctic	1
archives	1
arching	1
arcades	1
arabia	1
ar7ns	1
apply	1
apples	1
applause	1
appetence	1
appeased	1
appeared	1
apparitions	1
appalled	1
apostles	1
apollo	1
ape	1
apathy	1
anxiously	1
anvils	1
antique	1
anticipates	1
anthem	1
antedate	1
answered	1
anser	1
anselmo	1
anodyne	1
annual	1
announce	1
annex	1
anne	1
animated	1
animate	1
angry	1
anger	1
anchors	1
anchor	1
anatomise	1
anatomic	1
analogue	1
analogies	1
amusing	1
ample	1
amorous	1
amenities	1
ambitious	1
amber	1
amazon	1
amazed	1
amatory	1
amateur	1
altered	1
also	1
alpine	1
aloof	1
almoners	1
alma	1
allurements	1
allured	1
allure	1
alloy	1
allowed	1
allotted	1
allies	1
allied	1
allegro	1
allegiance	1
alive	1
alight	1
alienation	1
alien	1
alexander	1
alembic	1
alders	1
album	1
albion	1
alarming	1
alack	1
aisle	1
aims	1
aimless	1
aids	1
aidance	1
ahght	1
agrarian	1
ago	1
afternoons	1
aftermath	1
affrighted	1
affright	1
affliction	1
affinity	1
affectionate	1
affect	1
aether	1
advise	1
advance	1
adore	1
adoration	1
adopted	1
admonition	1
admiring	1
admired	1
admire	1
adjectives	1
adamant	1
adam	1
acuter	1
acts	1
actor	1
active	1
act	1
acres	1
acquaintance	1
acknowledge	1
acid	1
aching	1
achievement	1
acheron	1
accustomed	1
accursed	1
account	1
according	1
accord	1
accept	1
accent	1
academic	1
abysses	1
abyss	1
abysmal	1
abuse	1
abstinence	1
absorbs	1
absorbing	1
absorb	1
absolution	1
absence	1
abounding	1
abodes	1
abhorred	1
abbess	1
abated	1
a7td	1
^niled	1
^''jeiix	1
^''	1
^	1
7naii	1
77ti7nic	1
/,	1
.?	1
...	1
.'*	1
'■'■	1
'■''	1
'•'•	1
";	1
