,	2892
the	2271
and	1222
of	922
.	733
a	727
in	482
'	456
it	451
;	450
to	410
that	401
—	361
is	336
"	272
i	260
with	225
as	224
there	190
for	190
but	177
are	172
on	154
|'s|	151
all	143
was	137
they	137
its	137
from	137
!	136
not	133
we	130
?	125
be	122
he	121
no	113
one	112
like	110
has	109
by	108
you	107
his	106
have	105
old	100
when	95
or	94
her	92
little	89
up	88
how	87
at	86
world	85
who	81
she	81
upon	79
so	79
over	79
were	73
an	73
out	72
through	70
some	70
where	69
*	69
then	68
what	64
this	63
had	62
them	61
shall	61
time	60
into	57
heaven	57
:	56
if	55
those	54
our	54
now	54
day	53
life	51
down	51
us	50
two	50
their	50
would	49
night	49
heart	48
ever	48
.'	47
thought	46
away	46
more	45
can	45
will	43
still	43
him	43
never	42
just	42
dead	42
light	40
here	40
could	40
before	40
again	40
me	39
iron	38
great	38
round	36
been	36
air	36
oh	35
my	35
long	35
god	35
love	34
man	33
yet	31
summer	31
past	31
last	31
gone	31
beneath	31
stars	30
song	30
see	30
may	30
let	30
sweet	29
such	29
woods	28
than	28
new	28
music	28
morning	28
memory	28
eyes	28
do	28
blue	28
till	27
many	27
june	27
cloud	27
|arabic1digit|	26
set	26
nothing	26
first	26
come	26
."	26
your	25
years	25
wind	25
remember	25
full	25
even	25
well	24
way	24
sun	24
star	24
room	24
earth	24
breath	24
went	23
tree	23
red	23
other	23
comes	23
whose	22
flowers	22
fire	22
|arabic3digit|	21
word	21
say	21
perhaps	21
house	21
hand	21
gold	21
beautiful	21
another	21
without	20
white	20
while	20
thing	20
should	20
rain	20
once	20
home	20
go	20
dying	20
does	20
days	20
came	20
bright	20
body	20
back	20
make	19
made	19
look	19
heard	19
fall	19
every	19
dark	19
beauty	19
after	19
words	18
right	18
hearts	18
death	18
young	17
too	17
though	17
soul	17
don't	17
dim	17
clear	17
around	17
about	17
very	16
thee	16
tell	16
something	16
own	16
know	16
half	16
forget	16
along	16
|arabic2digit|	15
year	15
why	15
stand	15
silver	15
saturday	15
only	15
mother	15
loved	15
leaves	15
hear	15
good	15
golden	15
door	15
died	15
did	15
brother	15
bells	15
battle	15
welcome	14
used	14
these	14
spirit	14
sky	14
shadow	14
must	14
left	14
hope	14
grow	14
grave	14
dust	14
beyond	14
being	14
ago	14
age	14
above	14
window	13
voice	13
three	13
think	13
tears	13
since	13
said	13
off	13
might	13
lips	13
indeed	13
gentle	13
done	13
clouds	13
bosom	13
amid	13
within	12
winter	12
wings	12
tomorrow	12
times	12
threshold	12
stood	12
sometimes	12
side	12
same	12
rose	12
rains	12
place	12
passed	12
nor	12
lost	12
linger	12
lay	12
it's	12
human	12
hopes	12
green	12
goes	12
forth	12
flag	12
far	12
cold	12
children	12
cannot	12
breast	12
born	12
better	12
angel	12
!'	12
|romannumeral|	11
wonder	11
west	11
under	11
true	11
trees	11
thy	11
thus	11
thunder	11
sleep	11
sat	11
open	11
name	11
men	11
memories	11
hill	11
grey	11
future	11
find	11
field	11
eye	11
evening	11
each	11
dream	11
corner	11
bird	11
between	11
am	11
windows	10
which	10
waiting	10
until	10
take	10
swept	10
strong	10
strange	10
storm	10
river	10
pale	10
none	10
moon	10
moment	10
midst	10
living	10
laid	10
knew	10
july	10
fountain	10
forgotten	10
die	10
coming	10
brought	10
break	10
book	10
banner	10
against	10
?'	10
yellow	9
winds	9
wave	9
water	9
walls	9
turned	9
top	9
together	9
tis	9
thousand	9
thou	9
things	9
tear	9
sunshine	9
sound	9
sight	9
shadows	9
sea	9
page	9
noon	9
nearer	9
mind	9
meadow	9
makes	9
m	9
lie	9
leaf	9
knows	9
give	9
get	9
flutter	9
few	9
fellow	9
feet	9
fancy	9
ere	9
enough	9
cheek	9
call	9
bud	9
boys	9
blessed	9
bless	9
behind	9
ah	9
work	8
wide	8
whisper	8
turn	8
tune	8
ten	8
sure	8
stands	8
softly	8
soft	8
snow	8
shore	8
sent	8
seen	8
sail	8
rich	8
present	8
pleasant	8
picture	8
paper	8
ones	8
old-fashioned	8
near	8
nature	8
much	8
mighty	8
march	8
line	8
leave	8
land	8
itself	8
glory	8
fourth	8
flying	8
flung	8
fingers	8
everywhere	8
engine	8
ear	8
deep	8
cradle	8
close	8
childhood	8
brow	8
blessing	8
birds	8
billow	8
aye	8
among	8
youth	7
yesterday	7
woven	7
woman	7
wild	7
whom	7
week	7
warm	7
tonight	7
tones	7
today	7
swung	7
sweetly	7
sung	7
sublime	7
struck	7
string	7
spring	7
slowly	7
sing	7
school	7
saw	7
sang	7
s	7
roof	7
rest	7
ready	7
quite	7
poet	7
people	7
panting	7
next	7
mine	7
middle	7
mid	7
merry	7
maybe	7
mary	7
low	7
jonah	7
hollow	7
hard	7
hands	7
graveyard	7
grass	7
grand	7
going	7
glad	7
free	7
form	7
filled	7
fell	7
eagle	7
dumb	7
dear	7
crimson	7
broad	7
bring	7
billows	7
beside	7
beat	7
aloft	7
almost	7
ye	6
write	6
worn	6
wood	6
wing	6
wife	6
veil	6
they'll	6
swells	6
sweetest	6
sunset	6
steel	6
smile	6
shroud	6
sacred	6
return	6
rear	6
queer	6
put	6
pulses	6
prayer	6
port	6
poor	6
played	6
pass	6
names	6
motionless	6
mothers	6
morn	6
matter	6
loving	6
looking	6
lives	6
lies	6
letters	6
keep	6
infant	6
hundred	6
humble	6
huge	6
hour	6
hold	6
hills	6
hearth	6
head	6
harp	6
hair	6
forms	6
foot	6
fields	6
fallen	6
fair	6
faded	6
eyed	6
everybody	6
echoes	6
e	6
drifted	6
deck	6
curtains	6
caught	6
catch	6
breeze	6
bound	6
black	6
big	6
bid	6
begin	6
began	6
beats	6
bears	6
art	6
answer	6
?"	6
)	6
(	6
•	5
you'll	5
wouldn't	5
wonderful	5
wish	5
whole	5
whispers	5
whence	5
wept	5
we'll	5
waters	5
watch	5
wanderer	5
wall	5
voices	5
vision	5
village	5
twa	5
turns	5
turf	5
tunes	5
trembling	5
toil	5
thoughts	5
tempest	5
taken	5
susan	5
strength	5
stream	5
steady	5
starry	5
spell	5
snowy	5
small	5
slow	5
single	5
singing	5
silvery	5
sigh	5
shut	5
sets	5
seem	5
sad	5
run	5
rounded	5
roses	5
roll	5
roaring	5
returned	5
relation	5
record	5
ray	5
pretty	5
pressed	5
press	5
pearl	5
oi	5
nest	5
nae	5
murray	5
motion	5
mittens	5
master	5
loose	5
looks	5
looked	5
lonely	5
lo	5
lingering	5
length	5
learned	5
late	5
lake	5
king	5
joy	5
jordan	5
isn't	5
immortal	5
ice	5
i'll	5
hours	5
homes	5
ho	5
high	5
held	5
heaped	5
hall	5
h	5
grew	5
grammar	5
glowing	5
glow	5
glories	5
glitter	5
glides	5
given	5
girl	5
friends	5
found	5
folded	5
fold	5
flutters	5
flower	5
floated	5
float	5
flight	5
fled	5
fear	5
fast	5
end	5
empty	5
dusty	5
dull	5
dreams	5
distant	5
distance	5
dimmed	5
didn't	5
departed	5
dawning	5
darkness	5
crept	5
couch	5
cloudy	5
clock	5
chimney	5
change	5
buried	5
broken	5
brief	5
breathless	5
boy	5
both	5
blow	5
bliss	5
blaze	5
best	5
beam	5
azure	5
arm	5
apple	5
anybody	5
any	5
always	5
alone	5
alas	5
afternoon	5
wore	4
won	4
withered	4
whispering	4
wherein	4
whatever	4
weeping	4
weep	4
wear	4
watched	4
wandered	4
waited	4
twilight	4
twas	4
truth	4
tremulous	4
treasures	4
train	4
towards	4
touched	4
took	4
tone	4
tomb	4
told	4
tide	4
thrown	4
throne	4
temple	4
telegraph	4
tearful	4
tall	4
talk	4
t	4
swinging	4
swelling	4
sweeps	4
sweep	4
sunny	4
sublimely	4
strown	4
strains	4
strain	4
step	4
steam	4
state	4
spelling	4
spars	4
songs	4
son	4
simple	4
silent	4
signal	4
showers	4
shores	4
ship	4
send	4
seldom	4
seems	4
seas	4
seal	4
science	4
schools	4
says	4
sails	4
rustle	4
runs	4
rocking	4
robe	4
ring	4
ribbon	4
returning	4
rests	4
read	4
quick	4
quarter	4
purer	4
pulse	4
presence	4
power	4
points	4
poets	4
play	4
pinions	4
pillow	4
pencil	4
peace	4
pair	4
opened	4
ocean	4
note	4
musician	4
move	4
mountain	4
moses	4
month	4
met	4
mart	4
marble	4
maiden	4
magic	4
loves	4
lived	4
live	4
limb	4
liis	4
leader	4
laugh	4
la	4
kindled	4
kind	4
journey	4
jane	4
instant	4
image	4
humanity	4
hke	4
herself	4
help	4
helm	4
heavy	4
hay	4
harmony	4
hardly	4
happy	4
growing	4
grief	4
glorious	4
globe	4
glittering	4
glimpse	4
gleaming	4
girls	4
gave	4
frost	4
front	4
forever	4
forest	4
fly	4
flame	4
five	4
felt	4
fairly	4
faces	4
face	4
erect	4
enshrined	4
emblem	4
drowsy	4
drops	4
dozen	4
din	4
daughters	4
d	4
cut	4
crowding	4
crashing	4
count	4
corinth	4
column	4
colour	4
choir	4
child	4
charm	4
changed	4
care	4
candles	4
calm	4
bugle	4
broke	4
brightest	4
brighter	4
breathes	4
breaks	4
brass	4
boldly	4
blush	4
blended	4
blasts	4
bends	4
bending	4
below	4
bed	4
become	4
bear	4
bars	4
armchair	4
arc	4
altar	4
!"	4
york	3
wrote	3
wove	3
wonderfully	3
wlio	3
wives	3
wisdom	3
willows	3
willow	3
whistle	3
whirled	3
whirl	3
westward	3
weight	3
weaving	3
weather	3
weary	3
wearied	3
waving	3
waved	3
warmest	3
war	3
wandering	3
wander	3
wand	3
wafted	3
vine	3
verge	3
valley	3
type	3
trust	3
trumpet	3
troop	3
triumph	3
trinkets	3
trifle	3
traced	3
touch	3
tops	3
tongues	3
tongue	3
tliat	3
tint	3
tin	3
throng	3
thinks	3
thine	3
thin	3
tha	3
tethered	3
tense	3
teach	3
takes	3
swing	3
surprises	3
surely	3
straw	3
story	3
station	3
st	3
spot	3
splendid	3
spirits	3
sparkling	3
southern	3
sounds	3
sought	3
sorrow	3
sofa	3
slumber	3
sleigh	3
skies	3
silently	3
sighing	3
shrouds	3
shower	3
show	3
shot	3
shook	3
shivering	3
shine	3
sheep	3
shed	3
shade	3
seeks	3
seek	3
seats	3
schoolhouse	3
scenes	3
sand	3
salute	3
sabbath	3
rustling	3
rolled	3
rock	3
robin	3
robes	3
road	3
rising	3
risen	3
rings	3
reason	3
rattling	3
rare	3
rainbows	3
r	3
quiet	3
puzzled	3
pure	3
pumpkin	3
provided	3
printed	3
pride	3
precisely	3
playing	3
planet	3
pitcher	3
pendent	3
pauses	3
pattering	3
passing	3
palm	3
painter	3
pain	3
overhead	3
ourselves	3
orchard	3
omnibus	3
oar	3
oaken	3
oak	3
o'clock	3
o	3
northwest	3
north	3
nights	3
newspaper	3
nestling	3
neighbours	3
native	3
narrow	3
named	3
n	3
murmurs	3
murmur	3
moving	3
moves	3
mortal	3
moonlight	3
monster	3
mist	3
mission	3
mirror	3
miles	3
melancholy	3
marsh	3
marches	3
maples	3
maple	3
main	3
magnificent	3
louise	3
loom	3
livery	3
link	3
lines	3
limbs	3
lighting	3
liberty	3
lias	3
less	3
leafy	3
languishing	3
lady	3
labour	3
kept	3
juvenile	3
john	3
jenny	3
jar	3
j	3
it'th	3
inspiration	3
infancy	3
hungry	3
hum	3
household	3
horizon	3
homeward	3
homestead	3
hole	3
height	3
he's	3
having	3
haven't	3
harvest	3
happiness	3
hamlet	3
halls	3
hallowed	3
hadn't	3
gueth	3
grows	3
grown	3
ground	3
griefs	3
graves	3
grant	3
grain	3
gods	3
glorified	3
gloom	3
gleam	3
gives	3
gets	3
gay	3
gathered	3
g	3
furnace	3
frosty	3
frosts	3
fro	3
friend	3
france	3
fragrant	3
four	3
forests	3
fore	3
followed	3
fluttered	3
floating	3
flames	3
fireplace	3
felled	3
feeling	3
father	3
farm	3
fanned	3
fancied	3
family	3
fame	3
falls	3
fallow	3
faith	3
faintly	3
fade	3
extinguished	3
exclaims	3
exactly	3
england	3
ended	3
else	3
eloquent	3
eloquence	3
edith	3
echo	3
ears	3
dwelling	3
dry	3
drums	3
driving	3
dripping	3
drifting	3
drew	3
doubt	3
dome	3
divinity	3
disposed	3
dismantled	3
disguise	3
discovered	3
direction	3
dimly	3
device	3
departing	3
declared	3
december	3
darkened	3
curtain	3
creature	3
creation	3
cradled	3
couplet	3
council	3
corners	3
closes	3
closed	3
circle	3
church	3
childish	3
cherub	3
cents	3
cellar	3
ceiling	3
carried	3
captive	3
canvas	3
can't	3
bushes	3
burns	3
burning	3
burden	3
bunker	3
bundled	3
built	3
build	3
brook	3
brings	3
breezes	3
breathings	3
breathing	3
breaking	3
brave	3
branches	3
brace	3
bowl	3
bow	3
bounding	3
boughs	3
bolt	3
boatswain	3
blowing	3
blast	3
blade	3
bent	3
begun	3
beating	3
beams	3
asleep	3
ask	3
aside	3
array	3
arms	3
armed	3
anthem	3
angry	3
angels	3
anew	3
alike	3
afraid	3
action	3
abroad	3
^	3
.,	3
-	3
}'	2
zephyr	2
youthful	2
yourself	2
yours	2
youngest	2
younger	2
yesterdays	2
wrought	2
wreck	2
wrapped	2
worth	2
woollen	2
wont	2
wondrous	2
womanhood	2
wliich	2
withering	2
wither	2
wiser	2
wise	2
wire	2
wipes	2
winters	2
winged	2
windowpanes	2
wildly	2
widows	2
whither	2
whistles	2
whispered	2
whip	2
wherever	2
wheels	2
wheeled	2
wheel	2
wet	2
welcomed	2
weeds	2
webbed	2
web	2
wears	2
wealth	2
ways	2
waves	2
wavered	2
watching	2
watches	2
waste	2
washed	2
warning	2
waltzes	2
wake	2
wait	2
vow	2
volume	2
vme	2
visible	2
victory	2
vesper	2
verb	2
varied	2
vain	2
vacant	2
utters	2
uttered	2
use	2
untouched	2
unto	2
unstrung	2
unseen	2
unrolled	2
unravelled	2
unfurled	2
unended	2
twixt	2
twitter	2
twisted	2
twinkles	2
twin	2
twenty-two	2
twain	2
turning	2
truly	2
truant	2
triumphs	2
trips	2
trifles	2
trickery	2
tress	2
trembled	2
tremble	2
tread	2
translated	2
trampled	2
trailed	2
toward	2
tossing	2
tombs	2
tlia	2
tinted	2
tink	2
timid	2
thundering	2
throw	2
thrill	2
threw	2
thread	2
thirteen	2
third	2
thinking	2
therein	2
thence	2
thej	2
theij	2
thank	2
terror	2
tenses	2
tenant	2
tassel	2
taking	2
syntax	2
syllables	2
swords	2
swell	2
sweeping	2
swallow	2
sustained	2
surges	2
surface	2
sunsets	2
suns	2
sunday	2
sunbeams	2
sui	2
suggestive	2
subsided	2
sturdy	2
stubborn	2
struggle	2
stroke	2
strewn	2
street	2
streams	2
streamers	2
streamed	2
stranger	2
strangely	2
stormy	2
stork	2
stone	2
stolen	2
stole	2
stick	2
stern	2
steps	2
steal	2
steadily	2
stay	2
stanzas	2
stairs	2
stained	2
springing	2
spray	2
spoke	2
spite	2
speech	2
sparrows	2
sparks	2
space	2
south	2
sounding	2
somehow	2
solid	2
snows	2
smothered	2
smoke	2
smiling	2
smiles	2
slumbers	2
sleeper	2
slate	2
skater	2
six	2
sit	2
sings	2
singers	2
singer	2
sinews	2
simpler	2
sillybossy	2
silence	2
silas	2
sifted	2
shuttle	2
shrine	2
shrill	2
shrieking	2
shrieked	2
showed	2
shoulder	2
shops	2
shone	2
shines	2
shaped	2
shakes	2
sewing	2
setting	2
sentinel	2
sense	2
secret	2
second	2
sealed	2
schoolma'am	2
scarf	2
saxon	2
save	2
sailed	2
safely	2
sadly	2
saddened	2
russet	2
rude	2
rocked	2
robins	2
robbed	2
rival	2
rise	2
ripening	2
ripe	2
ringing	2
rides	2
ride	2
rhyme	2
reveals	2
revealed	2
returns	2
restore	2
response	2
rent	2
remove	2
remembers	2
remembering	2
remains	2
remain	2
regiment	2
refrain	2
recorded	2
recollect	2
recognise	2
receive	2
recall	2
realm	2
realised	2
readers	2
reach	2
rattled	2
rattle	2
rather	2
rapid	2
rang	2
rainy	2
rainbow	2
railway	2
rafters	2
rack	2
quilted	2
question	2
prose	2
prophecy	2
pronunciation	2
pronounced	2
probable	2
prince	2
prepositions	2
preachers	2
prairie	2
pours	2
potent	2
polysyllable	2
polished	2
point	2
poetry	2
plumed	2
plucked	2
pluck	2
plough	2
pleased	2
plays	2
playfully	2
plain	2
places	2
placed	2
pity	2
pilot	2
pile	2
pieces	2
piece	2
picked	2
philosopher	2
phalanx	2
perch	2
penny	2
peep	2
paused	2
path	2
partly	2
parent	2
parched	2
pants	2
panes	2
paltry	2
pail	2
outright	2
ours	2
orient	2
order	2
orchestra	2
orbit	2
opening	2
ohl	2
often	2
ofi	2
offing	2
occupant	2
oaks	2
nuts	2
number	2
november	2
nought	2
notes	2
northern	2
northeast	2
noi	2
nodding	2
nobler	2
noble	2
nestled	2
needles	2
neath	2
nearly	2
nearing	2
nay	2
nations	2
nameless	2
n'aever	2
mystery	2
mute	2
musical	2
muffled	2
mto	2
mournfully	2
mournful	2
mourner	2
mourned	2
mountains	2
most	2
mossy	2
mood	2
moaned	2
mizzen	2
misty	2
mirrored	2
mirage	2
minute	2
mines	2
mimic	2
michigan	2
mice	2
mental	2
mend	2
melody	2
meet	2
meek	2
meant	2
martin	2
mariner	2
manhood	2
magical	2
mack	2
lying	2
lull	2
lucy	2
lovingly	2
lover	2
lovely	2
lot	2
lose	2
london	2
locks	2
locked	2
lock	2
listening	2
listened	2
listen	2
list	2
lip	2
lion	2
lingers	2
lilies	2
letting	2
leaving	2
least	2
leafless	2
lays	2
laughter	2
laughs	2
latter	2
latest	2
landscape	2
lamb	2
lad	2
lace	2
labouring	2
known	2
knitting	2
knell	2
kingdom	2
kindle	2
ken	2
keeps	2
jug	2
joys	2
joshua	2
joe	2
jemmy	2
ive	2
ivas	2
isles	2
ionic	2
interest	2
intellects	2
intellect	2
instrument	2
inscriptions	2
inscription	2
ink	2
ing	2
indian	2
inasmuch	2
imprison	2
immortality	2
immemorial	2
ill	2
idea	2
icould	2
iced	2
i've	2
i'm	2
i'd	2
hythe	2
hymn	2
hut	2
hush	2
hurry	2
hurled	2
however	2
horses	2
horn	2
hoods	2
honoured	2
honour	2
holland	2
holding	2
hired	2
hindering	2
himself	2
highway	2
hides	2
hemlock	2
hei	2
heat	2
hearing	2
haunted	2
harm	2
hark	2
hapless	2
handkerchief	2
hail	2
gun	2
groves	2
grouped	2
group	2
greek	2
graver	2
grasped	2
granite	2
grandmothers	2
graceful	2
got	2
gorgeous	2
goodnight	2
glowed	2
glossy	2
gloomy	2
glittered	2
git	2
girdles	2
gild	2
giant	2
germs	2
gently	2
gathers	2
gathering	2
gather	2
garment	2
gardens	2
game	2
fullness	2
frolic	2
fresh	2
freight	2
freedom	2
frames	2
fragrance	2
fragment	2
foundling	2
forty	2
formidable	2
forgot	2
forges	2
footprints	2
footfalls	2
fond	2
folks	2
foi	2
foe	2
flushing	2
flushed	2
floor	2
flock	2
flies	2
flickering	2
flat	2
flails	2
flagship	2
finds	2
fill	2
figure	2
fight	2
fever	2
fete	2
ferule	2
fences	2
fence	2
fellows	2
feared	2
fathers	2
farther	2
families	2
falling	2
faithful	2
fairer	2
fading	2
fact	2
extended	2
existence	2
exhausted	2
exclamation	2
everything	2
evergreen	2
eveiy	2
ethereal	2
es	2
enters	2
entered	2
enter	2
en	2
elm	2
elements	2
eight	2
eden	2
ed	2
eaves	2
easy	2
eastern	2
east	2
earthly	2
earnest	2
earned	2
early	2
during	2
dug	2
drum	2
drowned	2
drives	2
drip	2
drifts	2
dreary	2
dread	2
drawn	2
drapery	2
dozing	2
downy	2
doubtless	2
doubled	2
doors	2
domestic	2
doffed	2
doesn't	2
divided	2
district	2
disc	2
dirges	2
digger	2
dictionary	2
dewy	2
dews	2
destroyed	2
desk	2
depart	2
den	2
delicate	2
delay	2
deformed	2
deeds	2
dearer	2
david	2
dashing	2
dash	2
darling	2
dare	2
dancing	2
dance	2
dampens	2
damp	2
curved	2
curve	2
crystal	2
crushed	2
crumbled	2
crooked	2
crevices	2
creeping	2
craft	2
courier	2
courage	2
counted	2
cos	2
corn	2
cool	2
connected	2
connect	2
conjured	2
condition	2
company	2
columns	2
columbia	2
coals	2
coal	2
clover	2
cloudlet	2
cloudless	2
clinging	2
class	2
clarion	2
clans	2
citadel	2
circumstances	2
circles	2
chink	2
chilled	2
cherished	2
chemist	2
cheerful	2
cheeks	2
chart	2
charmed	2
chariot	2
chance	2
challenged	2
certainly	2
cemetery	2
ceased	2
cease	2
catches	2
cases	2
cars	2
carefully	2
cape	2
cap	2
candle	2
called	2
calendar	2
butternut	2
business	2
bury	2
brown	2
brooks	2
brood	2
broidered	2
bringing	2
bride	2
breaths	2
breathed	2
breathe	2
breakers	2
bows	2
bough	2
bore	2
border	2
books	2
bold	2
bof	2
bo	2
blushing	2
blushed	2
blown	2
bloom	2
blood	2
blent	2
blend	2
blazing	2
blazes	2
blackened	2
billowy	2
billowed	2
bend	2
bench	2
bell	2
beings	2
behold	2
beginning	2
bees	2
becomes	2
because	2
beautifully	2
beauties	2
bearded	2
battling	2
bathed	2
basket	2
barn	2
bark	2
bard	2
banks	2
bang	2
baby	2
b	2
awkward	2
awhile	2
awakened	2
awaiting	2
autumn	2
auince	2
aught	2
audible	2
au	2
atlantic	2
asked	2
articulate	2
arrayed	2
ark	2
arise	2
arethusa	2
april	2
appear	2
apart	2
anywhere	2
anything	2
answered	2
ancient	2
anchor	2
analyse	2
altars	2
already	2
alias	2
ajar	2
affluent	2
admirable	2
adieu	2
act	2
ache	2
abundance	2
^olian	2
]	2
[	2
?,	2
',	2
■'''	1
■	1
•arrival	1
•'	1
»	1
®|£	1
«tep	1
«	1
©fffng	1
|arabicprice|	1
|[i{f|rt5*	1
{	1
zones	1
zimmerman	1
youngei	1
you'd	1
yon	1
yeti	1
yawning	1
yawned	1
yarn	1
yain	1
y	1
xow	1
xo	1
xivast	1
xeiu	1
wy	1
wwlearn	1
wrong	1
written	1
writer	1
wrinkle	1
wretched	1
wrecks	1
wreathed	1
wreath	1
wrath	1
wounded	1
worthy	1
worthless	1
worshipped	1
worship	1
worldly	1
workman	1
working	1
workers	1
wordsworth	1
wordless	1
wool	1
woofing	1
woof	1
woody	1
woodland	1
wonders	1
wondered	1
won't	1
women	1
woidchi't	1
woes	1
woek	1
wlmt	1
wliistled	1
wittier	1
witnessed	1
withdrawn	1
winnows	1
windowsill	1
windlass	1
wii	1
wicks	1
wicked	1
who'd	1
whiten	1
whistling	1
whisperingly	1
whispei	1
whirls	1
whirling	1
whirkng	1
whetted	1
whereof	1
wheq	1
whelm	1
wheje	1
wf	1
welted	1
welsh	1
wells	1
welcoming	1
weirdly	1
weighed	1
weft	1
weeps	1
weeper	1
wee	1
weaves	1
weaver	1
weave	1
weats	1
wearj	1
wearisome	1
wearily	1
weapon	1
we've	1
wdth	1
wdsh	1
wax	1
wavers	1
watcliing	1
watchword	1
wat	1
washerwoman	1
wash	1
warriors	1
warrior	1
warren	1
warrant	1
warmly	1
warehouse	1
wardrobe	1
ward	1
warbling	1
warbles	1
wane	1
wanders	1
wanderers	1
waltzed	1
waltz	1
walks	1
walking	1
walker	1
waldenses	1
wakins^	1
waking	1
wakened	1
waked	1
waits	1
waitmg	1
wagon	1
wager	1
waged	1
wafts	1
waft	1
wa	1
w	1
vvoxman	1
vulgaris	1
vrns	1
volumes	1
voiced	1
vocalist	1
vl	1
viz	1
vives	1
vive	1
vit	1
visions	1
virtue	1
violets	1
viol	1
vigorous	1
vignette	1
viewless	1
view	1
victorious	1
victor	1
vest	1
version	1
veriest	1
vere	1
venture	1
veni	1
venerable	1
ven	1
vel	1
veils	1
ve	1
vctv	1
vaunt	1
vaults	1
vault	1
vas	1
varnished	1
vaown	1
vanquished	1
vanity	1
vanished	1
vandal	1
van	1
valleys	1
vales	1
vale	1
valanced	1
vaeping	1
vacuum	1
vaclies	1
v\tien	1
v/ell	1
v/ar	1
uttermost	1
utterer	1
utter	1
usual	1
ursa	1
urn	1
urchin	1
upward	1
upstairs	1
uprooted	1
unwritten	1
unwonted	1
unwithered	1
unwinking	1
unwept	1
unweave	1
unusual	1
unsung	1
unstayed	1
unspeakable	1
unseemly	1
unrest	1
unopened	1
unobuterated	1
unmoored	1
unmnf^ed	1
unlike	1
universe	1
universal	1
uniform	1
unheard	1
ungering	1
ungallantly	1
unfurl	1
unfolds	1
unfolded	1
unendcd	1
uneasily	1
une	1
understood	1
uncushioned	1
unblest	1
unbidden	1
unbended	1
ultra	1
ukie	1
uilaying	1
ugh	1
uants	1
u	1
t}'.eir	1
tyrian	1
tyre	1
twinkling	1
twinkled	1
twill	1
twilights	1
twice	1
twenty-five	1
twenty	1
twelve	1
tween	1
twanging	1
twang	1
turk	1
turbaned	1
turban	1
tuning	1
tumbling	1
tumbled	1
tugs	1
tucked	1
tubes	1
tt	1
ts	1
trysting	1
trying	1
trunks	1
trundling	1
trumpeter	1
truer	1
troy	1
trowels	1
trouble	1
trolls	1
trolling	1
trojan	1
trodden	1
triumphantly	1
triumphant	1
triumphal	1
trio	1
trinity	1
tries	1
tried	1
trie	1
trick	1
tribute	1
tribes	1
trial	1
tri	1
treos	1
trenched	1
tremendous	1
tremblingly	1
trembles	1
trellis	1
treats	1
treasure	1
transposed	1
transmit	1
transmigrations	1
translation	1
transitions	1
transfigured	1
transferred	1
transcript	1
tramping	1
trails	1
trail	1
trackings	1
trace	1
toying	1
toy	1
town	1
tow	1
toucliing	1
tosses	1
tossed	1
tortures	1
torn	1
torches	1
tooth	1
toned	1
toll	1
token	1
togethez	1
tnrs	1
tnou	1
tne	1
tn	1
tmie	1
tlon	1
tliicket	1
tliafs	1
tjje	1
tjieie	1
tivo	1
titer	1
tippets	1
tion	1
tints	1
tine	1
timidly	1
timibling	1
timed	1
timber	1
tight	1
tiful	1
tie	1
tidings	1
tideless	1
ticonderoqa	1
thunders	1
thumb	1
thui	1
ths	1
thrust	1
throuofh	1
thronged	1
throbbed	1
throb	1
thrills	1
thrilling	1
thresholds	1
thresher	1
threads	1
threading	1
thrci*gh	1
thorns	1
thomas	1
thmoke	1
thirty-one	1
thirty	1
thinner	1
thinkings	1
thinker	1
thinic	1
thickly	1
thf	1
therii	1
thereon	1
thereof	1
therc	1
theodolite	1
thens	1
themselves	1
themes	1
tha*	1
th	1
tf	1
text	1
testified	1
terrifically	1
terrible	1
tern	1
term	1
tenure	1
tents	1
tenth	1
tent	1
tenor	1
tenement	1
tender	1
tended	1
tenantless	1
tempests	1
tells	1
telling	1
telescopes	1
telamon	1
teeth	1
tearless	1
teacher	1
tditf	1
tco	1
tawny	1
tavo	1
taught	1
tattoos	1
taste	1
tassels	1
tarts	1
tart	1
tarnished	1
tara	1
tapestry	1
taller	1
talking	1
tale	1
tablets	1
tablet	1
t^c	1
t^	1
synonyme	1
symptoms	1
sympathy	1
sympathetic	1
syllabled	1
syllable	1
swtcp	1
swous	1
swooning	1
swmging	1
swings	1
swinffing	1
swiftest	1
swelled	1
sweetness	1
sweetheart	1
sweeter	1
sways	1
sway	1
swaths	1
swath	1
swarms	1
swarmmg	1
swarming	1
swarm	1
swanlike	1
swamp	1
swallows	1
swajdng	1
suu	1
suspect	1
surrounds	1
surrounding	1
surrounded	1
surprise	1
surmounting	1
surmount	1
surging	1
surf	1
surest	1
supreme	1
suppose	1
supplicating	1
supernumerary	1
sununers	1
sunrise	1
sunlight	1
sundays	1
sunbeam	1
summers	1
sullen	1
suite	1
suffering	1
subtracted	1
substituted	1
subside	1
sublunary	1
subjunctive	1
subject	1
subdued	1
sub	1
strung	1
struggling	1
stronghold	1
strongest	1
stronger	1
strives	1
strings	1
strikes	1
stricken	1
strew	1
stretched	1
strengthens	1
streaming	1
streamer	1
strawberrying	1
straps	1
strangle	1
stranded	1
strand	1
straining	1
stoves	1
stout	1
stopped	1
stop	1
stitch	1
sti^	1
stereotype	1
stems	1
steamers	1
steamer	1
ste7tography	1
stays	1
stayed	1
statute	1
stature	1
statement	1
startled	1
startle	1
starthng	1
started	1
start	1
stared	1
stamped	1
stammerer	1
stalwart	1
staining	1
staid	1
stab	1
square	1
squadrons	1
spun	1
sprung	1
springs	1
spreads	1
spreadmg	1
spread	1
spots	1
spotless	1
sporting	1
sported	1
spnpathy	1
splendours	1
splash	1
spider	1
sphere	1
speller	1
spellei	1
speeding	1
speedier	1
speed	1
spectrum	1
spectacles	1
speak	1
sparrow	1
sparkle	1
spangle	1
southeast	1
sounded	1
souls	1
soulless	1
sort	1
sorry	1
sorrowing	1
sorrowed	1
soriiows	1
soprano	1
soon	1
sons	1
songbird	1
sometime	1
somebody	1
sombre	1
solitude	1
solitary	1
solemnly	1
solemn	1
sole	1
soldiers	1
soldier	1
solace	1
soil	1
softness	1
softest	1
softer	1
soften	1
socket	1
society	1
social	1
sober	1
sobbing	1
snug	1
snufled	1
snufied	1
snuffs	1
snort	1
snath	1
snapping	1
smote	1
smoky	1
smoking	1
smiteth	1
smiled	1
smi	1
smell	1
slower	1
slope	1
slipped	1
slept	1
sleighs	1
sleety	1
sleepy	1
sleeps	1
sleepless	1
sleeping	1
slant	1
skj	1
skeins	1
skates	1
skaters	1
skate	1
sjtubol	1
sjmte	1
size	1
sixty	1
sixes	1
sitting	1
sits	1
sisters	1
sister	1
sires	1
sinning	1
sinks	1
sinew	1
sinai	1
sin	1
similar	1
silve	1
sills	1
silkworm	1
silks	1
silenk	1
significations	1
significant	1
signals	1
sights	1
sighs	1
sighed	1
sift	1
siege	1
siding	1
sides	1
sible	1
si	1
shy	1
shutters	1
shrivelled	1
shrived	1
shows	1
showing	1
showerettes	1
shout	1
shouldn't	1
shop	1
shoot	1
shockingly	1
shock	1
shivers	1
shining	1
sheltered	1
sheets	1
sheet	1
shedding	1
sheaf	1
sharpens	1
share	1
shape	1
shallow	1
shake	1
shafts	1
shaft	1
shadowy	1
shadoav	1
sever	1
seven	1
settled	1
settle	1
settee	1
sermon	1
serenity	1
sepulchre	1
sentry	1
sentenced	1
selves	1
self	1
sees	1
seers	1
seeming	1
seeking	1
secrets	1
seated	1
seat	1
season	1
seashells	1
search	1
seamless	1
sc}i	1
scythe	1
scudding	1
scroll	1
scripture	1
scraggy	1
scouts	1
scott	1
score	1
scimetars	1
schoolmen	1
schoolmate	1
schoolmaster	1
schocl	1
schemes	1
scenery	1
scene	1
scattered	1
scatter	1
scarce	1
saying	1
savinging	1
saves	1
saucily	1
satuun	1
saturdays	1
saratoga	1
samo	1
salt	1
sake	1
saiucr	1
sainted	1
sailor	1
sadness	1
sadder	1
sacrilegious	1
sacramento	1
sackcloth	1
sabbaths	1
s's	1
rxti	1
rusty	1
rustlhig	1
rustles	1
rustled	1
rushing	1
rush	1
running	1
runners	1
rung	1
rumbled	1
rules	1
ruler	1
ruined	1
rugged	1
rudely	1
rudder	1
ruby	1
rubicon	1
rubbish	1
rtnite	1
royalty	1
royal	1
row	1
rover	1
routes	1
route	1
rout	1
rounds	1
roughened	1
rotund	1
rosy	1
roots	1
rooms	1
romancing	1
rolls	1
rolling	1
rogers	1
rocky	1
rocks	1
rockhig	1
rockers	1
rob	1
roared	1
roam	1
roadside	1
rk	1
rivers	1
rismg	1
rippung	1
ripples	1
ripple	1
ripen	1
rills	1
riiey	1
rigged	1
rig	1
rifle	1
rifitjt	1
riding	1
ridiculous	1
ridicule	1
ridged	1
riddles	1
richer	1
ribbons	1
rhetorician	1
revolutions	1
revives	1
reunion	1
returnless	1
retreated	1
retraced	1
retinue	1
restoration	1
resting	1
resemblance	1
reputed	1
repulsive	1
representative	1
reposes	1
repose	1
replying	1
replenished	1
renowned	1
renders	1
rendered	1
render	1
remnants	1
remen	1
remembered	1
remarked	1
remainder	1
relieved	1
relentless	1
released	1
relationship	1
related	1
reinembering	1
reigns	1
regular	1
region	1
regimentals	1
regardless	1
regarding	1
refractory	1
reflection	1
reflected	1
reel	1
reeds	1
reddening	1
records	1
recording	1
recognition	1
reckonmg	1
receding	1
receded	1
recalls	1
recalled	1
reaps	1
reaper	1
realms	1
really	1
real	1
reads	1
reaches	1
reached	1
rd	1
rcrute	1
rcleuling	1
rcciis	1
raw	1
ravine	1
ravel	1
rattles	1
rappings	1
rapidly	1
ranz	1
ransacked	1
rank	1
ranged	1
range	1
ran	1
ram	1
rallied	1
raining	1
rails	1
ragged	1
rag	1
raft	1
rae	1
radius	1
radiant	1
radianco	1
rachels	1
rachel	1
race	1
rabble	1
raark	1
quivers	1
quiverings	1
quivering	1
quiver	1
quid	1
quickens	1
qui	1
quarters	1
qualify	1
quaker	1
quai	1
purse	1
purpose	1
purple	1
purling	1
pumps	1
pumpkins	1
pump	1
pulpit	1
puits	1
pufied	1
puffs	1
prow	1
provision	1
proving	1
proved	1
proud	1
protection	1
protect	1
propounding	1
propounder	1
prophet	1
property	1
promised	1
prolongs	1
progressive	1
progress	1
produce	1
process	1
private	1
prison	1
print	1
primroses	1
primrose	1
prettiest	1
presses	1
preserve	1
presently	1
prescribed	1
preparatory	1
premeditated	1
preliminaries	1
predecessor	1
precinct	1
preached	1
praying	1
prayers	1
pray	1
prattle	1
praj	1
practical	1
powerful	1
powder	1
pouring	1
potential	1
potatoes	1
postage	1
post	1
possible	1
possessor	1
portrait	1
porter	1
portal	1
poplars	1
poplar	1
pope	1
ponderous	1
pondered	1
pollux	1
pointing	1
poem	1
po	1
plus	1
pluperfect	1
plungings	1
plunging	1
plunges	1
plunged	1
plunge	1
plump	1
pluming	1
plume	1
ploughshares	1
ploughmen	1
plenty	1
pleiad	1
pleasaut	1
playground	1
plate	1
planted	1
planets	1
plaints	1
plaintive	1
plaint	1
plainly	1
plainest	1
placers	1
pipiiig	1
pipes	1
piped	1
pipe	1
pioneer	1
pink	1
pinion	1
pines	1
pine	1
pinch	1
pillowed	1
pillared	1
pillar	1
pilgrims	1
pilgrim	1
pigeons	1
pies	1
pie	1
pictm	1
pick	1
piano	1
physiologists	1
physical	1
phinney	1
philosophy	1
philanthropy	1
peterboro	1
perusal	1
persons	1
perplexed	1
perpendicular	1
permanence	1
perlmps	1
perished	1
perihelion	1
perfume	1
perfectly	1
perfect	1
perennially	1
pep'sition	1
peony	1
pentateuch	1
pensile	1
penitent	1
pendulums	1
pendulum	1
pencilled	1
pen	1
pellets	1
peeped	1
pedestrian	1
pedestals	1
pedal	1
pearly	1
peai	1
peach	1
peaceful	1
pause	1
pauper	1
patterns	1
pattern	1
patching	1
patched	1
patch	1
pasture	1
passion	1
passes	1
passageway	1
passage	1
parts	1
parting	1
particular	1
participles	1
parti	1
parted	1
part	1
parsing	1
paria	1
parchments	1
paraphrased	1
paralysed	1
parallel	1
paragraph	1
paraded	1
papers	1
pang	1
pamt	1
paltriest	1
palsied	1
palms	1
palette	1
paler	1
paled	1
palace	1
pairing	1
painting	1
pailsfull	1
pails	1
paid	1
pah	1
pages	1
paganini	1
paeans	1
paean	1
packed	1
pacific	1
p	1
oyer	1
oxk	1
owti	1
owner	1
owl	1
overtake	1
overhauling	1
overflowing	1
overcome	1
overcast	1
overburdened	1
overalls	1
outline	1
outlandish	1
outgoing	1
outer	1
outdoor	1
oui	1
ou	1
ottoman	1
others	1
ot	1
orphaned	1
ornament	1
original	1
origin	1
oriflamme	1
orhed	1
orders	1
orchards	1
orators	1
oration	1
oracles	1
optics	1
onward	1
onc	1
onalaska	1
omnipotence	1
ol	1
oil	1
oher	1
oflering	1
office	1
offerings	1
offered	1
offer	1
odd	1
october	1
occupy	1
occupied	1
occasion	1
obstruction	1
obscured	1
obliterated	1
oblique	1
obeyed	1
obey	1
ober	1
ob	1
o'erheadl*	1
n«ar	1
nvy	1
numbering	1
numbered	1
nu	1
nov	1
noun	1
noting	1
nothuig	1
nothingness	1
nonchalant	1
noiseless	1
noblest	1
nition	1
ninety	1
nine	1
nigh	1
ni	1
news	1
newly	1
nevada	1
netting	1
netted	1
net^tud	1
nestless	1
nerve	1
neons	1
nelly	1
neivspapers	1
neither	1
neighbouring	1
neighbourhood	1
neighbour	1
needs	1
needn't	1
needless	1
need	1
necessary	1
neatly	1
neat	1
nears	1
nd	1
naughty	1
naturally	1
natural	1
nation	1
narrows	1
narrowed	1
narrator	1
naked	1
na77ie	1
mysterious	1
mysteiy	1
myself	1
myriad	1
muttered	1
mutilated	1
musty	1
musing	1
muscles	1
muscle	1
murmurmg	1
murmuring	1
multnomah	1
mufhers	1
mufflers	1
muffler	1
muffle	1
much'sever	1
much'sevei	1
mth	1
mternsta	1
mter*	1
mowings	1
mowers	1
mow	1
movements	1
moved	1
mov.nt	1
mousie	1
mourners	1
mouldings	1
mouldered	1
moulder	1
moss	1
mortals	1
mortality	1
morns	1
morninga	1
mor	1
moored	1
moods	1
monument	1
months	1
monosyllable	1
moments	1
modes	1
modern	1
modelled	1
mockeiy	1
mocked	1
mock	1
moaning	1
mo	1
mnemonics	1
mnemonic	1
mitted	1
mither	1
mists	1
miss	1
miserable	1
miriam	1
ministered	1
minister	1
mingled	1
miner	1
millions	1
miller	1
millennium	1
mill	1
milhon	1
miiffled	1
mights	1
midway	1
midsummer	1
midnight	1
michigaii	1
mezzo	1
methought	1
methinks	1
metal	1
merrily	1
merriest	1
mere	1
mercy	1
mercury	1
mention	1
menial	1
memorable	1
member	1
melts	1
melting	1
melted	1
melodiously	1
melodies	1
mell	1
melee	1
meeting	1
meekly	1
meditation	1
meditated	1
medallion	1
mechanic	1
measured	1
measure	1
mear	1
meaningless	1
meaning	1
mean	1
meal	1
mccldy	1
maun	1
maturity	1
matin	1
material	1
masts	1
masters	1
masterpiece	1
massa	1
marys	1
marvellous	1
marvelled	1
marve	1
marshalled	1
marseilles	1
mars	1
married	1
marriage	1
mantling	1
mantle	1
manner	1
manned	1
malte	1
mall	1
male	1
making	1
major	1
mainmast	1
maine	1
mail	1
magnetic	1
madame	1
machinist	1
machinery	1
machine	1
m'ith	1
luure	1
lute	1
lured	1
lure	1
lungs	1
lunch	1
lunar	1
luminary	1
lullcl	1
lullabying	1
lullaby	1
lucifer	1
lucciola	1
lubbers	1
lower	1
lovinf	1
loveliness	1
loud	1
lord	1
loosely	1
looping	1
looms	1
lookout	1
lookeil	1
longs	1
longer	1
lombardy	1
loiter	1
loiig	1
log	1
lofty	1
loftiest	1
locomotives	1
lochiel	1
local	1
loads	1
loa^e	1
llvao	1
llie	1
livelier	1
listemng	1
lispers	1
liow	1
linking	1
lined	1
lineaments	1
lindley	1
lily	1
likened	1
liim	1
liie	1
lii?ht	1
lights	1
lightnings	1
lightning	1
lightness	1
lightly	1
lighthouse	1
lighted	1
lifting	1
lifted	1
lifelong	1
lieth	1
lidless	1
lhiks	1
lexington	1
levers	1
leverage	1
lettering	1
lets	1
lethean	1
lest	1
lesson	1
lends	1
leisure	1
lee	1
ledger	1
led	1
leapt	1
lean	1
leae	1
leads	1
leading	1
lead	1
ld	1
lazy	1
law)^ers	1
law	1
laving	1
laughing	1
laughed	1
lauded	1
latitude	1
later	1
lash	1
lark	1
large	1
lapse	1
laon	1
lantern	1
languished	1
languages	1
language	1
lands	1
lancaster	1
lamp	1
lament	1
lakes	1
lajt	1
ladder	1
lackaday	1
labyrinth	1
labours	1
laboratory	1
ko	1
knowledge	1
knowing	1
knotty	1
knot	1
knoll	1
knocks	1
knocking	1
knittmg	1
knells	1
knee	1
kittens	1
kites	1
kitchen	1
kings	1
kingly	1
kindred	1
kindly	1
kim	1
killed	1
keyhole	1
key	1
kentucky	1
kejit	1
keen	1
kedar	1
kcpuhlican	1
kaleidoscope	1
jury	1
jurisdiction	1
jumpers	1
judah	1
js	1
joyous	1
journeying	1
journeyed	1
jones	1
johnny	1
jo	1
jng	1
jlubinp	1
jj^oruinff*	1
jit	1
jingling	1
jflatj'star	1
jewellery	1
jewel	1
jest	1
jesse	1
jes	1
jeohan	1
jean	1
jdre	1
jctaves	1
jay	1
jaunty	1
jars	1
jarring	1
jarred	1
japhet	1
january	1
januar	1
jantjary	1
james	1
jainuak	1
jackets	1
jaatjary	1
j^ojo	1
iwcmorics	1
ivt	1
ivithercd	1
ivg	1
ivb	1
ito	1
issued	1
issue	1
isle	1
islands	1
ironsides	1
irom	1
ir	1
ioned	1
invest	1
invention	1
intn	1
intervenes	1
interrupted	1
interposed	1
intermitting	1
intermits	1
interjection	1
interferes	1
intended	1
intelligent	1
intelligence	1
intellectual	1
int	1
instead	1
insider	1
inside	1
inner	1
inlaid	1
injunction	1
influence	1
indweller	1
indurated	1
indoor	1
indigna	1
indies	1
indictment	1
indicted	1
indications	1
india	1
independent	1
inclined	1
incident	1
incense	1
incarnadine	1
inaudible	1
improvement	1
improiiiptu	1
imprisoned	1
imprints	1
impression	1
impressed	1
impress	1
implement	1
imperious	1
impenetrabiliuj	1
impatient	1
impart	1
immoilal	1
imitate	1
imiphed	1
imiocence	1
imagine	1
illustrious	1
ills	1
ilicy	1
ileaven	1
il	1
ike	1
iilkon	1
iiast	1
ii'on	1
ihis	1
ihe	1
ifew	1
ieeda	1
idolatry	1
idly	1
idle	1
identical	1
icy	1
ibr	1
ia	1
i\go	1
i'ustled	1
i's	1
i'loltgiisiixvres	1
hy	1
husky	1
husks	1
hushed	1
husbands	1
hurr}ang	1
hurr}'ing	1
huri^ang	1
hunters	1
hung	1
hundreds	1
humbug	1
humbly	1
humblest	1
huider	1
hui	1
ht	1
hoy	1
hox	1
howsoever	1
howimg	1
hovels	1
hovel	1
hounds	1
hounda	1
hot	1
horse	1
horrors	1
horns	1
hoops	1
honours	1
honest	1
homo	1
homesteads	1
homespun	1
holy	1
hollows	1
hollowed	1
holidays	1
holiday	1
hlind	1
hiyn	1
hiy	1
hives	1
hither	1
hissing	1
hirsute	1
hint	1
hinjerino	1
highways	1
hight	1
hiding	1
hide	1
hidden	1
hiddeai	1
hid	1
hft	1
hew	1
hesitates	1
hes	1
hers	1
heretofore	1
hereabouts	1
hence	1
hemlocks	1
helpless	1
heir	1
heguilmg	1
heen	1
heels	1
heeds	1
hectic	1
heavenly	1
heaved	1
heave	1
heaps	1
heap	1
healthful	1
hea'^en	1
he'll	1
haying	1
hawk	1
haved	1
haunt	1
haunch	1
hats	1
hath	1
hastens	1
hastened	1
harvested	1
harping	1
harper	1
harnessed	1
harmonise	1
harkl	1
harder	1
harbour	1
happinesa	1
happier	1
happened	1
hank	1
hangs	1
hang	1
handling	1
handful	1
hammered	1
hammer	1
hamlets	1
halting	1
halo	1
hallowing	1
hain^d	1
hailed	1
hai	1
hades	1
habitation	1
gutters	1
gusty	1
gusts	1
gust	1
gush	1
guns	1
guise	1
guiltless	1
guest	1
guardian	1
guard	1
grudges	1
growled	1
grove	1
grounds	1
groping	1
groaned	1
groan	1
grim	1
grenadiers	1
greeting	1
greenwood	1
greensward	1
greatest	1
graven	1
gratifying	1
grates	1
grate	1
grandfathers	1
gradually	1
graded	1
graced	1
grace	1
gotten	1
gorge	1
goodbye	1
gonig	1
goal	1
glor}^	1
gloriously	1
glitters	1
glistened	1
glimmers	1
glimmei	1
gley	1
glens	1
glass	1
glare	1
glancing	1
glances	1
glance	1
gladdens	1
giva	1
gimed	1
gilding	1
gie'n	1
getting	1
genus	1
gentler	1
gentleness	1
genius	1
generous	1
generations	1
generation	1
general	1
gem	1
gean	1
gazing	1
gazes	1
gazed	1
gauze	1
gateway	1
gates	1
gate	1
garrison	1
garret	1
garnished	1
garner	1
garments	1
garish	1
garden	1
garb	1
gang	1
gan	1
gallows	1
gallantly	1
gallant	1
gain	1
gaily	1
gables	1
fuu	1
futmh	1
fury	1
further	1
furrowing	1
furrowed	1
furnishing	1
furnished	1
furled	1
furbishing	1
fur	1
fully	1
fulfil	1
ftdth	1
fry	1
fruits	1
fruit	1
frozen	1
froze	1
frontispieces	1
froissart	1
frogs	1
fringe	1
frimrose	1
friendships	1
fresher	1
freezingly	1
freezing	1
freely	1
freed	1
fray	1
frank	1
frame	1
frail	1
fragments	1
fountam	1
fought	1
forward	1
forum	1
fortyfive	1
fortune	1
fortress	1
former	1
forgetting	1
forgets	1
forge	1
foretell	1
foresight	1
forenoon	1
foreigners	1
foreign	1
foreground	1
forefinger	1
fore'gotten	1
forced	1
forc	1
forbid	1
footsteps	1
footfall	1
footed	1
foolish	1
follows	1
following	1
follow	1
folio	1
folds	1
fog	1
foes	1
flyleaf	1
flusheth	1
flushes	1
flurries	1
fluked	1
flows	1
flowed	1
flow	1
flotilla	1
floral	1
floors	1
flood	1
flings	1
flingeth	1
fling	1
flickered	1
flicker	1
flew	1
fletcher	1
fleet	1
flaw	1
flashing	1
flashes	1
flared	1
flakes	1
fitting	1
fitful	1
fish	1
firmly	1
firm	1
firing	1
fireworks	1
firesides	1
fireside	1
fireflies	1
finished	1
finger	1
fine	1
final	1
filmy	1
fills	1
filling	1
file	1
fiilly	1
fiiat	1
figures	1
fifty-three	1
fierce	1
fiend	1
fiction	1
fibre	1
feverish	1
festoons	1
festooned	1
fervent	1
ferry	1
female	1
feels	1
feed	1
feebly	1
feathery	1
fearful	1
fe.ioe	1
fcir	1
fawn	1
favourite	1
favoured	1
fatigue	1
fatherless	1
faster	1
fash	1
farmer	1
farewells	1
fancies	1
fairy	1
faint	1
fain	1
failing	1
facts	1
factory	1
fabric	1
f	1
eyrie	1
exults	1
exultingly	1
extremity	1
extravagance	1
extinct	1
expression	1
expressed	1
express	1
exponent	1
expended	1
expel	1
expect	1
exotics	1
exile	1
exhortation	1
exhale	1
examine	1
evidences	1
everett	1
events	1
eventful	1
eveal	1
europe	1
etymology	1
etore	1
eternity	1
etern	1
et	1
estimates	1
essence	1
esq	1
eschew	1
escapement	1
escaped	1
erring	1
errant	1
erin	1
erased	1
equipped	1
epitome	1
envelopes	1
entry	1
entrance	1
entit	1
entire	1
enormous	1
engme	1
english	1
engines	1
engineers	1
energy	1
enduring	1
ending	1
endeavouring	1
encircles	1
enacted	1
employed	1
emphatically	1
emphatic	1
emphasis	1
emotions	1
emboss	1
ember	1
em	1
elsewhere	1
elms	1
ellen	1
elfland	1
elenientaries	1
elementary	1
elegant	1
elbowing	1
elapse	1
eiver	1
either	1
eijt	1
eighty	1
eights	1
eighteen	1
egj'pt	1
eggs	1
efibrts	1
effiiced	1
efface	1
editor	1
edging	1
edges	1
edged	1
edge	1
eddies	1
echoe	1
eat	1
easter	1
easily	1
earthen	1
earth'i	1
eaglet	1
eagles	1
eagerly	1
e5	1
dweller	1
dwelled	1
duty	1
dusky	1
dun	1
duml	1
due	1
dropping	1
drooping	1
drizzling	1
driven	1
drive	1
drift	1
dried	1
dressed	1
dreamy	1
dreamless	1
dreaming	1
dreamers	1
draws	1
drawing-room	1
drawer	1
draw	1
draughtsman	1
drama	1
dower	1
doubtfully	1
doubles	1
double	1
doting	1
dost	1
doom	1
don	1
dollar	1
doleful	1
doing	1
dogs	1
dog	1
docks	1
doa\'n	1
do^\ii	1
dj'iug	1
divinities	1
divested	1
divert	1
diverse	1
distract	1
distinguish	1
distilled	1
distanced	1
dissolved	1
disposition	1
displaced	1
dismissed	1
dismal	1
dishabille	1
disguisings	1
disguising	1
discords	1
discord	1
disappearing	1
disappeared	1
dis	1
dirge	1
dipped	1
dinner	1
ding	1
dimity	1
dii	1
diggers	1
digged	1
difficulty	1
dies	1
didnt	1
dictionaries	1
dialect	1
dial	1
dewdrops	1
dew	1
devoured	1
devastating	1
destroys	1
destmed	1
destiny	1
destination	1
dessert	1
despite	1
desperatelj	1
desperate	1
desolate	1
deserted	1
desert	1
desecrated	1
desdemona	1
descry	1
descries	1
describe	1
des	1
depths	1
depot	1
deny	1
denmark	1
demonstrate	1
delved	1
delicious	1
delaj	1
degrees	1
definition	1
defiance	1
defender	1
defended	1
dees	1
deer	1
deeps	1
deepest	1
deeper	1
deepens	1
deemed	1
deem	1
deed	1
decorated	1
declining	1
decks	1
decked	1
decidedly	1
decided	1
decembers	1
deal	1
deaf	1
deacon	1
de	1
da«ip	1
dazzles	1
dazzled	1
dawr	1
dawned	1
dawn	1
datfca	1
dashes	1
darted	1
darker	1
dared	1
dappled	1
dances	1
damaged	1
dallies	1
dainty	1
daintily	1
daily	1
daguerreotypes	1
daguerreotype	1
da3^3	1
d's	1
cynosure	1
cynic	1
cylinders	1
cydonia	1
cycle	1
cutters	1
curving	1
curtained	1
curls	1
curled	1
curl	1
cupid	1
cup	1
cunning	1
cultivate	1
culling	1
cry	1
crutch	1
crumble	1
cruising	1
crucible	1
crown	1
crowded	1
crowd	1
cross	1
crops	1
cro\'ices	1
crj^stal	1
crimsoning	1
crimsoned	1
cried	1
crevice	1
crests	1
creeps	1
created	1
creaks	1
creaked	1
crazy	1
crawled	1
crasliir.g	1
cradles	1
crackles	1
cracking	1
crack	1
covers	1
cover	1
cove	1
cousin	1
courtseying	1
couriers	1
couplets	1
couples	1
couple	1
counting	1
counsel	1
coulds	1
couldn't	1
cottons	1
cotton	1
cottage	1
cots	1
cosy	1
cosmetic	1
corroding	1
corridors	1
cornfield	1
cornera	1
corduroy	1
cordago	1
coral	1
copy	1
convulsions	1
conveying	1
conveyance	1
contrivances	1
contrasts	1
contract	1
continued	1
continuations	1
contingencies	1
continents	1
continentals	1
contents	1
content	1
consuelo	1
construct	1
constant	1
consigned	1
consecrate	1
conqueror	1
conjures	1
conjure	1
conjunctions	1
conjunction	1
congregations	1
congregation	1
conflict	1
conducting	1
condemned	1
concluded	1
conceived	1
comrade	1
compound	1
companionship	1
communications	1
common	1
committed	1
commission	1
commissary	1
comment	1
command	1
comin	1
comforted	1
comets	1
comet	1
combinations	1
com	1
colours	1
colouring	1
colonies	1
collision	1
collections	1
collars	1
cohiet	1
coffins	1
coffin	1
code	1
cobwebs	1
coats	1
coarse	1
co	1
clusters	1
cluster	1
clouding	1
clouded	1
clothed	1
cloth	1
closet	1
closer	1
clods	1
clink	1
cling	1
cliimed	1
cliildhood	1
cliff	1
click	1
cliallenge	1
clefts	1
cleft	1
clearly	1
clearings	1
clearer	1
cleared	1
clean	1
clay	1
clatter	1
clasped	1
clash	1
clarence	1
clanking	1
clampings	1
claims	1
claiming	1
claime	1
claim	1
ciystal	1
circumstance	1
cincture	1
cider	1
chunes	1
chubby	1
chrysalis	1
chronometers	1
christmas	1
chosen	1
chorus	1
chords	1
chooses	1
chokings	1
chnne	1
chirping	1
chime	1
chicken	1
chewed	1
cheeked	1
check	1
charleys	1
charity	1
charge	1
chap	1
chant	1
chanjro	1
changeless	1
champs	1
champions	1
chamber	1
challengers	1
challenge	1
chair	1
chained	1
chain	1
cffisars	1
ceres	1
cepted	1
century	1
centurion	1
centre	1
celibacy	1
celestial	1
celebrated	1
cave	1
cavalcade	1
cautiously	1
cattle	1
catamountain	1
cat	1
castor	1
castles	1
castle	1
cast	1
casements	1
case	1
casar	1
carrying	1
carry	1
carriage	1
carelessly	1
careful	1
cared	1
car	1
capricorn	1
capital	1
capacity	1
cans	1
cannon	1
cannibals	1
candidates	1
canary	1
canal	1
campania	1
campaigning	1
cambric	1
caloric	1
calls	1
callow	1
calling	1
caller	1
california	1
calico	1
caldrons	1
caimot	1
cable	1
cabinet	1
cabbages	1
c's	1
c'nect	1
bygone	1
butternuts	1
butterflies	1
butchered	1
busy	1
bursting	1
burst	1
burnished	1
burned	1
bunting	1
bundling	1
bundles	1
bundle	1
bunch	1
bultalo	1
bul	1
building	1
builded	1
bugs	1
buds	1
budded	1
buckles	1
buckle	1
bucket	1
bubble	1
btrown	1
brun	1
brothers	1
broom	1
broader	1
british	1
brisk	1
brink	1
brindle	1
brimming	1
brimmed	1
brim	1
brilliant	1
brijrht	1
brightly	1
brightens	1
brightened	1
brighten	1
brigade	1
brier	1
brie	1
bridged	1
bridge	1
bress	1
breezy	1
brcther	1
bravery	1
bravely	1
brand	1
brakes	1
brake	1
brajis	1
brain	1
bowers	1
bower	1
bouquet	1
bounds	1
bouncing	1
bounce	1
bottle	1
borrowing	1
borderings	1
boon	1
bones	1
boisterous	1
bobohnks	1
bob	1
boat	1
boasting	1
boards	1
board	1
bmntx	1
blustering	1
blushes	1
bluebird	1
blot	1
blossoms	1
blossom	1
blooming	1
bloomed	1
blinding	1
blinded	1
blind	1
blew	1
bleeding	1
blazoned	1
blazed	1
blankets	1
blank	1
blanched	1
blanch	1
blacksmith	1
blackbirds	1
bivouac	1
bitter	1
bits	1
bitching	1
birili	1
binnacle	1
binding	1
bind	1
bin	1
biid	1
biddy	1
bible	1
bi'other	1
bevvies	1
betokens	1
bethinks	1
bethel	1
bet	1
bery	1
bereft	1
bereavement	1
bennington	1
ben	1
belfry	1
beingi	1
behalf	1
beguiles	1
begrimmed	1
beech	1
beea	1
bee	1
beds	1
bedimmed	1
bedewed	1
bedazzled	1
beckoned	1
beckon	1
became	1
beautified	1
beauti	1
beaumont	1
beauly	1
beau'ful	1
beau	1
beatitude	1
bearing	1
beamed	1
beaded	1
be*	1
baying	1
battered	1
battalions	1
battalion	1
bass	1
base	1
barefooted	1
bards	1
baptised	1
banners	1
bankrupt	1
banked	1
bank	1
ban	1
bam	1
balm	1
ballad	1
bald	1
baimers	1
bailifi^	1
badges	1
bachelor	1
babel	1
babe	1
ba^^onet	1
b's	1
ay	1
axe	1
awful	1
awe	1
awaking	1
awaited	1
avonderful	1
avhy	1
avhere	1
avestward	1
avernus	1
avee	1
avaters	1
avarice	1
avalanche	1
authors	1
aueaiitiful	1
aud	1
attractive	1
attained	1
astronomy	1
astride	1
astral	1
asteroids	1
astern	1
aspiration	1
aspen	1
asparagus	1
ashore	1
ashes	1
ashamed	1
asail	1
artist	1
artillery	1
articles	1
article	1
arrival	1
arrangements	1
armour	1
armies	1
armament	1
arid	1
arena	1
ardent	1
arcs	1
architect	1
archipelago	1
archimedes	1
arches	1
arch	1
apron	1
approaching	1
approached	1
appreciated	1
application	1
apples	1
appears	1
appearance	1
appalling	1
appalled	1
aport	1
apollo	1
apartments	1
apartment	1
ao	1
anvils	1
announcement	1
anglo-saxon	1
angles	1
andirons	1
ancients	1
anchors	1
anchored	1
anajel	1
amiable	1
american	1
ambitious	1
ambition	1
alto	1
also	1
alpine	1
alliance	1
allegiance	1
alleghany	1
alison	1
alembic	1
alane	1
alabama	1
airy	1
airs	1
ain	1
aids	1
ahvays	1
aground	1
aged	1
afton	1
afternoons	1
aft	1
african	1
affections	1
affection	1
af	1
aether	1
aerial	1
advices	1
advertisement	1
advantage	1
advance	1
adorning	1
adorned	1
adorn	1
admission	1
admired	1
admire	1
admiralty	1
admiral	1
adjoining	1
active	1
across	1
acres	1
acre	1
acquaintance	1
acl	1
achieving	1
aches	1
accomplished	1
acclamation	1
access	1
accepted	1
accents	1
ac	1
abyss	1
abruptly	1
ablivious	1
abhorrence	1
abe	1
aafjmmcb	1
aa	1
a^rain	1
a's	1
a'most	1
^rohnr	1
^ift	1
^^ntest	1
^.	1
],	1
\xi\tx	1
?^	1
?*	1
?)	1
8th	1
7iow	1
7iever	1
77iaterial	1
5or	1
33iroucn	1
2rf)c	1
*w*wiw4	1
*'	1
),	1
(?	1
('	1
'?	1
'.	1
''	1
'!	1
&	1
%hj	1
"■	1
":	1
",	1
!'*	1
