,	1766
the	1097
.	764
and	600
of	515
to	348
|'s|	342
;	302
in	282
!	261
a	236
with	179
â€”	151
that	135
on	128
from	118
his	114
where	111
as	104
thy	99
is	96
for	95
its	93
her	92
when	84
thou	84
i	83
'	82
life	77
over	75
by	72
this	66
my	66
which	64
their	64
thee	64
earth	64
upon	60
they	55
are	54
all	53
was	50
he	50
have	49
who	46
not	46
like	45
but	45
bright	45
there	44
be	44
it	43
heaven	43
heart	43
:	43
"	43
at	41
spirit	40
?	39
through	38
flowers	38
an	38
we	37
time	35
or	35
o	35
man	35
me	34
now	33
were	32
what	31
soul	31
had	31
die	31
shall	30
one	30
no	30
him	30
gone	30
whose	29
waters	29
god	29
death	29
|arabic2digit|	28
yet	28
still	28
light	28
before	28
has	27
world	26
our	26
come	26
these	25
then	25
summer	25
love	25
day	25
she	24
ye	23
tis	23
joy	23
beauty	23
should	22
those	21
sky	21
rise	21
never	21
long	21
land	21
eternal	21
bosom	21
years	20
old	20
home	20
high	20
nor	19
mountain	19
alone	19
thine	18
sleep	18
sea	18
nature	18
more	18
may	18
if	18
eye	18
ever	18
above	18
thus	17
here	17
hast	17
first	17
fair	17
beautiful	17
away	17
|arabic1digit|	16
night	16
glorious	16
form	16
deep	16
came	16
air	16
year	15
woe	15
within	15
while	15
though	15
such	15
so	15
rest	15
power	15
mother	15
brow	15
beneath	15
way	14
view	14
up	14
passed	14
mind	14
many	14
let	14
every	14
down	14
child	14
can	14
blessed	14
around	14
young	13
thousand	13
them	13
tears	13
spring	13
smiles	13
sister	13
made	13
human	13
how	13
hour	13
hand	13
green	13
father	13
bliss	13
behold	13
till	12
saw	12
rich	12
ocean	12
must	12
last	12
hath	12
blood	12
ambition	12
again	12
."	12
youth	11
weep	11
sun	11
stream	11
star	11
sorrow	11
skies	11
round	11
peace	11
loved	11
heavenly	11
gloom	11
given	11
gay	11
forth	11
ere	11
died	11
childhood	11
cast	11
ages	11
would	10
will	10
well	10
waves	10
unto	10
too	10
stood	10
stern	10
shore	10
seen	10
proud	10
plain	10
mine	10
looked	10
hopes	10
go	10
gladness	10
flower	10
flight	10
far	10
fallen	10
early	10
departed	10
days	10
couch	10
breath	10
blue	10
youthful	9
wings	9
wing	9
waste	9
walls	9
us	9
tree	9
tomb	9
tell	9
see	9
roll	9
rock	9
realms	9
pure	9
place	9
onward	9
name	9
lovely	9
joyous	9
into	9
hearts	9
hallowed	9
everlasting	9
even	9
done	9
course	9
cold	9
broken	9
bowers	9
bow	9
bloom	9
been	9
alas	9
affection	9
|arabic3digit|	8
yon	8
wilt	8
turn	8
thought	8
things	8
sunny	8
stars	8
since	8
sight	8
side	8
scene	8
rose	8
pleasure	8
passion	8
paradise	8
other	8
mortal	8
morning	8
live	8
heavens	8
golden	8
give	8
gaze	8
fountain	8
forever	8
fell	8
faith	8
each	8
dust	8
dew	8
current	8
clime	8
burning	8
beyond	8
back	8
altar	8
along	8
!'	8
worn	7
whom	7
wave	7
warm	7
war	7
twas	7
throne	7
swift	7
smile	7
silent	7
shrine	7
shores	7
shalt	7
seek	7
scenes	7
rolling	7
repose	7
pride	7
path	7
past	7
passions	7
pain	7
once	7
new	7
meet	7
manhood	7
low	7
lost	7
isles	7
immortal	7
hours	7
hope	7
hill	7
grateful	7
good	7
glowing	7
glory	7
giant	7
friends	7
freely	7
forest	7
fire	7
fame	7
fall	7
earthly	7
dream	7
dark	7
countless	7
comes	7
clouds	7
christian	7
bring	7
brightly	7
breast	7
beside	7
autumn	7
ask	7
art	7
angel	7
you	6
yonder	6
wreath	6
worlds	6
woes	6
wish	6
winged	6
vision	6
vain	6
truth	6
towering	6
thousands	6
taught	6
strophe	6
strange	6
speed	6
shout	6
shone	6
shade	6
rushed	6
river	6
riven	6
return	6
regions	6
queen	6
prayer	6
music	6
mountains	6
morn	6
memory	6
locks	6
living	6
lie	6
know	6
kindred	6
joys	6
hills	6
heard	6
hear	6
hail	6
grief	6
great	6
glittering	6
gentle	6
full	6
friendship	6
fresh	6
flame	6
find	6
felt	6
falls	6
emotions	6
dim	6
did	6
could	6
cloud	6
climes	6
brother	6
broad	6
brief	6
break	6
born	6
blooming	6
blessings	6
birth	6
bear	6
beaming	6
antistrophe	6
*	6
winds	5
wind	5
wild	5
west	5
weary	5
virtue	5
valleys	5
unnumbered	5
undying	5
true	5
tread	5
tongue	5
think	5
than	5
ten	5
take	5
t	5
swiftly	5
swell	5
sweet	5
summit	5
strong	5
storm	5
springs	5
spot	5
speak	5
sorrows	5
soon	5
song	5
sod	5
smiling	5
silence	5
sigh	5
shield	5
saviour	5
sat	5
sad	5
rolled	5
rocks	5
rises	5
quiet	5
presence	5
praise	5
pinions	5
pass	5
own	5
ours	5
mighty	5
mercy	5
men	5
mellow	5
manly	5
lustre	5
look	5
lofty	5
listening	5
lip	5
lay	5
lake	5
known	5
knowledge	5
image	5
hushed	5
holy	5
hers	5
heaving	5
happiness	5
grave	5
grand	5
grace	5
glad	5
gems	5
gave	5
gale	5
freed	5
free	5
fount	5
forms	5
footsteps	5
flood	5
filled	5
fiery	5
ear	5
e	5
dying	5
drink	5
divine	5
directed	5
desolate	5
depths	5
delight	5
decay	5
deathlike	5
dead	5
dawn	5
dash	5
cup	5
crystal	5
city	5
cherished	5
changed	5
career	5
called	5
bounds	5
boundless	5
bold	5
bless	5
blast	5
billows	5
beheld	5
battle	5
anguish	5
age	5
zion	4
your	4
yes	4
wrath	4
worth	4
worldly	4
word	4
winter	4
wide	4
whence	4
went	4
warriors	4
wandering	4
wandered	4
voice	4
verdant	4
veins	4
vein	4
urn	4
turned	4
trumpet	4
transient	4
trace	4
towers	4
touch	4
tireless	4
ties	4
tide	4
throughout	4
thirst	4
thick	4
tempest	4
swollen	4
sublime	4
strife	4
story	4
stirring	4
sprang	4
spoke	4
spirits	4
sphere	4
sped	4
sound	4
sit	4
sing	4
silently	4
shed	4
seasons	4
say	4
save	4
sadly	4
sacrifice	4
rushing	4
run	4
rugged	4
reared	4
ransomed	4
radiance	4
powerful	4
poor	4
plains	4
persian	4
palaces	4
page	4
orient	4
open	4
note	4
north	4
near	4
native	4
mouldering	4
moon	4
monarch	4
moment	4
martyr	4
marks	4
mansion	4
m'gregor	4
lone	4
lo	4
lines	4
lies	4
knelt	4
infant	4
incense	4
immensity	4
honoured	4
hold	4
history	4
height	4
head	4
ha	4
groves	4
grey	4
greenland	4
greece	4
gladly	4
gathered	4
future	4
freedom	4
fragrance	4
fondly	4
fond	4
foliage	4
fields	4
few	4
feet	4
feel	4
fatal	4
fancy	4
faithful	4
fairy	4
face	4
eyes	4
exclaimed	4
enraptured	4
endless	4
earlier	4
driven	4
drank	4
darkness	4
cypress	4
crown	4
control	4
coming	4
cometh	4
cliffs	4
claim	4
cheer	4
change	4
careering	4
care	4
canopy	4
brought	4
broke	4
brightest	4
breezes	4
breeze	4
boy	4
bound	4
blossom	4
bethlehem	4
best	4
bent	4
bend	4
being	4
beauteous	4
bathed	4
balmy	4
aye	4
apostle	4
another	4
ancient	4
amidst	4
against	4
afar	4
.'	4
|romannumeral|	3
zeal	3
yield	3
wrought	3
worship	3
wont	3
wonders	3
wisdom	3
wintery	3
wield	3
why	3
wherever	3
wept	3
weave	3
water	3
warring	3
wander	3
w	3
voices	3
visions	3
vengeful	3
vaulted	3
varied	3
vanished	3
vale	3
vacant	3
unknown	3
universe	3
unite	3
undimmed	3
undefiled	3
unchecked	3
twere	3
turf	3
trembling	3
treasures	3
track	3
traces	3
toward	3
took	3
together	3
today	3
thyself	3
thundering	3
throwing	3
thoughts	3
thing	3
thickly	3
thank	3
temples	3
temple	3
tear	3
sword	3
surface	3
sung	3
student	3
stroke	3
strand	3
stores	3
stone	3
steps	3
steal	3
stay	3
startling	3
spread	3
spheres	3
spare	3
sought	3
sons	3
soft	3
smooth	3
slumber	3
sleeps	3
slain	3
sire	3
sin	3
silvery	3
sides	3
shadowy	3
shadows	3
sees	3
seemed	3
seals	3
scotia	3
scorn	3
school	3
sceptre	3
sands	3
sage	3
sadness	3
sacred	3
ruins	3
rude	3
royal	3
rosy	3
rome	3
rolls	3
robe	3
rising	3
ribbed	3
revenge	3
revealed	3
resign	3
remain	3
relics	3
rejoice	3
regal	3
redeemed	3
red	3
reason	3
ray	3
rapture	3
raise	3
quickly	3
quenchless	3
pulses	3
prime	3
pole	3
plenty	3
played	3
pilgrim	3
perpetual	3
perennial	3
palm	3
pallid	3
opening	3
opened	3
ones	3
offering	3
off	3
neck	3
mourning	3
mound	3
moslem	3
minstrelsy	3
might	3
midst	3
mid	3
merry	3
meads	3
mark	3
marathon	3
making	3
makes	3
make	3
majesty	3
lot	3
looks	3
looking	3
longer	3
lonely	3
little	3
lightning	3
lifts	3
left	3
led	3
leaves	3
leave	3
leaf	3
laws	3
lattice	3
lamp	3
knee	3
kings	3
just	3
june	3
join	3
isle	3
ice	3
hung	3
hue	3
hosts	3
hoary	3
ho	3
hellas	3
harp	3
hark	3
hall	3
hair	3
guilt	3
greet	3
grecian	3
grecia	3
gold	3
goal	3
glories	3
giver	3
gazing	3
gazed	3
gain	3
funeral	3
fullness	3
frozen	3
frame	3
forehead	3
foot	3
fondest	3
folds	3
foe	3
fly	3
flowing	3
flowed	3
flora	3
fleet	3
feverish	3
feels	3
fathers	3
fast	3
farthest	3
evening	3
end	3
enchanting	3
elysian	3
east	3
dwelling	3
dreams	3
distant	3
dies	3
diamonds	3
dewy	3
dews	3
devotion	3
denied	3
delighted	3
deign	3
defy	3
d	3
creation	3
coursing	3
could'st	3
contrite	3
conflict	3
commenced	3
clustering	3
close	3
classic	3
chosen	3
cheek	3
changes	3
chain	3
centuries	3
carnage	3
cares	3
calvary	3
built	3
brighter	3
breathing	3
breathe	3
breaking	3
brain	3
bounding	3
bonds	3
blighted	3
blessing	3
bled	3
bird	3
bier	3
benign	3
bending	3
ben	3
below	3
beloved	3
bearing	3
beams	3
beamed	3
beam	3
bathes	3
banks	3
balboa	3
athena	3
aspiring	3
asia	3
arts	3
aroma	3
appendix	3
appeared	3
answer	3
angelina	3
angelic	3
anew	3
among	3
am	3
although	3
altars	3
almighty	3
allied	3
affections	3
admiring	3
accents	3
(	3
|arabic5+digit|	2
zone	2
zeno	2
zenith	2
yields	2
yellow	2
y	2
written	2
words	2
woof	2
wondrous	2
won	2
without	2
withered	2
whispering	2
whirlwind	2
whether	2
wheel	2
wet	2
weeps	2
wearied	2
weal	2
we've	2
waved	2
wasting	2
warrior	2
waning	2
wanders	2
wanderer	2
walking	2
walk	2
wakening	2
waked	2
wake	2
waits	2
vow	2
visit	2
virtues	2
viewless	2
victims	2
victim	2
very	2
venomed	2
vampyre	2
ushered	2
upward	2
upright	2
unrepressed	2
unhallowed	2
unfading	2
unclouded	2
twine	2
tumultuous	2
trust	2
troy	2
trod	2
triumphant	2
tribute	2
trees	2
treads	2
traveller	2
trampled	2
towards	2
tortures	2
tornado	2
top	2
tones	2
tone	2
tomorrow	2
times	2
tidings	2
thunder	2
tenement	2
tender	2
temptations	2
tartan	2
syne	2
sympathies	2
swords	2
swept	2
sweetly	2
sweetest	2
surrounding	2
surrounded	2
surge	2
sunset	2
summits	2
summers	2
students	2
struggle	2
strive	2
strewn	2
strength	2
streams	2
store	2
stir	2
step	2
steep	2
steel	2
stealing	2
stately	2
state	2
stands	2
stand	2
stamp	2
stained	2
spurn	2
spreads	2
spice	2
spell	2
speeds	2
speaking	2
sovereign	2
sounds	2
sounding	2
sorrowing	2
soothe	2
son	2
solitude	2
solitary	2
social	2
snow	2
smyrna	2
smiled	2
slumbering	2
slept	2
slave	2
sinking	2
sink	2
sinews	2
silver	2
sighs	2
shroud	2
shower	2
shook	2
shocks	2
shines	2
shine	2
shedding	2
shame	2
shadow	2
set	2
sepulchral	2
semblance	2
sedimental	2
second	2
seared	2
scio	2
science	2
scathed	2
scaled	2
same	2
salamis	2
saints	2
said	2
sabre	2
rust	2
rule	2
ruin	2
rod	2
robes	2
robed	2
roamed	2
ripple	2
ripening	2
rings	2
revives	2
revelry	2
reveal	2
rests	2
rested	2
rent	2
render	2
religion	2
region	2
regardless	2
refulgent	2
reeking	2
rear	2
read	2
re	2
rays	2
ranks	2
ran	2
raised	2
raging	2
r	2
quietude	2
purity	2
purer	2
prospect	2
prophet	2
promised	2
promise	2
profusely	2
prison	2
primaeval	2
presumptuous	2
pressed	2
present	2
precincts	2
powers	2
poured	2
portal	2
pool	2
pomp	2
polycarp	2
plumes	2
plead	2
plato	2
planned	2
pillared	2
piles	2
picture	2
phantoms	2
perfection	2
perfect	2
patriarch	2
pastures	2
passing	2
pang	2
palmetto	2
palace	2
pacific	2
out	2
others	2
orange	2
olive	2
olden	2
often	2
oblivion	2
oases	2
oars	2
nursed	2
notes	2
noontide	2
none	2
noble	2
nerve	2
nations	2
nation	2
n	2
mysteries	2
myrrh	2
mutation	2
multitude	2
mourn	2
mounting	2
mount	2
moulded	2
moonlit	2
moments	2
mockery	2
mirror	2
mingled	2
minaret	2
millions	2
midnight	2
methinks	2
meteors	2
meteor	2
merrily	2
meets	2
meekly	2
meed	2
meadows	2
material	2
matchless	2
mars	2
mansions	2
manna	2
mankind	2
mandate	2
magic	2
magi	2
madly	2
m	2
luxuriance	2
loud	2
loss	2
lore	2
loosened	2
loosed	2
loch	2
lives	2
lived	2
lineaments	2
lift	2
lethe	2
less	2
legions	2
ledi	2
leaving	2
learn	2
leader	2
lang	2
lands	2
lakes	2
laid	2
knows	2
knew	2
kneel	2
kiss	2
king	2
kindling	2
kind	2
jubilee	2
journey	2
italy	2
israel	2
iron	2
inward	2
intellect	2
innocence	2
inherit	2
infinite	2
indian	2
indeed	2
impelling	2
impatient	2
impart	2
immutable	2
illumined	2
idols	2
idolatry	2
idol	2
i've	2
hurrying	2
huge	2
hues	2
hovers	2
hosannahs	2
honour	2
hollow	2
holds	2
himmaleh	2
higher	2
hidden	2
hell	2
heir	2
heights	2
heavenward	2
heave	2
heather	2
heathen	2
hate	2
harebell	2
halo	2
halls	2
half	2
halberd	2
h	2
guides	2
guide	2
guerdon	2
ground	2
groan	2
griefs	2
grew	2
greatness	2
greatest	2
grass	2
gothic	2
gory	2
gods	2
gloriously	2
glitter	2
glee	2
gleam	2
glacier	2
gives	2
gilead	2
gifts	2
gifted	2
gently	2
genius	2
gauntlet	2
gathering	2
gather	2
gates	2
garnered	2
garland	2
gardens	2
frowns	2
frown	2
front	2
frigid	2
frenzy	2
fraught	2
frail	2
fountains	2
found	2
fought	2
forgotten	2
forget	2
flushed	2
flowrets	2
flown	2
flourish	2
floor	2
flies	2
flew	2
fled	2
firmament	2
fires	2
finished	2
final	2
fever	2
feelings	2
feeling	2
feeble	2
fed	2
fears	2
favourite	2
fate	2
fare	2
fanned	2
fadeless	2
explore	2
expectations	2
existence	2
exile	2
exchange	2
everywhere	2
eve	2
enthusiastic	2
entered	2
enlightened	2
england	2
ends	2
eld	2
egyptian	2
egypt	2
eden	2
echoes	2
echo	2
ebbing	2
earthquake	2
earliest	2
dwelled	2
dwell	2
drunk	2
dreary	2
dove	2
doubly	2
doth	2
dost	2
doomed	2
doom	2
domestic	2
dome	2
do	2
disease	2
disciple	2
dirge	2
din	2
devoted	2
destruction	2
destroy	2
destiny	2
despair	2
desire	2
descending	2
departing	2
depart	2
dense	2
delusive	2
deity	2
deeply	2
deem	2
deeds	2
decrepit	2
decree	2
decks	2
deceive	2
deceitful	2
decaying	2
deathless	2
deafening	2
dawns	2
darkest	2
darkened	2
dare	2
crush	2
crowns	2
crowd	2
crimson	2
cried	2
crest	2
creative	2
created	2
coursers	2
country	2
corrupted	2
cord	2
converse	2
constant	2
conquer	2
commence	2
commanding	2
coast	2
climb	2
cleopatra	2
clash	2
clang	2
clan	2
clad	2
cities	2
circumambient	2
chilled	2
children	2
chief	2
chequered	2
cheered	2
checked	2
chaste	2
charm	2
chargers	2
chanted	2
changeful	2
champ	2
chalice	2
chair	2
chains	2
celestial	2
ceased	2
cause	2
calmness	2
call	2
bygone	2
burst	2
burden	2
brings	2
brightness	2
breathed	2
brave	2
branches	2
boyhood	2
bowed	2
bough	2
both	2
bosoms	2
bore	2
boding	2
boast	2
blossoms	2
blossomed	2
blind	2
blew	2
blaze	2
bland	2
blade	2
bitter	2
birds	2
bind	2
bid	2
better	2
beings	2
begin	2
began	2
beautify	2
beating	2
base	2
balm	2
bade	2
azure	2
awe	2
atmosphere	2
aspect	2
ashes	2
artist	2
arrow	2
arrayed	2
array	2
aromatic	2
arms	2
armour	2
arise	2
arching	2
approach	2
apollo	2
antique	2
animation	2
angry	2
angels	2
andes	2
ambitious	2
alpine	2
alloy	2
alien	2
alarm	2
aid	2
after	2
afflictions	2
affliction	2
aether	2
advent	2
admire	2
admiration	2
academe	2
abroad	2
)	2
|arabic4digit|	1
zuyder	1
zest	1
zephyrs	1
zee	1
zahara	1
younger	1
yonne	1
yielding	1
yielded	1
yew	1
yell	1
yearning	1
yearn	1
ye've	1
xtr	1
xs	1
x\nd	1
writing	1
wretched	1
wreaths	1
wreathed	1
worshippers	1
worm	1
works	1
working	1
worketh	1
work	1
wood	1
wonted	1
wondering	1
wonderful	1
wonder	1
womanhood	1
witnessed	1
witness	1
withering	1
wit	1
wishes	1
wise	1
wine	1
windows	1
window	1
willow	1
wilderness	1
widow	1
widening	1
whosoever	1
whither	1
whitened	1
white	1
whispers	1
whispered	1
whisper	1
whetted	1
whenever	1
wheels	1
westward	1
wert	1
weltering	1
welcomed	1
welcome	1
weight	1
weeping	1
weedy	1
weeds	1
wedded	1
weariless	1
weapons	1
waving	1
waveless	1
waterloo	1
watches	1
watch	1
wast	1
warred	1
warning	1
warmest	1
warmed	1
wanting	1
wand	1
wan	1
wall	1
walk'st	1
waking	1
waketh	1
wakes	1
wakens	1
wakened	1
wakeful	1
wailing	1
wafted	1
vortex	1
voiceless	1
vocal	1
vizor	1
vital	1
violet	1
vineyards	1
vines	1
viewed	1
vie	1
victory	1
victories	1
victor	1
vices	1
vesture	1
vestment	1
vestige	1
vesper	1
verse	1
verdure	1
venus	1
venue	1
venice	1
vengeance	1
veil	1
vault	1
vast	1
various	1
vapours	1
vapour	1
vanquished	1
vanish	1
valour	1
valley	1
vales	1
utmost	1
usurp	1
urging	1
urges	1
upraised	1
upper	1
unwonted	1
unwet	1
unwary	1
untutored	1
untold	1
untimely	1
until	1
untaught	1
untarnished	1
untamed	1
unsung	1
unsullied	1
unspoken	1
unskilled	1
unshadowed	1
unseen	1
unsealed	1
unrighteous	1
unrestored	1
unrepented	1
unremitting	1
unrelenting	1
unregenerate	1
unquelled	1
unpitying	1
unmindful	1
unmeasured	1
unheeded	1
ungrateful	1
ungovernable	1
ungodly	1
unfurled	1
unforgiving	1
unfold	1
unfettered	1
unfeigned	1
unfeelingly	1
unfathomed	1
unerring	1
undulating	1
undismayed	1
undecaying	1
undaunted	1
uncounted	1
unchanging	1
unchanged	1
unceasing	1
unbroken	1
unbridled	1
unbounded	1
unbidden	1
unbefitting	1
unbedimmed	1
unawed	1
unalloyed	1
ultimum	1
tyre	1
tyrant	1
type	1
two	1
twitters	1
twinkling	1
twining	1
twined	1
twilight	1
twenty-five	1
twang	1
twain	1
turns	1
turning	1
turmoil	1
turk	1
turbid	1
truths	1
trump	1
troops	1
triune	1
triumvir	1
triumphed	1
triumph	1
trifling	1
tried	1
tricks	1
tribes	1
trial	1
tresses	1
trespassed	1
tremor	1
trembled	1
treasured	1
tread'st	1
traverse	1
translated	1
transition	1
transfiguration	1
tranquillity	1
tranquil	1
trance	1
tramp	1
trained	1
tragic	1
trafalgar	1
tradition	1
trade	1
tracing	1
traced	1
tould	1
tossed	1
tortured	1
torture	1
torrents	1
tore	1
torch	1
tome	1
tolled	1
told	1
token	1
toilsome	1
toil	1
tocsin	1
tivoli	1
tints	1
tie	1
tiber	1
thunderer	1
ths	1
throws	1
throw	1
throngs	1
thronging	1
throng	1
thrones	1
throes	1
thrice	1
threw	1
three	1
thread	1
thrasymene	1
thoughtful	1
thou'rt	1
thorn	1
thirsteth	1
third	1
thinks	1
they're	1
theme	1
theirs	1
theatre	1
thalaba	1
terrors	1
terrestrial	1
terni	1
teraphim	1
tendency	1
tenant	1
tempo	1
tempestuous	1
tempests	1
tempering	1
tells	1
telling	1
teardrop	1
teach	1
te	1
taunt	1
taste	1
task	1
tartary	1
tarsus	1
tarnish	1
tapestry	1
taper	1
tamerlane	1
tameless	1
talisman	1
tales	1
tale	1
taking	1
takest	1
table	1
system	1
syria	1
syren	1
sympathy	1
symmetric	1
sycamores	1
switzer	1
sweets	1
sweetness	1
sweeten	1
sweeping	1
sweep	1
sweat	1
sway	1
sustaining	1
sustained	1
sustain	1
surprise	1
surges	1
sure	1
supreme	1
supplicating	1
supernal	1
sunlight	1
sunken	1
sunbeams	1
summoned	1
suggested	1
sugarcane	1
suffered	1
sufferance	1
successive	1
subtle	1
submit	1
sublimely	1
subjects	1
subdued	1
sturdy	1
studied	1
struggling	1
struggles	1
structure	1
struck	1
striven	1
stripes	1
strings	1
strides	1
strewed	1
strew	1
strengthened	1
streamlets	1
streamings	1
streaming	1
strayed	1
strangers	1
stranger	1
strains	1
stormy	1
storied	1
stored	1
stoops	1
stolen	1
stoic	1
sting	1
stilled	1
stiletto	1
sternness	1
sternly	1
sterner	1
sterling	1
steeped	1
steeds	1
steals	1
stealeth	1
stayed	1
stationed	1
started	1
start	1
stare	1
standing	1
standest	1
stamboul	1
stagyrite	1
staff	1
stable	1
st	1
spurns	1
sprite	1
spreading	1
spoken	1
splendour	1
spiritual	1
spires	1
spilled	1
spicy	1
speck	1
spear	1
speakest	1
spartan	1
sparta	1
sparrow	1
sparkling	1
sparkle	1
spark	1
span	1
spake	1
spain	1
space	1
southward	1
south	1
sources	1
souloquy	1
sorcerer	1
soothes	1
soothed	1
soonest	1
some	1
soliloquy	1
soliloquized	1
soldiers	1
soldier	1
sold	1
soil	1
socrates	1
soars	1
soared	1
snuschen	1
snuffing	1
snows	1
snowden	1
snood	1
snares	1
smokes	1
slumbers	1
sluggish	1
slaughter	1
slake	1
skims	1
skiddaw	1
size	1
sisters	1
sip	1
sinewy	1
sincere	1
simplon	1
siloam	1
silken	1
sighing	1
siege	1
siddim	1
sickness	1
sick	1
siber	1
shrouds	1
shrouded	1
shown	1
showers	1
show	1
shouting	1
short	1
shorn	1
shoots	1
shoes	1
shock	1
shivered	1
ship	1
shepherd	1
shell	1
sheep	1
sheen	1
sheathed	1
sheaf	1
shattered	1
shared	1
share	1
shakes	1
shake	1
shadowed	1
shackles	1
sfill	1
seville	1
severed	1
severe	1
sever	1
servility	1
serve	1
servant	1
serried	1
serpent	1
sere	1
seraphic	1
sequestered	1
sepulchres	1
sentry	1
sentenced	1
sent	1
sends	1
select	1
seer	1
seems	1
securely	1
secrets	1
seat	1
season	1
search	1
seaman	1
sealed	1
seal	1
sculptor	1
scrutiny	1
scourging	1
scourge	1
scotland	1
scorning	1
scheme	1
sceptres	1
scatter	1
scarce	1
scan	1
scaling	1
scales	1
scale	1
scabbards	1
says	1
saying	1
saving	1
saves	1
saved	1
satin	1
sapphire	1
sank	1
sand	1
samaria	1
salute	1
sake	1
sailor	1
sail	1
sages	1
sabres	1
s	1
rushes	1
rung	1
ruling	1
ruled	1
ruined	1
rue	1
rudely	1
row	1
roses	1
rosebud	1
rosa	1
rocky	1
rocked	1
robbed	1
rob	1
roar	1
roaming	1
rivulet	1
ris	1
ripples	1
riper	1
ripeness	1
ripe	1
rightly	1
right	1
rife	1
ridge	1
ride	1
rhoderic	1
rhine	1
reward	1
revolve	1
reverts	1
revellers	1
returned	1
retribution	1
resumes	1
restrain	1
restore	1
responsive	1
resounding	1
resolved	1
resolve	1
reserved	1
reposing	1
reposed	1
renowned	1
rends	1
remotest	1
remote	1
remorse	1
remind	1
remember	1
remains	1
remained	1
religions	1
released	1
release	1
rekindles	1
rejoices	1
rejects	1
rejected	1
reigns	1
reign	1
registry	1
regarding	1
refreshing	1
reflect	1
reeled	1
reel	1
reechoed	1
redundant	1
redolent	1
records	1
record	1
reclining	1
recesses	1
recent	1
received	1
recalls	1
rebound	1
rebel	1
rears	1
real	1
reach	1
razed	1
raven	1
ravage	1
rapid	1
raphael	1
ransom	1
rankly	1
rankles	1
rank	1
ramparts	1
rage	1
radiant	1
racked	1
question	1
quenched	1
quench	1
quaffed	1
qides	1
pyramids	1
pursued	1
pulse	1
psestum	1
prowling	1
prowess	1
proved	1
proudly	1
proudest	1
proportions	1
pronounce	1
prone	1
prompts	1
prolific	1
progressive	1
progress	1
profuse	1
proffered	1
proclaimed	1
proclaim	1
prize	1
prisoner	1
princes	1
princely	1
prince	1
prey	1
prelude	1
precious	1
preceptor	1
precarious	1
preach	1
prayers	1
prance	1
praises	1
praised	1
practice	1
powerless	1
poverty	1
potentates	1
potent	1
possess	1
portrayed	1
portals	1
port	1
polycarpus	1
polar	1
points	1
pointing	1
poignant	1
poetry	1
plying	1
plucking	1
plucked	1
plighted	1
pleiad	1
pleasing	1
pleasant	1
plea	1
playing	1
play	1
planted	1
planets	1
placing	1
placed	1
pitcher	1
pinnacle	1
pillars	1
pilgrims	1
pilgrimage	1
piled	1
piercing	1
pierce	1
pictures	1
pictured	1
phyle	1
phrenzied	1
phosphorescent	1
philosophy	1
philosophers	1
philopappus	1
phidias	1
pharaoh	1
phantom	1
phalanx	1
petals	1
perverted	1
pervading	1
peripatetic	1
perfume	1
perched	1
perchance	1
pentelicus	1
pent	1
peerless	1
pedestal	1
pebbles	1
pebbled	1
peasants	1
pealing	1
pay	1
pausing	1
paused	1
patmos	1
pathway	1
paths	1
passignano	1
passeth	1
passes	1
parthenon	1
partake	1
part	1
parrying	1
parents	1
parent	1
panoply	1
pangs	1
pan	1
pampered	1
paltry	1
palsying	1
pall	1
palestine	1
palestina	1
pale	1
palate	1
pains	1
pageants	1
pageant	1
owns.lj	1
owns	1
owning	1
overthrown	1
overgrown	1
overflowed	1
orphans	1
orphan	1
origin	1
oriental	1
oregon	1
orb	1
oppressive	1
opens	1
onset	1
onder	1
omnipresence	1
omni	1
oi	1
oft	1
offerings	1
offer	1
odour	1
octogenarl\n	1
oceans	1
observe	1
obscure	1
objects	1
obeisance	1
obedient	1
oasis	1
oak	1
o'ershadowing	1
o'ershadowed	1
nurtured	1
numerous	1
numbers	1
number	1
nought	1
nothing	1
noon	1
noisome	1
noiseless	1
nod	1
noblest	1
nile	1
next	1
newborn	1
nether	1
nest	1
nerved	1
neighbour	1
neigh	1
negropont	1
neglected	1
nectared	1
nearly	1
nay	1
natolia	1
napoleons	1
names	1
mystic	1
mysterious	1
myself	1
myrtle	1
myriads	1
mute	1
mussulmen	1
musing	1
muscles	1
murmuring	1
murmur	1
murillo	1
multitudes	1
much	1
mtrude	1
moving	1
moves	1
mournful	1
mourner	1
mourned	1
mounts	1
mountainous	1
mountaineer	1
moulding	1
motion	1
moth	1
mosque	1
moses	1
mortals	1
mortality	1
morena	1
moor	1
moonbeams	1
monumental	1
monument	1
months	1
monarchs	1
momentary	1
moloch	1
mock	1
moan	1
mists	1
missolonghi	1
missile	1
misnomer	1
miseries	1
mirrored	1
miriam	1
mio^ht	1
minor	1
ministering	1
minions	1
minds	1
mildly	1
mild	1
midday	1
methought	1
metal	1
met	1
messiah	1
messenger	1
merriment	1
mercies	1
mentors	1
mentor	1
mend	1
mementos	1
memento	1
melts	1
melting	1
melody	1
melodious	1
melodies	1
meek	1
meditations	1
medicean	1
measured	1
may-day	1
mausoleum	1
maturity	1
maturer	1
mate	1
matching	1
masters	1
master	1
massive	1
mashallah	1
martyrs	1
martyrdom	1
martial	1
marriage	1
marred	1
marking	1
marked	1
marius	1
mariner	1
march	1
marathona	1
mantle	1
maniac	1
mane	1
maker	1
majestic	1
maidens	1
maiden	1
maid	1
mahomet	1
magical	1
magazines	1
maelstroom	1
mad	1
macedonian	1
macedon	1
lybia	1
luxuriant	1
lustres	1
lust	1
lured	1
lulled	1
lull	1
lucre	1
loyal	1
lowly	1
loving	1
lovest	1
loves	1
loveliness	1
loveliest	1
lovelier	1
lours	1
lordly	1
lord	1
lonicera	1
longed	1
lomond	1
lock	1
livest	1
lithe	1
listened	1
list	1
lire	1
lion	1
link	1
lingers	1
lingering	1
lingercst	1
line	1
linden	1
limpid	1
lights	1
lightness	1
lighted	1
lifting	1
lifted	1
liege	1
liberty	1
liberal	1
lethargy	1
lesson	1
lepra	1
lengthening	1
lengthened	1
length	1
leman	1
legion	1
legatee	1
learning	1
leapt	1
leaps	1
leap	1
leagued	1
leaflets	1
lead	1
lea	1
lawn	1
lava	1
laurel	1
laughing	1
later	1
large	1
lantern	1
landscape	1
lance	1
lamented	1
lament	1
lambent	1
lamb	1
lain	1
lagune	1
labyrinth	1
labours	1
labour	1
kotroni	1
knit	1
knell	1
knees	1
kneeling	1
kissed	1
kingdoms	1
kingdom	1
kindness	1
kindled	1
kindle	1
keep	1
keen	1
katrine	1
jv	1
justice	1
jura	1
jupiter	1
judah	1
juan	1
journeyed	1
jordan	1
joined	1
johnny	1
john	1
jewel	1
jet	1
jesus	1
jegean	1
jealousy	1
jealous	1
jaws	1
javelin	1
java	1
jasper	1
ive	1
ith	1
italia	1
islands	1
ire	1
iot	1
inwoven	1
involved	1
intrude	1
intense	1
intellectual	1
instruct	1
inspiring	1
inspired	1
insidious	1
insects	1
insect	1
inquisitive	1
inquiry	1
innocent	1
injured	1
inherent	1
inhabit	1
infuriate	1
infinity	1
infidel	1
infancy	1
infamy	1
individuals	1
ind	1
incas	1
inari^s	1
inanimate	1
impulse	1
impressed	1
impress	1
impossible	1
important	1
importance	1
imperishably	1
imperial	1
imperceptibly	1
impenetrable	1
immortality	1
immmdful	1
imbued	1
imagination	1
imaged	1
ilyssus	1
illusive	1
illumes	1
illumed	1
illimitable	1
ill	1
ignobly	1
ieolian	1
ideal	1
idea	1
icy	1
iceland	1
iced	1
i'll	1
hymn	1
hymettus	1
hymettean	1
hutments	1
hurries	1
humbly	1
humbled	1
humble	1
hum	1
hovering	1
household	1
hot	1
horeb	1
hoped	1
hook	1
homeward	1
homer	1
holiness	1
holiest	1
holier	1
hoarse	1
hither	1
hireling	1
highlands	1
highland	1
highest	1
hies	1
hieron	1
hidalgo	1
hercules	1
herculean	1
herarra	1
herald	1
hence	1
helvetia	1
helvellyn	1
hellenic	1
hellenean	1
hellena	1
helenean	1
heedless	1
hectic	1
heckla	1
hebron	1
hebe	1
heavy	1
heavier	1
heaves	1
heaved	1
heat	1
hearth	1
heartfelt	1
hearted	1
hears	1
health	1
healing	1
healed	1
heads	1
haunt	1
haughty	1
hatred	1
hastens	1
hastening	1
hasten	1
haste	1
harmony	1
harmonious	1
hammond	1
halcyon	1
haired	1
haggard	1
hadrian	1
gushing	1
gusheth	1
gush	1
gurgling	1
guiding	1
guided	1
guatemala	1
guards	1
guardian	1
growth	1
grows	1
growing	1
grow	1
grounds	1
groat	1
groans	1
grenada	1
greeks	1
greek	1
graves	1
grasp	1
grandsire	1
grampians	1
gracefully	1
govern	1
gossamer	1
gorgeous	1
gore	1
goodness	1
gondolier	1
goblet	1
glut	1
glows	1
glow	1
glorifying	1
glisten	1
glides	1
glide	1
gleans	1
gleamed	1
glare	1
gladdened	1
gladden	1
givest	1
girls	1
girl	1
girded	1
gilds	1
gilded	1
giddy	1
giaour	1
ghastly	1
geyser	1
germs	1
germ	1
geranium	1
georgian	1
gemmed	1
gem	1
gaza	1
gavel	1
gaudalquiver	1
gate	1
gasp	1
garonne	1
garnished	1
garlands	1
garden	1
gambols	1
gamaliel	1
gallant	1
galilee	1
gales	1
gaily	1
gaelic	1
fury	1
furrowed	1
furious	1
fund	1
fully	1
fruitless	1
fruit	1
frolic	1
freshness	1
freshened	1
freres	1
france	1
fragrant	1
fountainhead	1
fostering	1
fortress	1
fortitude	1
forsake	1
formerly	1
former	1
forked	1
forgot	1
forgiveness	1
forgets	1
forgetful	1
forevermore	1
forests	1
foreseen	1
fools	1
fonder	1
following	1
follower	1
followed	1
folded	1
foes	1
foaming	1
foam	1
flushing	1
fluid	1
flows	1
flowret	1
flowery	1
flow	1
flourished	1
flodden	1
flock	1
flit	1
flings	1
flickering	1
fleeting	1
flee	1
flashes	1
fitting	1
fitful	1
firstborn	1
firesides	1
fireside	1
figure	1
fight	1
fife	1
fierce	1
fiendlike	1
field	1
fiat	1
feud	1
festoons	1
festive	1
festivals	1
fervid	1
fervent	1
fertility	1
fertile	1
fellows	1
fellow	1
features	1
fearless	1
fear	1
favourites	1
fatigue	1
fathomless	1
farewell	1
fantastic	1
fanes	1
familiar	1
famed	1
faltering	1
faltered	1
falter	1
fallsj	1
falling	1
falleth	1
falkirk	1
falchion	1
fairest	1
fairer	1
faint	1
fain	1
fail	1
fading	1
fades	1
fade	1
faces	1
exults	1
exulting	1
extract	1
extensive	1
extends	1
extended	1
expiring	1
expanding	1
expanded	1
exit	1
exiled	1
exhorted	1
exhaustless	1
exhausted	1
exhalation	1
exclaim	1
excessive	1
exception	1
exalting	1
exalted	1
europe	1
eternity	1
essential	1
essence	1
erst	1
error	1
erring	1
errand	1
erect	1
era	1
epochs	1
epidaure	1
epaulette	1
enwreathed	1
environs	1
enviable	1
entreated	1
enthralled	1
enriched	1
enjoyed	1
enjoy	1
enfeebled	1
energy	1
endure	1
endowed	1
endeared	1
encircling	1
enchanted	1
empress	1
empires	1
empire	1
emperor	1
emotion	1
emigrant	1
emerald	1
embraces	1
embrace	1
embodying	1
emblems	1
ellen	1
elis	1
elios	1
elijah	1
elemental	1
electric	1
elder	1
egean	1
eflulgent	1
effects	1
ecstatic	1
ecstasy	1
echoing	1
echoed	1
eastern	1
eagle	1
dwindle	1
dwelleth	1
duties	1
dusky	1
dun	1
due	1
drum	1
dross	1
drops	1
drop	1
drinks	1
drinking	1
dries	1
dried	1
dread	1
draws	1
drawing	1
draughts	1
drapery	1
doubling	1
door	1
domains	1
dog	1
doctrines	1
diverse	1
distinctions	1
distinct	1
distills	1
dispel	1
disenthralled	1
discord	1
disclosed	1
disciples	1
disciplef	1
discarding	1
disappear	1
dirk	1
directs	1
diogenes	1
dimmed	1
different	1
diamond	1
dhu	1
dewdrop	1
devious	1
devastating	1
detested	1
determined	1
destroying	1
destroyed	1
destined	1
despot	1
despised	1
despise	1
desolation	1
deserted	1
desert	1
descends	1
descend	1
derive	1
denies	1
deluged	1
deluded	1
dell	1
delivered	1
delirious	1
delightful	1
delay	1
deigned	1
deified	1
degrading	1
deftly	1
deeper	1
deed	1
decreed	1
declivity	1
decline	1
declared	1
declaimed	1
deck	1
debased	1
deathly	1
deathbed	1
deadly	1
deadliest	1
dazzle	1
daylight	1
daughters	1
dart	1
darker	1
darken	1
dares	1
dank	1
dance	1
dagon	1
cynical	1
cycladian	1
curses	1
curse	1
curling	1
curled	1
curbed	1
cull	1
cuirass	1
ct	1
cry	1
crushed	1
crowned	1
croesus	1
critical	1
crisis	1
crime	1
crew	1
crept	1
creeping	1
creatures	1
craggy	1
covering	1
courses	1
coursed	1
counterfeited	1
countenance	1
couches	1
cost	1
corsican	1
corrupting	1
corroding	1
coral	1
cooling	1
convulsions	1
continues	1
consume	1
consign	1
consecrated	1
conscious	1
conscience	1
conquering	1
conium	1
congo	1
confounded	1
conflicts	1
confirms	1
concourse	1
concord	1
conception	1
concave	1
compunction	1
completion	1
compared	1
companionship	1
companionless	1
commerce	1
command	1
comforter	1
comet	1
combat	1
colouring	1
colonnade	1
coat	1
clyde	1
clouded	1
closing	1
closet	1
closely	1
closed	1
clog	1
clod	1
clings	1
cling'st	1
cling	1
climbed	1
cliff	1
clematis	1
cleaving	1
clear	1
cleanse	1
clay	1
classical	1
clasped	1
citron	1
circling	1
circled	1
circle	1
circassia	1
churches	1
church	1
chrysalis	1
christ	1
chisseled	1
chime	1
chills	1
chill	1
childlike	1
chiefly	1
chests	1
cherubim	1
cherish	1
cheers	1
checks	1
check	1
chastising	1
chasing	1
charms	1
charmed	1
chariot	1
charger	1
chaplet	1
chants	1
chanseless	1
champion	1
chaldean	1
chainless	1
chained	1
chafing	1
certain	1
celebrate	1
cedar	1
ceaseless	1
ccelo	1
caves	1
caverns	1
caused	1
caught	1
catapulta	1
catalogue	1
castle	1
casquette	1
cascatelles	1
carthage	1
carry	1
carrier	1
carmel	1
careless	1
car	1
captive	1
cannot	1
cankering	1
cana	1
camp	1
calmly	1
calm	1
calls	1
calf	1
byzantium	1
butterfly	1
bury	1
burned	1
burn	1
buoyant	1
buoyancy	1
buckler	1
bubbling	1
bubbles	1
brunswick	1
bruce	1
brothers	1
brook	1
brooding	1
british	1
brisk	1
briny	1
bringest	1
brilliant	1
brilliancy	1
briefly	1
bridled	1
bridge	1
bride	1
brethren	1
breathest	1
breastplate	1
brazilia	1
brazen	1
brawny	1
brass	1
braided	1
bozzaris*	1
bowl	1
bounteous	1
bounded	1
bots	1
borean	1
border	1
boots	1
bonny	1
bonnet	1
bones	1
bondage	1
bolt	1
boldness	1
boeotia	1
boats	1
board	1
blushing	1
blow	1
blooms	1
bloomed	1
bloody	1
blithesome	1
blissful	1
blight	1
blessedness	1
blazonry	1
blasted	1
blanched	1
bitterness	1
bit	1
bishop	1
billowy	1
billow	1
billon	1
bids	1
between	1
bestow	1
bespoke	1
bespeaks	1
benighted	1
bends	1
bendeth	1
believing	1
beguiling	1
beguiled	1
begins	1
beggar	1
bee	1
bedside	1
bedight	1
bedeck	1
bed	1
beau	1
beatified	1
beateth	1
beat	1
beasts	1
bears	1
beacon	1
bayonets	1
bay	1
battling	1
battled	1
bathing	1
bask	1
baser	1
basely	1
bark	1
bare	1
bards	1
bannockburn	1
banner	1
banished	1
balista	1
balim	1
balclutha	1
babel	1
baal	1
b	1
ay	1
awhile	1
awful	1
awarded	1
awake	1
avhat	1
aver	1
avengeful	1
avalanche	1
autocratic	1
auid	1
audibly	1
auburn	1
attributes	1
attractive	1
attican	1
attica	1
attendants	1
attend	1
attained	1
attachments	1
atoms	1
atlantic	1
athwart	1
athirst	1
athens	1
athenians	1
ataghan	1
assurance	1
assumed	1
assuage	1
assembled	1
aspire	1
askest	1
asked	1
aside	1
ashtaroth	1
ascension	1
ascending	1
ascend	1
arose	1
army	1
armies	1
arm	1
aristotle	1
arid	1
argonautic	1
argalaki	1
arethusa	1
areopagus	1
arena	1
ardneohnchrochan	1
ardently	1
ardent	1
arches	1
arch	1
araby	1
approaching	1
appear	1
apparelling	1
appals	1
apocalypse	1
apartment	1
anthony	1
anthems	1
annals	1
anglo-saxon	1
anemone	1
andalusia	1
anchored	1
ancestry	1
amethyst	1
ambient	1
amazonia	1
amazement	1
amaranthine	1
alternate	1
alphabet	1
alnwick	1
allurements	1
allured	1
alloyed	1
allotted	1
allies	1
allay	1
alike	1
alexanders	1
alexander	1
aleouski	1
alchymists	1
airy	1
aimed	1
aim	1
ah	1
agony	1
agonistes	1
aged	1
afric	1
afloat	1
affray	1
aerial	1
advance	1
adriatic	1
adorn	1
adore	1
adieu	1
adamantine	1
adamant	1
actium	1
across	1
acropolis	1
acknowledge	1
achray	1
aching	1
achievements	1
accustomed	1
accursed	1
according	1
abstract	1
absorbed	1
abides	1
abhorred	1
abandon	1
aaron	1
^gean	1
^	1
]	1
\	1
[	1
?'	1
?"	1
7*	1
/ee/	1
/	1
.''	1
-	1
*****	1
',	1
!"	1
