,	1424
the	721
and	542
.	380
of	281
a	227
to	216
in	192
;	172
with	136
that	135
|romannumeral|	132
her	131
he	124
as	120
|'s|	103
but	100
"	90
is	83
for	81
his	77
by	77
on	72
not	69
it	69
from	69
she	67
was	64
!	64
i	63
'	55
their	51
or	51
no	51
be	46
they	45
when	44
all	44
its	43
him	42
you	41
which	41
more	41
—	40
had	40
then	38
one	38
garden	38
there	37
where	36
at	36
still	34
are	34
were	33
so	32
now	32
will	31
love	30
long	30
yet	28
over	27
austin	27
:	26
who	25
through	25
this	25
mr	25
like	25
."	25
once	24
little	23
if	23
heaven	23
our	22
an	22
than	21
prayer	21
never	21
me	21
many	21
madonna	21
down	21
though	20
nor	20
my	20
heart	20
?	20
your	19
them	19
sea	19
said	19
came	19
we	18
us	18
rose	18
pray	18
life	18
hand	18
dark	18
could	18
within	17
fair	17
did	17
white	16
olympia	16
would	15
whose	15
these	15
some	15
here	15
heard	15
ever	15
book	15
again	15
|arabic2digit|	14
while	14
such	14
soon	14
side	14
seemed	14
saw	14
has	14
godfrid	14
feet	14
child	14
upon	13
thou	13
those	13
praise	13
poet	13
night	13
may	13
light	13
into	13
day	13
till	12
sun	12
round	12
most	12
have	12
hands	12
even	12
door	12
crown	12
come	12
city	12
air	12
!"	12
why	11
up	11
silent	11
prose	11
mountains	11
men	11
just	11
hill	11
far	11
face	11
can	11
breast	11
alfred	11
waves	10
verse	10
smooth	10
shore	10
sense	10
out	10
old	10
mountain	10
mother	10
man	10
made	10
half	10
gaze	10
flowers	10
felt	10
eyes	10
every	10
each	10
dear	10
days	10
bright	10
behind	10
before	10
back	10
without	9
until	9
too	9
thought	9
stood	9
sound	9
sky	9
sacred	9
only	9
marble	9
lips	9
last	9
how	9
grace	9
good	9
first	9
what	8
well	8
thy	8
thus	8
themselves	8
sweet	8
soul	8
since	8
sight	8
shrine	8
seen	8
save	8
pure	8
proud	8
place	8
o	8
new	8
must	8
let	8
hills	8
head	8
grew	8
faint	8
ere	8
death	8
darkness	8
country	8
bent	8
been	8
|arabic3digit|	7
ye	7
world	7
winds	7
whom	7
way	7
volume	7
vol	7
town	7
tall	7
stream	7
steps	7
simple	7
silence	7
should	7
sat	7
queen	7
part	7
oh	7
main	7
lord	7
less	7
lay	7
land	7
indeed	7
hath	7
grey	7
golden	7
go	7
find	7
fell	7
farewell	7
english	7
delightful	7
deep	7
crowd	7
chapel	7
brown	7
bosom	7
below	7
away	7
anon	7
work	6
words	6
whereon	6
went	6
welcome	6
two	6
torrent	6
time	6
tears	6
talk	6
swift	6
sure	6
stern	6
spot	6
sought	6
soft	6
slowly	6
shall	6
see	6
rest	6
quite	6
quiet	6
poetry	6
perhaps	6
pale	6
open	6
ocean	6
neither	6
mute	6
might	6
meet	6
make	6
maiden	6
low	6
length	6
left	6
lady	6
knelt	6
house	6
home	6
hers	6
hear	6
happy	6
feel	6
faith	6
ear	6
dream	6
dew	6
dawn	6
cold	6
closed	6
christ	6
any	6
along	6
alone	6
year	5
women	5
woe	5
wind	5
whence	5
warm	5
view	5
very	5
vain	5
tower	5
things	5
tender	5
strand	5
straight	5
storm	5
star	5
stand	5
spirit	5
space	5
snows	5
snow	5
smile	5
sinless	5
shade	5
sentiment	5
scarcely	5
rude	5
rising	5
rippling	5
reached	5
quick	5
past	5
passed	5
pain	5
pages	5
organ	5
none	5
nature	5
much	5
morning	5
morn	5
mid	5
mary	5
macmillan	5
loves	5
lover	5
lost	5
led	5
late	5
ken	5
human	5
grief	5
great	5
gloom	5
full	5
fresh	5
free	5
form	5
flowing	5
fled	5
eye	5
end	5
dense	5
dead	5
curved	5
cried	5
cloud	5
close	5
cheek	5
charm	5
celestial	5
bore	5
blessed	5
between	5
best	5
beauty	5
beautiful	5
among	5
altar	5
aisles	5
above	5
about	5
.'	5
young	4
withal	4
wings	4
wide	4
wholly	4
whereat	4
ways	4
wave	4
watch	4
virgin	4
vine	4
vainly	4
tenderness	4
sunshine	4
sunny	4
sunlight	4
summer	4
stranger	4
strange	4
stir	4
spring	4
song	4
solitary	4
snow-white	4
smiles	4
slow	4
slope	4
skies	4
sin	4
sighs	4
shone	4
seems	4
seem	4
same	4
sad	4
rough	4
roar	4
road	4
right	4
rich	4
purer	4
profound	4
presence	4
prayed	4
poor	4
poems	4
pinnacles	4
pass	4
other	4
newly	4
need	4
nearer	4
name	4
moment	4
mist	4
mine	4
mind	4
mild	4
milan	4
makes	4
loved	4
looked	4
lonely	4
lone	4
lithe	4
literature	4
limbs	4
lamp	4
know	4
knew	4
knee	4
hushed	4
host	4
hope	4
hold	4
hoar	4
higher	4
herself	4
held	4
heavenly	4
hearth	4
green	4
gold	4
god	4
give	4
gentle	4
gazed	4
gave	4
gardener	4
fragrant	4
found	4
foul	4
forgot	4
following	4
fold	4
foam	4
feeble	4
fed	4
fate	4
fancy	4
fallen	4
fact	4
early	4
doorway	4
dim	4
delicate	4
cross	4
crept	4
cool	4
charming	4
ceased	4
calm	4
broke	4
born	4
blue	4
bloom	4
bless	4
billows	4
beyond	4
bells	4
bed	4
bear	4
almost	4
alas	4
against	4
|arabic1digit|	3
yours	3
yields	3
written	3
writer	3
wound	3
wore	3
wise	3
wisdom	3
winter	3
wing	3
win	3
wild	3
whole	3
waters	3
walls	3
wait	3
wailed	3
voice	3
verses	3
veronica	3
veiled	3
vanished	3
vacancy	3
utter	3
unto	3
under	3
twas	3
twain	3
turned	3
train	3
track	3
touch	3
tomb	3
told	3
together	3
thorn	3
thick	3
temple	3
tell	3
streets	3
strain	3
stone	3
stole	3
stems	3
stars	3
starry	3
spiaggiascura	3
speak	3
sparkling	3
smiling	3
slopes	3
slept	3
sleeping	3
sleep	3
sir	3
silvery	3
shut	3
seek	3
seasons	3
scent	3
sang	3
sand	3
robe	3
rise	3
reverent	3
readers	3
reader	3
ranged	3
rang	3
quickened	3
proved	3
preface	3
prayers	3
porch	3
pine	3
peasant	3
pathway	3
own	3
often	3
notes	3
needs	3
near	3
mystic	3
music	3
moon	3
month	3
martyrs	3
lyrics	3
lower	3
loving	3
look	3
longer	3
london	3
line	3
leave	3
language	3
lamia	3
known	3
knees	3
joyous	3
journey	3
instant	3
ideal	3
huge	3
hours	3
hot	3
holy	3
high	3
hearts	3
having	3
haven	3
hard	3
halting	3
hair	3
guest	3
groves	3
grave	3
gracious	3
graceful	3
gown	3
glowing	3
ghost	3
genial	3
gay	3
fro	3
friends	3
forward	3
fortune	3
forms	3
folk	3
flower	3
finds	3
fear	3
fame	3
faces	3
equally	3
ended	3
empty	3
eld	3
earth	3
ears	3
dumb	3
drew	3
downward	3
dotted	3
doth	3
dost	3
doom	3
done	3
died	3
die	3
devotion	3
devious	3
descried	3
delight	3
deaf	3
dainty	3
cry	3
crossed	3
comes	3
comely	3
co	3
clear	3
clasped	3
chancel	3
cast	3
carven	3
care	3
cannot	3
burst	3
bring	3
brief	3
breathed	3
breath	3
brave	3
bowed	3
bow	3
both	3
blows	3
black	3
bird	3
better	3
beside	3
beneath	3
bend	3
because	3
beat	3
bearing	3
base	3
awhile	3
ask	3
art	3
april	3
answered	3
angelic	3
am	3
aid	3
after	3
afar	3
absorbed	3
)	3
(	3
{	2
youth	2
yellow	2
yawned	2
wrung	2
wrought	2
writing	2
wreathed	2
worst	2
works	2
word	2
woodland	2
wood	2
wont	2
wondrous	2
womb	2
woke	2
william	2
wildly	2
whether	2
whatever	2
wert	2
wept	2
weary	2
wealth	2
weak	2
watson	2
water	2
watched	2
washed	2
walked	2
voices	2
virtue	2
virgins	2
vespers	2
varying	2
vale	2
unseen	2
unbidden	2
turn	2
true	2
trivial	2
tread	2
transept	2
tranquil	2
trance	2
tragedy	2
tracts	2
trace	2
towards	2
touched	2
took	2
tonsured	2
tone	2
toil	2
times	2
threw	2
thread	2
thoughts	2
thing	2
thine	2
thin	2
thence	2
theme	2
thee	2
thanks	2
thank	2
tempest	2
teardrops	2
task	2
taking	2
takes	2
take	2
swoop	2
swooned	2
swept	2
swelled	2
suspended	2
surly	2
surely	2
sung	2
sudden	2
strove	2
strong	2
strife	2
strength	2
streamlet	2
streaming	2
straining	2
stormy	2
stirred	2
stepped	2
step	2
stella	2
steep	2
steadfast	2
stay	2
statue	2
stately	2
sprang	2
spotless	2
spell	2
speech	2
sped	2
spake	2
southern	2
south	2
sounding	2
souls	2
sooth	2
somewhat	2
sometimes	2
sombre	2
solitude	2
solemn	2
sole	2
solace	2
sobs	2
smothered	2
smilingly	2
smiled	2
smart	2
sleeps	2
sinners	2
single	2
singing	2
silently	2
sign	2
shortly	2
shook	2
shining	2
sharp	2
shapely	2
shaggy	2
shady	2
shadows	2
shadow	2
set	2
serene	2
selfish	2
self	2
seldom	2
seeking	2
seeing	2
secure	2
secluded	2
seat	2
scorn	2
scenes	2
scattering	2
scarce	2
says	2
say	2
saint	2
sage	2
rustic	2
rural	2
runs	2
run	2
rounded	2
rooted	2
roof	2
robes	2
rite	2
review	2
reverence	2
returned	2
return	2
retreat	2
retired	2
restless	2
remember	2
remained	2
regal	2
refuge	2
reason	2
ray	2
rather	2
rarely	2
rare	2
radiant	2
race	2
r	2
quickly	2
put	2
pulpit	2
psalter	2
psalm	2
prostrate	2
pride	2
pressed	2
poured	2
possessed	2
portal	2
pool	2
pomp	2
poised	2
poets	2
poetical	2
poetic	2
ploughed	2
please	2
pleasant	2
plead	2
planets	2
plain	2
pilgrimage	2
perfection	2
perchance	2
pearly	2
peace	2
passionate	2
passion	2
paradise	2
pall	2
palaces	2
pace	2
overhead	2
outcast	2
orchard	2
old-fashioned	2
oft	2
off	2
obeyed	2
numb	2
nuance	2
notices	2
nothing	2
northern	2
noontide	2
nobly	2
noble	2
nest	2
neath	2
nay	2
nave	2
mused	2
mule	2
moved	2
mournful	2
mounted	2
mortal	2
mood	2
mimic	2
met	2
melt	2
melodious	2
meek	2
means	2
mayhap	2
mass	2
mask	2
martha	2
maris	2
maria	2
maize	2
maidens	2
magic	2
lyrical	2
lovelier	2
loudly	2
loud	2
loss	2
lore	2
lo	2
living	2
lit	2
listening	2
lilies	2
lights	2
lift	2
lies	2
lent	2
leisure	2
leaving	2
learned	2
leal	2
leagues	2
leaf	2
lead	2
laureate	2
lark	2
large	2
lapped	2
landward	2
lake	2
laid	2
labours	2
kneeling	2
kneel	2
kissed	2
kindly	2
kind	2
kerchief	2
kept	2
keen	2
joy	2
journeyed	2
itself	2
italy	2
isle	2
introduced	2
interspersed	2
intermittent	2
instinct	2
inlaid	2
incense	2
impossible	2
implore	2
immortal	2
imagination	2
ill	2
hymns	2
hush	2
humour	2
hue	2
hour	2
hopes	2
hood	2
honeyed	2
homeliness	2
holier	2
holds	2
himself	2
hillside	2
hidden	2
help	2
heavy	2
heavens	2
heaved	2
hearken	2
handiwork	2
guardian	2
grove	2
ground	2
grot	2
gravely	2
got	2
gorgeous	2
gone	2
goes	2
gods	2
gloaming	2
glittering	2
gleam	2
glare	2
glad	2
gift	2
gem	2
gazette	2
gathered	2
gate	2
garlands	2
gardens	2
gardening	2
gainful	2
front	2
fringe	2
fretful	2
frail	2
foot	2
fondness	2
fond	2
foliage	2
foiled	2
fluttered	2
flung	2
flowed	2
flow	2
floor	2
fleet	2
flee	2
flecked	2
flat	2
flame	2
fiends	2
feathery	2
favour	2
fast	2
fanned	2
familiar	2
fall	2
fairy	2
fain	2
faced	2
f	2
evening	2
erect	2
enticed	2
enough	2
england	2
endeared	2
else	2
either	2
eden	2
earthly	2
dying	2
dweller	2
drowned	2
drown	2
dropped	2
drooped	2
drenched	2
dreamed	2
drawn	2
doubts	2
doubt	2
dominant	2
does	2
do	2
distress	2
distant	2
discourse	2
din	2
dight	2
dewy	2
dews	2
despite	2
despairing	2
despair	2
descriptions	2
descended	2
descant	2
deny	2
delay	2
deeply	2
deeper	2
deemed	2
decked	2
darkly	2
dame	2
daily	2
curb	2
culled	2
crucified	2
cries	2
courts	2
courtesy	2
count	2
couch	2
content	2
command	2
comfort	2
clutched	2
cling	2
clay	2
clang	2
church	2
choir	2
chivalrous	2
children	2
childhood	2
chief	2
cherubim	2
cherished	2
checked	2
chase	2
charms	2
character	2
chamber	2
certainly	2
cause	2
caught	2
cathedral	2
canst	2
callow	2
busy	2
budding	2
browsed	2
brood	2
broad	2
briny	2
breeze	2
breakers	2
branches	2
branch	2
brain	2
bounding	2
bound	2
books	2
bold	2
blow	2
blossoming	2
blossom	2
blending	2
bitter	2
birds	2
billow	2
bids	2
bidding	2
bidden	2
belfries	2
being	2
behold	2
beads	2
beach	2
bay	2
bare	2
autumn	2
author	2
aught	2
athwart	2
ascetic	2
around	2
arms	2
apt	2
appreciation	2
appears	2
apace	2
anything	2
antique	2
answer	2
another	2
amid	2
aloft	2
almond	2
aisle	2
ahead	2
ah	2
afoot	2
adieu	2
action	2
across	2
ache	2
accept	2
accents	2
.,	2
''	2
!'	2
•„	1
•	1
|arabic5+digit|	1
zigzag	1
zephyr	1
youthful	1
youngsters	1
yon	1
yielded	1
yes	1
years	1
yearning	1
yawning	1
y	1
writes	1
write	1
wrenched	1
wreaths	1
wrapped	1
woven	1
worthy	1
worthless	1
worthily	1
worth	1
worshippers	1
worshipped	1
worship	1
worse	1
worn	1
wonder	1
won	1
woman	1
wolfish	1
wold	1
witty	1
witness	1
withstand	1
withered	1
wit	1
wished	1
wish	1
winsome	1
winning	1
wine	1
windows	1
window	1
windless	1
winding	1
wimpled	1
whosoever	1
wholesome	1
whoever	1
whiter	1
whiteness	1
whitened	1
whitely	1
whispering	1
whirling	1
whirled	1
whip	1
whilst	1
whiffs	1
wherewith	1
wherethro	1
whelming	1
wheeling	1
wheel	1
whatsoever	1
whales	1
wet	1
wended	1
weltering	1
welkin	1
welcomed	1
weeping	1
weep	1
wedge	1
wearing	1
weal	1
weakness	1
waxed	1
watchdogs	1
wasteful	1
washing	1
warrior	1
warred	1
warmth	1
ware	1
warded	1
wants	1
wanton	1
waned	1
wane	1
wandering	1
wander	1
wan	1
walks	1
waking	1
wakes	1
wakeful	1
waked	1
wake	1
waft	1
w.c	1
vows	1
vowed	1
vow	1
voluptuous	1
vo	1
visit	1
visions	1
vision	1
visages	1
vineyards	1
vines	1
villages	1
vigour	1
vigil	1
victor	1
victim	1
vexed	1
vessels	1
vessel	1
vernal	1
verdure	1
venus	1
venerable	1
veil	1
vaunting	1
vaunt	1
vault	1
vastly	1
vast	1
vases	1
varied	1
vanquisher	1
valleys	1
valid	1
vague	1
vacant	1
uttered	1
utterance	1
usurping	1
urge	1
upraised	1
unspun	1
unslaked	1
unruffled	1
unrestful	1
unpretentious	1
unpin	1
unnamed	1
unmistakably	1
unmenaced	1
unmanned	1
unless	1
unknown	1
unique	1
uninstructed	1
unformal	1
unforgotten	1
unfading	1
unearthly	1
undulating	1
undreamt	1
undrawn	1
understanding	1
underlying	1
unconsoled	1
unafraid	1
type	1
twixt	1
twinkling	1
twine	1
twilight	1
twice	1
twaddle	1
turns	1
turning	1
turd	1
turbid	1
tunnelled	1
tuning	1
tumult	1
tufts	1
truth	1
trusty	1
trust	1
trunks	1
trunked	1
trumpeted	1
trumpet	1
trump	1
trudge	1
trod	1
trimming	1
trills	1
trident	1
tribute	1
tresses	1
tremendous	1
trellised	1
tree	1
treats	1
treatment	1
treading	1
traversed	1
traveller	1
travelled	1
transubstantiated	1
translucently	1
traditions	1
tracks	1
tracked	1
towns	1
towerest	1
touches	1
tot	1
tossing	1
tossed	1
torrents	1
tore	1
torches	1
torch	1
tops	1
topmost	1
tonight	1
tongue	1
title	1
tithonus	1
tis	1
tipped	1
tiny	1
tinted	1
tint	1
tinkling	1
tinkle	1
timorously	1
timbrel	1
tilth	1
tidings	1
tideless	1
tide	1
thymy	1
thundered	1
thrust	1
throw	1
throughout	1
throned	1
throats	1
thrive	1
thresholds	1
threshold	1
threnody	1
three	1
threat	1
thrall	1
thorns	1
thither	1
thirst	1
third	1
thinking	1
therewith	1
therein	1
therefore	1
thereat	1
thankfulness	1
thankful	1
terraces	1
terms	1
termination	1
termed	1
tent	1
tennysonian	1
tendrils	1
tenderly	1
tendered	1
tended	1
tend	1
tenant	1
tempting	1
temperaments	1
temper	1
tells	1
telegraph	1
tearful	1
teardrop	1
tear	1
taught	1
taste	1
tapering	1
tangled	1
tame	1
taller	1
tales	1
taken	1
sympathetic	1
sylvan	1
swordlike	1
sword	1
swoon	1
swirling	1
swinging	1
swim	1
swiftly	1
swell	1
sweetly	1
sweat	1
swear	1
sway	1
swart	1
svo	1
suspense	1
surrounded	1
surrendered	1
surprises	1
surpassing	1
surmounting	1
surging	1
surged	1
surge	1
surfs	1
supreme	1
supplication	1
suppliants	1
supple	1
superficial	1
sunshiny	1
suns	1
sunless	1
sunk	1
sundered	1
summits	1
summit	1
suggesting	1
sue	1
suckled	1
succouring	1
succoured	1
succeeded	1
subtly	1
subside	1
subject	1
styled	1
style	1
structure	1
strokes	1
strode	1
striving	1
strive	1
striking	1
strike	1
strifes	1
stride	1
strict	1
stretching	1
stretched	1
street	1
streams	1
streamed	1
stray	1
strangely	1
stranded	1
straightway	1
stout	1
stoup	1
story	1
storms	1
stored	1
store	1
stop	1
stony	1
stones	1
stoned	1
stock	1
stiff	1
stepping	1
stephen	1
stem	1
steeped	1
steal	1
steadying	1
steady	1
steadies	1
stead	1
stays	1
stayed	1
statues	1
stations	1
stateliness	1
started	1
stare	1
stands	1
standard	1
stalwart	1
stalks	1
stain	1
stagnant	1
st	1
square	1
sprouting	1
spreads	1
spreading	1
spread	1
sports	1
sportive	1
spoke	1
splendour	1
splendid	1
splashed	1
spirits	1
spirited	1
spiral	1
spinning	1
spin	1
spheres	1
spent	1
spells	1
spectral	1
spectator	1
speck	1
special	1
speaker	1
sparse	1
sparks	1
sparkled	1
spared	1
spangle	1
span	1
sown	1
sovran	1
sovereign	1
sounds	1
sounded	1
sort	1
sorrow	1
sordid	1
sonorous	1
sonnet	1
songs	1
son	1
solve	1
sold	1
softly	1
soars	1
soaring	1
soar	1
snatches	1
snatch	1
smote	1
smoothly	1
smites	1
small	1
smack	1
slumber	1
slumbej	1
sloe	1
slippery	1
slid	1
sleek	1
slaves	1
slant	1
skullcap	1
skirts	1
skill	1
sitting	1
sits	1
sit	1
sires	1
sinuous	1
sinner	1
sinking	1
singers	1
sinful	1
simplicity	1
simplest	1
simpler	1
silver	1
sights	1
sighed	1
sigh	1
sick	1
shroud	1
shrines	1
shrank	1
shows	1
showers	1
showering	1
shower	1
show	1
shout	1
shorn	1
shores	1
shoon	1
shivering	1
shivered	1
shipwrecked	1
shine	1
shimmering	1
shifting	1
shift	1
shields	1
shield	1
shepherds	1
sheer	1
sheep	1
sheaves	1
share	1
shapeless	1
shame	1
shambling	1
shaken	1
shaft	1
severity	1
sevennight	1
settled	1
setting	1
service	1
serge	1
seraphs	1
seraphim	1
seraph	1
sentence	1
sensibilities	1
senses	1
send	1
selection	1
seething	1
secret	1
second	1
seated	1
sealed	1
seagulls	1
sculptured	1
scrolls	1
screened	1
screamed	1
scream	1
scours	1
scourged	1
scour	1
scotsman	1
scorned	1
scorch	1
scintillating	1
scientific	1
scholarship	1
sceptre	1
scented	1
scene	1
scared	1
scantier	1
scampering	1
scampered	1
savonarola	1
saving	1
saves	1
saunter	1
satin	1
satchel	1
sands	1
sandals	1
sandal	1
sanctuary	1
salutation	1
salt	1
saliently	1
saints	1
sails	1
sailed	1
sail	1
sadly	1
sacristy	1
sacristan	1
sa	1
s	1
russia	1
ruin	1
rudely	1
rouse	1
rosy	1
roses	1
rosary	1
ropes	1
room	1
roofed	1
rood	1
romped	1
rolling	1
rolled	1
robin	1
robed	1
roaring	1
roam	1
roadside	1
rivers	1
rites	1
ripple	1
riot	1
ringing	1
ringer	1
rim	1
rill	1
rife	1
rhymes	1
reward	1
reviewing	1
reverie	1
reverently	1
reverberating	1
revelry	1
revelries	1
returning	1
retreating	1
retrace	1
retinue	1
rests	1
restraint	1
restful	1
respited	1
resort	1
resistance	1
resigned	1
resign	1
reserves	1
resentment	1
reseeks	1
requests	1
repose	1
reply	1
replies	1
replied	1
repair	1
renown	1
renewed	1
renew	1
remains	1
reluctant	1
reliquary	1
religion	1
relations	1
reigned	1
reign	1
region	1
refreshment	1
refreshing	1
refreshed	1
reflex	1
reflect	1
refined	1
reedy	1
redressed	1
reddening	1
red	1
recur	1
recommend	1
recline	1
recites	1
receives	1
receding	1
recalled	1
rebound	1
reawakening	1
rearing	1
rear	1
reappearing	1
reaping	1
reap	1
realms	1
realm	1
real	1
ready	1
read	1
ravine	1
ravage	1
rapture	1
rapt	1
ran	1
rampart	1
ramble	1
raised	1
raise	1
raged	1
rafters	1
quill	1
quietude	1
quiescence	1
quicker	1
questioning	1
quell	1
queenly	1
quarcmf	1
qualities	1
quaint	1
pxess	1
pursue	1
purpose	1
pulses	1
pulse	1
pull	1
pry	1
prow	1
provided	1
provide	1
prove	1
protects	1
protecting	1
prospect	1
prophets	1
prone	1
prompt	1
promontories	1
prolong	1
projects	1
proffered	1
produced	1
prodigal	1
procession	1
probe	1
privacy	1
printed	1
print	1
prince	1
primitive	1
primaeval	1
priests	1
priest	1
pricked	1
prick	1
price	1
prevail	1
presumptuous	1
presumption	1
prepossession	1
prejudice	1
preferred	1
prefer	1
precipitous	1
precepts	1
praying	1
prayerless	1
praised	1
potion	1
potent	1
post	1
possible	1
possessor	1
possession	1
posies	1
poplars	1
pond	1
pomps	1
pomologist	1
points	1
plunging	1
pleasure	1
pleasing	1
pleasantly	1
pleaded	1
plaudits	1
planned	1
placid	1
places	1
pitying	1
pitiful	1
piteous	1
pipings	1
pious	1
pink	1
pinched	1
pillowed	1
pillow	1
pile	1
pigments	1
piece	1
pictured	1
picture	1
piazza	1
physical	1
philosophy	1
phase	1
phantom	1
phalanxed	1
petrified	1
petals	1
pessimist	1
perverse	1
personal	1
persona	1
perpetual	1
perfume	1
perfect	1
perceive	1
peopled	1
pennon	1
penance	1
peered	1
peeped	1
pebbly	1
pealing	1
peaceful	1
pavement	1
pausing	1
patriotism	1
patriarchs	1
patient	1
paths	1
pathless	1
patch	1
pastures	1
pastoral	1
pastor	1
passing	1
passes	1
passer	1
partner	1
parting	1
parted	1
parent	1
parched	1
paraclete	1
panes	1
panegyric	1
pan	1
palms	1
palm	1
pallid	1
painting	1
paint	1
painlessly	1
paid	1
pageant	1
pagan	1
ox	1
owning	1
owners	1
overtly	1
overcast	1
outriders	1
outlook	1
ourselves	1
orison	1
original	1
oriel	1
ore	1
ordained	1
orbs	1
orange	1
oppressive	1
oppressed	1
opens	1
onwards	1
onward	1
onslaught	1
om	1
olympus	1
olive	1
oleanders	1
older	1
ofttimes	1
oftener	1
office	1
offered	1
offend	1
odd	1
october	1
occur	1
occasional	1
observer	1
observations	1
oblivious	1
oblivion	1
object	1
oars	1
oar	1
o'erflowed	1
o'ercharged	1
nurslings	1
nursed	1
nuns	1
nought	1
noted	1
note	1
noons	1
noon	1
noiselessly	1
nod	1
nimbly	1
nimble	1
nights	1
nightmare	1
nigher	1
nigh	1
niche	1
next	1
news	1
net	1
nestling	1
nestle	1
neptune	1
neighbourhood	1
negligent	1
necessary	1
natural	1
nations	1
national	1
narrator	1
narrative	1
mystical	1
mystery	1
myself	1
myriads	1
musical	1
murmured	1
murky	1
mullioned	1
mulberry	1
mown	1
mouth	1
mourns	1
mourners	1
mounting	1
mountaineer	1
moulded	1
mould	1
motionless	1
motion	1
motherhood	1
moss	1
morns	1
moods	1
monumental	1
months	1
monstrance	1
monsters	1
monotony	1
moments	1
modest	1
modes	1
modern	1
mockery	1
moaning	1
moan	1
mitre	1
mitigate	1
mistress	1
missed	1
miss	1
mirth	1
mirrored	1
mirror	1
miracle	1
minister	1
mingling	1
mimes	1
milton	1
milk	1
midnight	1
mental	1
menial	1
melody	1
melodiously	1
meeting	1
meeter	1
meekly	1
meditations	1
mechanical	1
meanwhile	1
meanderings	1
matured	1
matter	1
matted	1
matron	1
matins	1
marvelled	1
martyred	1
marks	1
marketplace	1
market	1
marked	1
mariner	1
march	1
mandate	1
mall	1
making	1
maketh	1
magdalen	1
lyre	1
lxvm	1
luxury	1
lustrous	1
lustre	1
lush	1
lurid	1
luminous	1
lull	1
luck	1
lucifer	1
lucid	1
loyalty	1
lowly	1
lovers	1
loveliness	1
lours	1
louder	1
loosely	1
loom	1
looking	1
lonesome	1
loneliness	1
lombard	1
loiterer	1
logs	1
loftiest	1
loftier	1
lodged	1
locks	1
load	1
lizards	1
lives	1
liverpool	1
litter	1
literary	1
listen	1
lisped	1
linnet	1
linking	1
linked	1
lingered	1
linger	1
linen	1
lily	1
likeness	1
ligurian	1
lightnings	1
lifts	1
lifted	1
lids	1
level	1
lets	1
lesson	1
lenient	1
lend	1
lemon	1
leftward	1
leaves	1
leaven	1
leathern	1
least	1
learn	1
leapt	1
leaning	1
league	1
leafless	1
leaders	1
leaden	1
lea	1
laughing	1
laugh	1
later	1
lasting	1
larches	1
laps	1
lap	1
lank	1
lance	1
lamps	1
lamblike	1
lakes	1
lagging	1
ladies	1
knows	1
knoll	1
kings	1
king	1
kill	1
keeps	1
keeping	1
keep	1
jutting	1
justice	1
june	1
judea	1
joys	1
jove	1
journal	1
jonquils	1
joint	1
joined	1
jewels	1
jewelled	1
jerusalem	1
james	1
ivory	1
isles	1
island	1
irrevocably	1
inviolable	1
intoxication	1
intimate	1
intervene	1
interval	1
intersecting	1
interpreted	1
intermediary	1
interludes	1
interloper	1
interested	1
interest	1
intense	1
insularity	1
instil	1
inspired	1
inspire	1
insistent	1
insensibly	1
inner	1
innate	1
inn	1
infused	1
inflict	1
infant	1
inexorable	1
inclined	1
incarnate	1
inborn	1
impressions	1
impressionist	1
impotence	1
implying	1
implored	1
implied	1
implicit	1
imperilled	1
impassable	1
immutable	1
immoderate	1
immersed	1
imbruted	1
imbibed	1
imaginings	1
imaginative	1
imaginary	1
illustrations	1
ignominious	1
idleness	1
idealisation	1
hut	1
husbandry	1
hurt	1
hung	1
humming	1
humbly	1
humble	1
humans	1
hum	1
hugged	1
howl	1
hopeless	1
honour	1
homeless	1
homage	1
hollows	1
hoed	1
hither	1
historic	1
hilly	1
hiding	1
hides	1
heroic	1
herds	1
herd	1
herb	1
henceforth	1
hell	1
heightened	1
hedgerow	1
heat	1
heartily	1
hearths	1
hearted	1
healthy	1
heads	1
headland	1
he^somehow	1
hay	1
hawthorn	1
haunted	1
haunt	1
hate	1
hasty	1
hastened	1
harps	1
hardened	1
happiness	1
happily	1
hangs	1
hang	1
handmaid	1
halt	1
hallowed	1
hall	1
hairshirt	1
haggard	1
hag	1
habitual	1
habited	1
habit	1
gutter	1
gusto	1
guile	1
guide	1
guests	1
guessed	1
gs	1
grubs	1
grows	1
grown	1
growled	1
groined	1
groaning	1
grimly	1
grieve	1
griefs	1
greeting	1
greeted	1
greenly	1
greedy	1
greatness	1
greatly	1
greatest	1
graze	1
graver	1
grassy	1
grasses	1
grasping	1
grapple	1
grandams	1
grand	1
gradual	1
gossip	1
gossamer	1
gorgeously	1
gore	1
gonfalon	1
godhead	1
goats	1
goal	1
gnawing	1
glowed	1
glow	1
gloriously	1
glorious	1
glories	1
gloomed	1
globe	1
glistering	1
glistened	1
glinted	1
glide	1
glibly	1
glee	1
gleamed	1
glancing	1
glance	1
glamour	1
gladly	1
given	1
girded	1
gethsemane	1
gesture	1
gentlest	1
gentleman	1
genoa	1
genius	1
generally	1
gazes	1
gaunt	1
garments	1
garb	1
gallantry	1
gales	1
gale	1
gained	1
gain	1
gaily	1
gabled	1
future	1
further	1
furrows	1
furrowed	1
furnishes	1
furl	1
fumeful	1
fruitage	1
frown	1
fronts	1
fringed	1
friendship	1
fretting	1
fretted	1
fret	1
freshness	1
frequently	1
freedom	1
frankly	1
franker	1
francis	1
frame	1
frailest	1
fourteen	1
four	1
fountains	1
fountain	1
fount	1
fostering	1
fortunatus	1
forth	1
forsake	1
formed	1
formal	1
forgotten	1
forelocks	1
foreign	1
forehead	1
forcing	1
force	1
forbade	1
footway	1
footsteps	1
footstep	1
footfall	1
fool	1
fondly	1
followed	1
foliaged	1
folds	1
folded	1
flying	1
fly	1
fluttering	1
fluted	1
flows	1
flowery	1
flouting	1
flout	1
floods	1
flocks	1
flitting	1
flit	1
flickered	1
flew	1
flesh	1
fleeting	1
flaws	1
flapping	1
flames	1
flamboyant	1
flakes	1
fixed	1
fits	1
fitful	1
firs	1
firm	1
fireside	1
fire	1
fingers	1
fingering	1
fingered	1
fine	1
finding	1
filling	1
filled	1
fill	1
filial	1
figure	1
fig	1
fierce	1
fields	1
fhey	1
few	1
festoons	1
festoon	1
fences	1
fellowship	1
feir	1
feelings	1
feeling	1
feeds	1
feebly	1
features	1
fearsome	1
fears	1
fcim	1
fawnlike	1
favourite	1
faunus	1
fault	1
fatherly	1
father	1
farm	1
fare	1
fardels	1
fantasy	1
fane	1
fancying	1
fancifully	1
fancies	1
famous	1
famed	1
falter	1
false	1
falls	1
faiths	1
faithfulness	1
faithful	1
fairylike	1
faintly	1
failing	1
failed	1
fail	1
facing	1
eyed	1
extravagant	1
extract	1
extra	1
exquisitely	1
exquisite	1
expression	1
expounded	1
expired	1
exiler	1
exile	1
exhaust	1
exceeding	1
everywhere	1
evermore	1
etching	1
essentially	1
especially	1
escaped	1
erring	1
envied	1
entreat	1
entitled	1
enthusiasm	1
entered	1
enslaved	1
enshrined	1
ensample	1
enriched	1
ennoble	1
enlargement	1
enjoyed	1
enjoy	1
enfranchised	1
enfold	1
endure	1
ending	1
enchanting	1
embroidered	1
embrace	1
elsewhere	1
elm	1
elfin	1
effectively	1
edition	1
edited	1
edinburgh	1
edifice	1
echoes	1
ebbs	1
eaves	1
easier	1
ease	1
eager	1
e	1
dyed	1
dwells	1
dwelling	1
dwell	1
dwarfed	1
dust	1
dulled	1
due	1
dry	1
drugs	1
drouth	1
dross	1
dropping	1
drooping	1
dressed	1
drenches	1
draw	1
drapery	1
dramatis	1
drama	1
dozen	1
downcast	1
doubtful	1
doubles	1
dotage	1
dosed	1
doomed	1
don	1
dominic	1
domestic	1
doleful	1
doing	1
doffed	1
divinity	1
divined	1
divest	1
ditty	1
distractedly	1
distills	1
distilled	1
dissolved	1
displacement	1
dispatching	1
disowned	1
dismay	1
disenchanted	1
discovered	1
discords	1
discomfited	1
disarmed	1
disappear	1
direct	1
dire	1
dipping	1
dimpling	1
dimpled	1
dimmed	1
dimly	1
dignity	1
difference	1
differ	1
dies	1
didst	1
diana	1
dialogue	1
dewless	1
deviously	1
dethroned	1
detect	1
detain	1
details	1
desultory	1
designer	1
deserted	1
desert	1
descry	1
descriptive	1
description	1
described	1
descends	1
descending	1
deride	1
deprecating	1
depicts	1
depicted	1
demons	1
demand	1
deliver	1
delights	1
delightfully	1
delicious	1
delicately	1
delectable	1
delayed	1
degree	1
deftly	1
deft	1
defiles	1
defended	1
deem	1
deeds	1
dearest	1
dearer	1
deafening	1
dazzling	1
dawning	1
dawned	1
david	1
daughter	1
dashing	1
dashed	1
dash	1
darkens	1
darkened	1
dappling	1
dappled	1
dapple	1
dance	1
damned	1
dagger	1
daffodils	1
d	1
cymbals	1
cxxvm	1
cxlhi	1
cvn	1
cviij	1
curling	1
curled	1
cultured	1
culture	1
cultivation	1
crying	1
crumbles	1
cruel	1
crucifix	1
crozier	1
crowned	1
crouched	1
crouch	1
crossing	1
crocused	1
critic	1
crisp	1
crests	1
crest	1
crescent	1
creepers	1
creek	1
creed	1
creator	1
creation	1
craving	1
craveth	1
craved	1
crave	1
craggy	1
cradling	1
cowl	1
cowering	1
covered	1
covenant	1
courteous	1
courted	1
court	1
coursers	1
coursed	1
course	1
counsel	1
council	1
cottage	1
cot	1
corn	1
copes	1
cope	1
conversation	1
convergent	1
conventional	1
conveniently	1
convenient	1
contrives	1
contrition	1
consume	1
constitutional	1
constantinople	1
constant	1
consenting	1
consciousness	1
conscious	1
congratulated	1
confidence	1
confidant	1
confessors	1
confessed	1
conditions	1
concrete	1
conceived	1
conceal	1
comprehensive	1
composed	1
companionship	1
compact	1
common	1
coming	1
comforter	1
comforted	1
cometh	1
combine	1
columns	1
columned	1
column	1
colouring	1
colloquies	1
coils	1
coffins	1
coast	1
cm	1
clutching	1
clutch	1
clustering	1
cluster	1
clove	1
clouds	1
clotted	1
climes	1
climbing	1
clefts	1
cleft	1
clave	1
clattering	1
class	1
clark	1
clambering	1
cities	1
circumspect	1
cimmerian	1
chose	1
chord	1
choked	1
choirs	1
chivalric	1
chime	1
chaucer	1
chasubled	1
chased	1
charmed	1
charity	1
charities	1
chariot	1
chapter	1
chants	1
chant	1
chanced	1
chance	1
championing	1
chambers	1
chair	1
chained	1
cerulean	1
certain	1
censers	1
cecilia	1
ceasing	1
cease	1
caves	1
catch	1
cataracts	1
cassock	1
case	1
carry	1
carried	1
carpet	1
carnal	1
cark	1
caress	1
cares	1
careless	1
caparisoned	1
candlestick	1
candid	1
campanile	1
camp	1
calvary	1
callous	1
calling	1
called	1
cadence	1
buttress	1
butterflies	1
business	1
burning	1
buried	1
burdened	1
buoyant	1
builder	1
build	1
bubbled	1
brute	1
brought	1
broom	1
brook	1
broods	1
bronzed	1
broadened	1
british	1
brings	1
brilliant	1
brilliance	1
bride	1
breeziness	1
breeds	1
breathing	1
breathe	1
breaks	1
breaking	1
break	1
bread	1
bravely	1
braved	1
brakes	1
braided	1
brackish	1
brace	1
boys	1
bowers	1
bower	1
bough	1
bosky	1
boon	1
bookish	1
bole	1
body	1
bodiless	1
bodice	1
boatman	1
boastful	1
boast	1
board	1
blossoms	1
bloody	1
blood	1
blinking	1
blew	1
blessing	1
blended	1
blend	1
blenched	1
bleeding	1
bleed	1
bleating	1
bleat	1
bleak	1
blast	1
blame	1
blackness	1
blackly	1
bit	1
billowy	1
bewrayed	1
bewailing	1
betimes	1
bestrewed	1
beseech	1
bereft	1
benign	1
beneficence	1
benediction	1
benedict	1
belonging	1
bell	1
behoved	1
beholds	1
beheld	1
begun	1
beguiled	1
begirt	1
beginning	1
begged	1
began	1
beg	1
befriend	1
bees	1
beds	1
bedford	1
bedecked	1
beckoning	1
beck	1
became	1
beasts	1
beard	1
beamed	1
bays	1
baulking	1
bastard	1
basking	1
bask	1
bashfulness	1
barter	1
barren	1
barred	1
bark	1
bared	1
banned	1
bankrupt	1
banishment	1
balm	1
backward	1
backed	1
baby	1
babes	1
babel	1
babe	1
babbling	1
b	1
aye	1
awful	1
aware	1
awake	1
avoiding	1
aver	1
avenues	1
ave	1
authority	1
aurora	1
audience	1
attuned	1
attest	1
atmosphere	1
atiptoe	1
assumes	1
assuage	1
association	1
assenting	1
aspect	1
asks	1
asked	1
ascend	1
artist	1
arrogantly	1
arrayed	1
arrangements	1
aromatic	1
arm	1
ark	1
argument	1
arch	1
apprehended	1
appreciative	1
appreciated	1
appeared	1
appear	1
appeal	1
apparent	1
apostolic	1
apophthegm	1
apeing	1
anywhere	1
anodyne	1
annulled	1
annul	1
animals	1
anguish	1
angels	1
anemones	1
alternately	1
alps	1
alpine	1
almshouse	1
allegories	1
allegiance	1
alive	1
alike	1
alien	1
alb	1
alack	1
airy	1
aims	1
aimless	1
aim	1
agreeing	1
agony	1
agnes	1
afternoon	1
afront	1
afraid	1
aflame	1
affront	1
affection	1
affairs	1
aeolus	1
advance	1
adored	1
adore	1
adonis	1
admirers	1
adequate	1
addressed	1
addition	1
addison	1
addicted	1
adam	1
actual	1
active	1
acolytes	1
aching	1
accursed	1
accord	1
accompanying	1
accompany	1
acclaim	1
academy	1
abused	1
abodes	1
abandoned	1
?'	1
?"	1
/	1
..	1
.'"	1
-	1
*	1
),	1
';	1
&	1
