the	1199
and	854
,	779
.	675
of	587
a	478
in	300
i	251
to	223
on	176
you	137
with	132
is	131
for	106
it	98
all	90
your	73
he	73
from	71
his	70
are	70
at	68
one	63
:	62
me	61
—	59
|arabic2digit|	59
as	59
by	57
their	55
man	55
men	54
was	53
they	53
over	52
|'s|	51
where	51
have	51
when	49
my	49
|arabic3digit|	48
that	47
who	45
them	45
red	44
go	44
under	43
out	43
her	43
old	42
or	40
long	40
into	36
"	36
day	35
only	34
know	34
face	34
am	34
women	33
will	33
;	33
night	32
an	32
world	31
come	31
sun	29
she	29
sea	29
so	28
what	27
white	26
not	26
no	26
here	26
great	26
back	26
there	25
love	25
life	25
dead	25
shall	24
now	24
two	23
this	23
more	23
him	23
eyes	23
dust	23
wind	22
way	22
rain	22
little	22
dreams	22
be	22
against	22
singing	21
gone	21
years	20
woman	20
then	20
than	20
mist	20
down	20
child	20
we	19
new	19
hands	19
children	19
away	19
?	19
young	18
things	18
tell	18
shadows	18
saw	18
never	18
hold	18
but	18
yellow	17
work	17
war	17
up	17
remember	17
people	17
other	17
moon	17
laughter	17
had	17
dusk	17
days	17
dark	17
along	17
thousand	16
take	16
some	16
play	16
like	16
last	16
grey	16
god	16
death	16
among	16
walls	15
say	15
name	15
many	15
its	15
going	15
faces	15
city	15
came	15
broken	15
blue	15
blood	15
|arabic1digit|	14
were	14
us	14
stars	14
soft	14
silent	14
roses	14
laughing	14
keep	14
job	14
how	14
has	14
fire	14
far	14
bronze	14
arms	14
about	14
our	13
off	13
o	13
morning	13
money	13
let	13
hour	13
heart	13
guns	13
got	13
been	13
after	13
thousands	12
ten	12
street	12
silver	12
once	12
looking	12
look	12
joy	12
head	12
wars	11
voices	11
slow	11
silence	11
ready	11
home	11
government	11
glad	11
give	11
each	11
comes	11
between	11
any	11
air	11
across	11
."	11
went	10
tomorrow	10
sunset	10
summer	10
straight	10
six	10
river	10
low	10
lost	10
leaves	10
iron	10
house	10
hills	10
heads	10
green	10
feet	10
even	10
end	10
call	10
building	10
bones	10
around	10
again	10
while	9
today	9
through	9
thing	9
tall	9
soul	9
running	9
reckless	9
purple	9
proud	9
move	9
million	9
lips	9
line	9
legs	9
if	9
hunger	9
hundred	9
high	9
hand	9
goes	9
girls	9
free	9
floor	9
cool	9
chicago	9
changing	9
black	9
beautiful	9
always	9
(	9
'	9
yes	8
year	8
would	8
wild	8
whether	8
waves	8
talking	8
talk	8
streets	8
sky	8
shoulders	8
sand	8
rise	8
pass	8
open	8
office	8
nor	8
mother	8
memories	8
make	8
loved	8
lines	8
lake	8
kill	8
heard	8
forget	8
fog	8
dollars	8
die	8
deep	8
big	8
beat	8
answer	8
.)	8
wings	7
window	7
why	7
wheels	7
water	7
time	7
throats	7
throat	7
thoughts	7
thought	7
though	7
those	7
terrible	7
teeth	7
tears	7
stone	7
steel	7
something	7
soldiers	7
shadow	7
see	7
same	7
salt	7
said	7
runs	7
run	7
ribs	7
real	7
put	7
prayer	7
prairie	7
much	7
maybe	7
lover	7
light	7
knew	7
hearts	7
harbour	7
half	7
grass	7
girl	7
fish	7
every	7
earth	7
do	7
crowd	7
calling	7
brown	7
boy	7
ask	7
ashes	7
alone	7
words	6
wonder	6
want	6
waiting	6
voice	6
use	6
touch	6
tonight	6
these	6
thanks	6
style	6
stuff	6
storm	6
stood	6
stand	6
songs	6
song	6
somewhere	6
sleep	6
sitting	6
shirt	6
ships	6
seen	6
right	6
riding	6
railroad	6
questions	6
policeman	6
played	6
passers	6
nothing	6
newspapers	6
nation	6
mouth	6
mob	6
may	6
made	6
living	6
killing	6
just	6
jaws	6
i'm	6
human	6
hear	6
goodbye	6
gold	6
garden	6
flung	6
flowers	6
floors	6
few	6
fence	6
ee	6
eat	6
doors	6
dew	6
darkness	6
cry	6
cross	6
clock	6
can	6
buttons	6
boys	6
boat	6
before	6
beaten	6
bars	6
another	6
amid	6
|romannumeral|	5
you're	5
yet	5
yard	5
written	5
working	5
wishes	5
wet	5
west	5
week	5
watching	5
warm	5
town	5
toil	5
till	5
telling	5
storms	5
stories	5
stones	5
smoke	5
smiling	5
smash	5
short	5
shore	5
shining	5
sheep	5
secret	5
round	5
rose	5
room	5
restless	5
reach	5
ran	5
poppies	5
poems	5
picture	5
pearl	5
patient	5
noon	5
nigger	5
mouths	5
motors	5
monotone	5
millions	5
masses	5
maker	5
loves	5
listening	5
lights	5
knows	5
it's	5
inside	5
horses	5
hoofs	5
hell	5
haze	5
harvest	5
hard	5
happiness	5
handles	5
hair	5
graves	5
gave	5
fresh	5
found	5
first	5
eye	5
ever	5
drive	5
dreamed	5
dream	5
dollar	5
dawn	5
crimson	5
country	5
coming	5
cold	5
clutch	5
careless	5
brother	5
breaking	5
break	5
bread	5
beauty	5
asked	5
answers	5
answered	5
!	5
yesterday	4
wrote	4
worn	4
workmen	4
word	4
wise	4
william	4
whole	4
whisper	4
well	4
watch	4
wanted	4
walk	4
veering	4
valleys	4
trees	4
tides	4
thumb	4
thrown	4
sunday	4
story	4
speech	4
speak	4
son	4
sometimes	4
smile	4
smell	4
slim	4
sleeping	4
sleepers	4
skyscraper	4
sixteen	4
sits	4
sit	4
silk	4
shovels	4
shoulder	4
shine	4
shapes	4
shape	4
shake	4
set	4
scarf	4
saying	4
sang	4
saloon	4
rust	4
rough	4
road	4
remembrance	4
remembers	4
pool	4
points	4
place	4
piled	4
pay	4
passing	4
passes	4
park	4
outside	4
others	4
ocean	4
nobody	4
near	4
naked	4
nails	4
morris	4
momus	4
millionaire	4
memory	4
makes	4
lungs	4
loose	4
longer	4
live	4
letters	4
leave	4
leather	4
law	4
laughed	4
large	4
laid	4
kiss	4
junk	4
jack	4
himself	4
hill	4
held	4
hat	4
handler	4
good	4
glory	4
gets	4
general	4
foam	4
fluttering	4
fixed	4
five	4
fists	4
find	4
evening	4
endless	4
eating	4
drops	4
drinking	4
drank	4
door	4
died	4
deaf	4
dancer	4
corners	4
copper	4
command	4
clothes	4
close	4
chick	4
cars	4
carry	4
car	4
calls	4
broke	4
breakwater	4
blowing	4
birds	4
bill	4
behind	4
battle	4
asking	4
ahead	4
ago	4
afternoon	4
action	4
|arabic5+digit|	3
wrapped	3
without	3
wisdom	3
wide	3
whistle	3
whirr	3
wheat	3
western	3
wasted	3
wandered	3
wagons	3
used	3
unknown	3
twist	3
twenty	3
turn	3
turf	3
true	3
trains	3
train	3
tough	3
too	3
tongue	3
together	3
tired	3
tide	3
three	3
tables	3
swimmer	3
sure	3
stormy	3
state	3
stands	3
standing	3
spoken	3
sphinx	3
spent	3
spear	3
speaks	3
speaking	3
span	3
somebody	3
softer	3
snow	3
sneer	3
slept	3
skull	3
signs	3
sidewalks	3
shut	3
show	3
shovel	3
shop	3
shaped	3
seven	3
sending	3
says	3
sat	3
romance	3
roar	3
rim	3
read	3
railroads	3
push	3
price	3
pound	3
plowboy	3
plays	3
places	3
pieces	3
pictures	3
petals	3
pavlowa	3
passionate	3
passed	3
painted	3
paid	3
nose	3
nights	3
newspaper	3
neighbour	3
neck	3
nations	3
napoleon	3
music	3
multitudinous	3
muckers	3
moving	3
motor	3
mothers	3
meet	3
mayor	3
mask	3
married	3
map	3
loss	3
lorimer	3
looked	3
lincoln	3
lifting	3
left	3
leans	3
lean	3
laughs	3
language	3
labour	3
kings	3
jesus	3
inch	3
ice	3
i'll	3
hydrangeas	3
hustlin	3
husky	3
hunting	3
hundreds	3
humble	3
hum	3
houses	3
hours	3
horseback	3
homes	3
hollyhocks	3
history	3
handle	3
gun	3
grow	3
golden	3
giovannitti	3
gas	3
game	3
front	3
freight	3
forehead	3
foot	3
fool	3
following	3
flimsy	3
flashes	3
flash	3
fingers	3
finger	3
fighting	3
fighter	3
fight	3
feel	3
farmer	3
faded	3
factory	3
factories	3
eyed	3
everywhere	3
everybody	3
empty	3
else	3
edge	3
ease	3
ears	3
eager	3
dynamiter	3
dry	3
drunk	3
dripping	3
drift	3
done	3
doing	3
did	3
deck	3
dancing	3
dago	3
crying	3
could	3
cities	3
churches	3
christ	3
choose	3
change	3
chamfort	3
care	3
cannot	3
button	3
butter	3
business	3
brothers	3
bring	3
bone	3
body	3
blind	3
beyond	3
best	3
bed	3
because	3
beating	3
bare	3
bar	3
aztec	3
april	3
anyway	3
anybody	3
alive	3
!"	3
wrong	2
wreck	2
worth	2
workingmen	2
worked	2
wore	2
wood	2
wonders	2
womb	2
witnesses	2
wires	2
wire	2
winter	2
wing	2
winds	2
wilderness	2
whose	2
whitelight	2
whispers	2
whirl	2
wheel	2
ways	2
wavers	2
waters	2
washes	2
washed	2
warehouses	2
ward	2
wandering	2
wander	2
walks	2
wagon	2
wages	2
wage	2
voiceless	2
view	2
veteran	2
useless	2
upon	2
upland	2
union	2
ugly	2
ty	2
twenty-one	2
twenty-five	2
turning	2
tumbling	2
tubes	2
trying	2
truth	2
travelled	2
trapsing	2
toward	2
touched	2
top	2
tool	2
took	2
tongues	2
told	2
toiling	2
times	2
tier	2
thunder	2
thumbs	2
thrust	2
third	2
terribly	2
teamster	2
tan	2
talked	2
taking	2
taken	2
tag	2
sweat	2
swears	2
swarthy	2
swaggering	2
sunny	2
sudden	2
suck	2
strong	2
streaks	2
streak	2
stockings	2
still	2
steak	2
steady	2
stay	2
statue	2
star	2
stacker	2
stack	2
spread	2
spray	2
spit	2
spatter	2
sounding	2
sorry	2
sorrow	2
soon	2
solemn	2
soldier	2
soil	2
softly	2
sobs	2
soak	2
smashed	2
slung	2
slower	2
sling	2
slender	2
sleeve	2
sleepyman	2
skulls	2
skin	2
sins	2
singer	2
sing	2
side	2
shovelman	2
shot	2
shores	2
shark	2
shaping	2
shaken	2
sent	2
selling	2
seeming	2
seek	2
secrets	2
scrap	2
scabs	2
saturday	2
sarcophagus	2
saloons	2
saddles	2
rythms	2
ruins	2
ruin	2
row	2
roofs	2
rocks	2
rock	2
ring	2
rifles	2
ride	2
rest	2
remembering	2
remembered	2
relapse	2
regrets	2
quarrelling	2
puts	2
pulse	2
processions	2
processionals	2
procession	2
print	2
primal	2
press	2
praying	2
prayers	2
prairies	2
power	2
poured	2
pounded	2
poor	2
polish	2
police	2
pointed	2
poets	2
poem	2
pockets	2
plunging	2
plunge	2
ploughing	2
playthings	2
playing	2
player	2
plain	2
pipes	2
piling	2
pile	2
picnic	2
picked	2
peach	2
peace	2
paula	2
past	2
passion	2
parts	2
paris	2
pansy	2
pals	2
palisades	2
pair	2
pain	2
pack	2
own	2
outward	2
orders	2
onions	2
omar	2
offer	2
o'clock	2
nowhere	2
nothin	2
northern	2
north	2
nickel	2
next	2
napoleons	2
nailed	2
mysterious	2
mysteries	2
myself	2
muzzles	2
murmuring	2
murmur	2
mrs	2
mown	2
movies	2
mouthed	2
mountains	2
mountain	2
mortar	2
mixed	2
milk	2
miles	2
might	2
midnight	2
mid	2
michigan	2
meaning	2
mass	2
mark	2
mamie	2
making	2
lustre	2
lurks	2
lovers	2
loud	2
losses	2
looms	2
lonely	2
loneliness	2
lone	2
locked	2
loam	2
lithe	2
listen	2
limited	2
lighted	2
lifted	2
level	2
leap	2
lazy	2
lawyers	2
laws	2
laugh	2
later	2
lapping	2
languages	2
lamps	2
knowing	2
knife	2
knee	2
kisses	2
kirch	2
kind	2
killer	2
keeping	2
jump	2
juice	2
judge	2
jonquils	2
joke	2
jobs	2
jim	2
jew	2
jackies	2
instead	2
indian	2
impalpable	2
hungry	2
humming	2
huddled	2
hovers	2
hotter	2
horse	2
horizon	2
hope	2
holding	2
hog	2
hoboes	2
hoarse	2
herself	2
heavy	2
heaving	2
hearted	2
hearse	2
headlight	2
hay	2
having	2
haunches	2
hauled	2
hate	2
happy	2
happened	2
handed	2
ham	2
grew	2
grave	2
grappling	2
grapes	2
glimmer	2
gleam	2
gladness	2
getting	2
get	2
gay	2
gasping	2
gaol	2
full	2
forty	2
forth	2
form	2
forever	2
fore	2
footed	2
folk	2
fold	2
fogs	2
flying	2
fluff	2
flower	2
flinging	2
flight	2
flickering	2
flesh	2
fleck	2
flag	2
fixes	2
finish	2
finds	2
filled	2
feels	2
fathers	2
faster	2
farm	2
famous	2
falling	2
fallen	2
everything	2
everlasting	2
eternities	2
embers	2
electric	2
eight	2
echo	2
east	2
early	2
earful	2
dunes	2
dumped	2
drumming	2
drum	2
driving	2
drives	2
driven	2
drips	2
dreaming	2
downward	2
downtown	2
doorway	2
don't	2
docks	2
dipper	2
dip	2
dim	2
dies	2
destiny	2
desperate	2
deeper	2
deaths	2
dances	2
damp	2
daily	2
cut	2
customers	2
curving	2
curves	2
curses	2
cunning	2
crumble	2
crucified	2
cripple	2
cries	2
crier	2
crests	2
crest	2
crazy	2
crash	2
crags	2
cows	2
covered	2
county	2
corporation	2
cornaro	2
corn	2
colour	2
coin	2
coffin	2
coffee	2
cobb	2
coat	2
coaches	2
clutches	2
clusters	2
closing	2
clocks	2
climb	2
clicking	2
clear	2
clay	2
clark	2
clang	2
citizens	2
cinders	2
chorus	2
chin	2
cheap	2
changes	2
chance	2
certain	2
cause	2
caught	2
cattle	2
cathedrals	2
catching	2
cat	2
cast	2
carrier	2
calm	2
called	2
caissons	2
butting	2
butcher	2
bumble	2
buffalo	2
brussels	2
bronzes	2
broadway	2
broad	2
bricklayer	2
breeze	2
breath	2
breast	2
breaks	2
brawling	2
brass	2
bow	2
borders	2
booze	2
books	2
bologna	2
bold	2
bohemia	2
blown	2
blow	2
blouses	2
bloom	2
bloodred	2
bird	2
bench	2
beer	2
bee	2
beach	2
batting	2
bareheaded	2
banjo	2
asks	2
arrive	2
anywhere	2
anything	2
anodin	2
alike	2
alderman	2
ain't	2
afoot	2
advertising	2
adamant	2
accordion	2
above	2
...	2
»!7	1
|arabicprice|	1
|arabic4digit|	1
ziegfeld	1
yser	1
youth	1
yours	1
yells	1
yell	1
yawning	1
wrongheaded	1
writing	1
writhed	1
write	1
wrists	1
wrist	1
wrinkles	1
wrecking	1
wrap	1
wracks	1
wounds	1
worst	1
works	1
workingman	1
workers	1
worker	1
wonderingly	1
wonderful	1
wondered	1
wolf	1
witness	1
withdraw	1
wistful	1
wist	1
wisps	1
wishing	1
wish	1
wisest	1
wiping	1
wiped	1
winking	1
winged	1
wine	1
win	1
willows	1
williamson	1
wiggling	1
wife	1
wicked	1
whom	1
whistling	1
whistles	1
whispering	1
whirls	1
whirling	1
whimsical	1
wherein	1
whereby	1
wheeling	1
welter	1
weeds	1
weather	1
wears	1
weariest	1
wear	1
wayfaring	1
waver	1
wavelets	1
wave	1
watchmen	1
watchman	1
watchguard	1
watched	1
wasn't	1
washing	1
wash	1
wares	1
wants	1
wanton	1
walnut	1
walled	1
walking	1
walked	1
waking	1
wake	1
waits	1
waited	1
wait	1
waists	1
waif	1
voted	1
vivid	1
vital	1
velvet	1
vaults	1
vast	1
vases	1
valley	1
vagabonds	1
usury	1
using	1
uplands	1
upkeep	1
untold	1
until	1
unshakable	1
unlevel	1
unless	1
universe	1
universal	1
uniformed	1
unendingly	1
undiminishing	1
undertow	1
undertakers	1
undertaker	1
understand	1
underslung	1
underneath	1
unanswerable	1
tyres	1
tying	1
twenties	1
tuscany	1
turns	1
turned	1
tumults	1
tumble	1
tulips	1
tugs	1
try	1
trunk	1
trouble	1
troths	1
trick	1
trenches	1
tree	1
tread	1
traveller	1
transportation	1
trampled	1
trained	1
trails	1
trafficker	1
traffic	1
traditions	1
trade	1
tracks	1
track	1
tousled	1
tougher	1
toughened	1
touches	1
torso	1
torsal	1
toothache	1
tooth	1
tonnes	1
tone	1
tomb	1
toiled	1
tog	1
toes	1
tissue	1
tireless	1
tips	1
timber	1
tiger	1
tied	1
ticking	1
ticket	1
thud	1
thrumming	1
thrum	1
throws	1
throwing	1
throw	1
throb	1
throated	1
thrill	1
thirty	1
thin	1
theme	1
testament	1
test	1
terrors	1
tens	1
tender	1
tells	1
telephone	1
telegrams	1
teeming	1
teach	1
tea	1
tawny	1
tawnier	1
taste	1
tas	1
tardy	1
tangle	1
talks	1
talker	1
takers	1
tails	1
tail	1
tagged	1
t.that	1
system	1
swords	1
sword	1
swings	1
swing	1
swim	1
swifter	1
swift	1
swept	1
sweetness	1
sweet	1
sweep	1
sweating	1
sweated	1
sway	1
swarming	1
surging	1
surge	1
surf	1
supple	1
supper	1
sunrise	1
sunken	1
sunk	1
sunflowers	1
sunflower	1
sundown	1
sundering	1
suckholes	1
sucked	1
subway	1
suburb	1
stubble	1
stub	1
strung	1
struggling	1
strolling	1
strivings	1
strings	1
string	1
strike	1
stretches	1
streams	1
strawberries	1
stranger	1
strange	1
strain	1
straighten	1
stores	1
store	1
stop	1
stogie	1
stir	1
stiffens	1
stiff	1
sticking	1
stevie	1
stern	1
stepped	1
stenographers	1
steers	1
steer	1
steely	1
steamboat	1
steaks	1
statistics	1
stated	1
start	1
standstill	1
stalls	1
stairs	1
staggering	1
stacked	1
stabbing	1
stab	1
ss	1
square	1
spurted	1
spring	1
spot	1
sporting	1
sponges	1
spoke	1
splattering	1
splashed	1
spittoons	1
spends	1
spend	1
spelled	1
speed	1
speculates	1
spears	1
speaker	1
spawning	1
spatters	1
sparkling	1
spain	1
space	1
south	1
sound	1
souls	1
sought	1
soprano	1
soles	1
sole	1
soiled	1
sod	1
sobbed	1
soaks	1
snare	1
smoulder	1
smothered	1
smokestacks	1
smoker	1
smiles	1
smears	1
smaller	1
slush	1
slur	1
slunk	1
slumber	1
slum	1
slugger	1
slowly	1
slowfaring	1
slosh	1
slipping	1
slip	1
sliding	1
slide	1
slid	1
sleepless	1
slaves	1
slashes	1
slants	1
slanting	1
slanted	1
slant	1
slamming	1
slammed	1
slackens	1
slabs	1
skulking	1
skies	1
sketch	1
size	1
sisters	1
sinner	1
single	1
silvernail	1
sill	1
silhouettes	1
silently	1
signed	1
signals	1
signal	1
sign	1
sies	1
sidewalk	1
sides	1
shuddering	1
shudder	1
shrugs	1
shrug	1
shrivels	1
shrivelled	1
shrapnel	1
shovelling	1
shoved	1
shouting	1
shouldered	1
shots	1
shoreland	1
shoots	1
shooting	1
shoot	1
shook	1
shoes	1
shoe	1
shod	1
shivered	1
shimmering	1
shimmer	1
shifted	1
shield	1
sheer	1
sheen	1
shattered	1
shatter	1
sharp	1
shapely	1
shanties	1
shame	1
shakespeare	1
shaggy	1
shackles	1
shabbiest	1
sewage	1
september	1
sensitive	1
send	1
sells	1
seizure	1
sees	1
seekers	1
seed	1
second	1
seats	1
seated	1
seas	1
searchlight	1
searches	1
sculptor	1
scrubbers	1
scooping	1
scoop	1
scoffs	1
schools	1
scavengers	1
scattered	1
scarves	1
scars	1
scarlet	1
savage	1
saugatuck	1
satisfy	1
sample	1
salvia	1
salvage	1
salute	1
saltwater	1
sagging	1
safes	1
safe	1
sad	1
s	1
rye	1
russian	1
rush	1
runners	1
rumoured	1
rumination	1
rule	1
rubber	1
rr	1
route	1
rouse	1
rot	1
rooms	1
roof	1
romans	1
roman	1
rollers	1
roll	1
rods	1
rodin	1
rocking	1
robbed	1
roams	1
roadway	1
roads	1
rivers	1
riots	1
ridges	1
riders	1
rich	1
rhythmic	1
revolvers	1
revolver	1
reverberating	1
respectable	1
resources	1
resembles	1
requires	1
republic	1
reporters	1
reporter	1
reply	1
repetitions	1
repass	1
reminiscences	1
reminded	1
regular	1
regret	1
regardless	1
reels	1
reel	1
reduce	1
records	1
rebuilt	1
rebuilding	1
rebellion	1
rear	1
reads	1
reading	1
reaching	1
reaches	1
rays	1
rattling	1
rather	1
rapture	1
ranks	1
ranking	1
ranges	1
range	1
rang	1
ramming	1
rammed	1
raise	1
railings	1
rail	1
rack	1
rabble	1
quivers	1
quivering	1
quivered	1
quiver	1
quiet	1
quest	1
quaker	1
puzzled	1
putting	1
pushcart	1
purrs	1
purr	1
pumpkins	1
pulses	1
pulls	1
pull	1
published	1
public	1
prowled	1
prow	1
protected	1
prospective	1
promenade	1
profits	1
professors	1
prize	1
prison	1
prince	1
presses	1
preserve	1
prayed	1
powers	1
pour	1
pounds	1
post	1
pose	1
porch	1
population	1
poppy	1
poplar	1
poorhouse	1
pony	1
pond	1
polished	1
policemen	1
pole	1
poise	1
point	1
plough	1
plots	1
playhouse	1
plans	1
planning	1
planet	1
plague	1
pity	1
pittsburgh	1
pitted	1
pits	1
pitching	1
pit	1
piston	1
pimp	1
pillars	1
pilings	1
piles	1
pietro	1
pier	1
piece	1
pickpocket	1
pickets	1
pickaninnies	1
pick	1
phantom	1
petal	1
personality	1
persia	1
perish	1
perfume	1
perfect	1
peoria	1
pennies	1
penitentiary	1
peering	1
pedestals	1
pebbles	1
peak	1
paving	1
pavements	1
pausing	1
pattering	1
path	1
pasture	1
pasteboard	1
passwords	1
partners	1
parcels	1
papers	1
pants	1
pane	1
palpitant	1
palings	1
painting	1
paint	1
pails	1
pages	1
pageants	1
packed	1
owl	1
overalls	1
outgoing	1
ourselves	1
ours	1
organised	1
orange	1
operating	1
ooze	1
oompa	1
onward	1
onion	1
ones	1
omaha	1
older	1
olden	1
oiled	1
officers	1
offers	1
offered	1
october	1
oblong	1
obey	1
oaken	1
oak	1
nuts	1
nuances	1
novel	1
note	1
nostrils	1
noses	1
nosed	1
none	1
noises	1
noiseless	1
nocturne	1
nineteen	1
nine	1
nightly	1
nightfall	1
niggers	1
niggerhead	1
nickels	1
newsies	1
news	1
nets	1
neither	1
neighbours	1
nazareth	1
naves	1
natty	1
names	1
nail	1
mystery	1
muttering	1
musty	1
must	1
musings	1
muscles	1
murmurings	1
murmured	1
mumblings	1
mumbled	1
multi	1
mulch	1
mud	1
moves	1
mouthful	1
mousey	1
mouldy	1
mould	1
most	1
moss	1
moscow	1
morrison	1
mornings	1
mop	1
moonlight	1
moods	1
months	1
month	1
molasses	1
moist	1
modern	1
mocker	1
mock	1
mixing	1
mix	1
misted	1
mischa	1
minutes	1
mingle	1
miner	1
militiamen	1
midsea	1
metal	1
met	1
mess	1
merchant	1
mentioned	1
memoried	1
memorials	1
memorial	1
melt	1
meeting	1
meant	1
meanings	1
meals	1
meal	1
maxwell	1
maxims	1
mausoleum	1
matinees	1
matches	1
mastodons	1
masterpiece	1
master	1
massed	1
massage	1
mason	1
marvellous	1
marry	1
marks	1
market	1
marked	1
margaret	1
marchers	1
marched	1
manufacturer	1
manoeuvres	1
manners	1
mains	1
mail	1
mahogany	1
magnetic	1
machinery	1
machine	1
lusty	1
lusts	1
lush	1
luring	1
lure	1
lunging	1
lunge	1
lunches	1
lumber	1
lugs	1
lucky	1
luck	1
lucid	1
lowland	1
lower	1
louis	1
lot	1
loosens	1
loosening	1
loosened	1
loops	1
loom	1
looks	1
looker	1
longest	1
london	1
locking	1
lobster	1
loaf	1
load	1
lives	1
lived	1
lithuanian	1
lit	1
listened	1
lingered	1
lined	1
lincolns	1
lin	1
lilacs	1
lilac	1
lift	1
lies	1
lied	1
lie	1
library	1
levelling	1
letting	1
lets	1
lethargic	1
lessons	1
less	1
legged	1
led	1
learning	1
learn	1
leaping	1
leaf	1
leading	1
lay	1
lawyer	1
laugher	1
late	1
lashes	1
larger	1
lapse	1
lanterns	1
lantern	1
lands	1
landlords	1
land	1
lain	1
lady	1
ladies	1
ladder	1
lack	1
kubelik	1
knuckles	1
known	1
knot	1
knocks	1
knock	1
knobs	1
kissed	1
kindness	1
kindly	1
kindling	1
kindliness	1
kin	1
kills	1
killers	1
kicked	1
khayam	1
keg	1
keeps	1
keepers	1
jungles	1
jungle	1
jungheimer	1
june	1
july	1
juices	1
journeymen	1
jokes	1
joined	1
join	1
john	1
jingling	1
jerusalem	1
jeering	1
jealous	1
jaw	1
january	1
jan	1
jabs	1
itself	1
italy	1
italian	1
iss	1
ish	1
inventor	1
inter	1
instrument	1
insist	1
inrolling	1
innumerable	1
inland	1
indicate	1
indiana	1
inches	1
imroth	1
impetuous	1
imagists	1
illinois	1
ignorant	1
identification	1
identical	1
icebox	1
i've	1
hustles	1
huskies	1
hushed	1
husband	1
hurtling	1
hurry	1
hurlers	1
hunted	1
hunt	1
hunk	1
hungers	1
hungarians	1
hunched	1
humanity	1
hull	1
huddles	1
hubs	1
hotel	1
hot	1
hospital	1
horns	1
horizons	1
hoots	1
hoof	1
honours	1
honest	1
homeless	1
hollow	1
holes	1
holds	1
hod	1
hoar	1
hit	1
hip	1
hindering	1
hilltops	1
hike	1
higher	1
hieroglyphics	1
hide	1
hidden	1
herring	1
helps	1
help	1
heights	1
heels	1
heaves	1
heaven	1
heave	1
heat	1
heartbreak	1
heartbeats	1
headlong	1
headland	1
he's	1
hazards	1
haunted	1
haul	1
harsh	1
harrison	1
harness	1
harlot	1
hardly	1
harder	1
happens	1
hangs	1
hanging	1
handfuls	1
handful	1
handcuffs	1
hams	1
hammers	1
hammered	1
hammer	1
hamlet	1
hallways	1
halfway	1
haggling	1
haggard	1
guts	1
gunman	1
gulp	1
gulls	1
guitars	1
guitar	1
guess	1
growl	1
growing	1
ground	1
grocers	1
grinning	1
grime	1
grim	1
greater	1
gravy	1
gravel	1
grasses	1
grant	1
granite	1
grandeurs	1
grains	1
grai	1
graceland	1
grace	1
gown	1
gotta	1
gossip	1
goods	1
golgotha	1
gods	1
gnarled	1
gluts	1
glories	1
glooms	1
gloom	1
gloaming	1
glistens	1
glint	1
glimmers	1
gleams	1
glassful	1
glass	1
given	1
girders	1
girder	1
gilpin	1
ghost	1
gesturing	1
germs	1
german	1
gentlemen	1
gazing	1
gaze	1
gaunt	1
gathered	1
gate	1
garibaldi	1
gargoyles	1
gargoyle	1
garbage	1
gaps	1
games	1
gambler	1
gamble	1
gabrielle	1
future	1
fury	1
furrow	1
furnished	1
funnel	1
funeral	1
fugitives	1
frost	1
friend	1
freckles	1
freckle	1
france	1
fourth	1
fourteen	1
four	1
fountains	1
fought	1
forms	1
formed	1
forgetting	1
forenoon	1
foreign	1
forefinger	1
force	1
footfalls	1
fooling	1
food	1
follows	1
follow	1
follies	1
folds	1
folded	1
fly	1
fluxions	1
flux	1
flutters	1
flock	1
flitting	1
flittering	1
fling	1
flimmering	1
fleets	1
fled	1
flashed	1
flare	1
flannel	1
flank	1
flame	1
flagrant	1
fist	1
fires	1
fireman	1
finishes	1
finished	1
finer	1
finding	1
filtering	1
film	1
fights	1
fifty	1
fifteen	1
fierce	1
fields	1
field	1
fiddle	1
fibre	1
festoons	1
felt	1
fellows	1
fellow	1
fell	1
feeding	1
fear	1
fathomed	1
fate	1
fastenings	1
fast	1
farms	1
farewell	1
fame	1
falls	1
fake	1
fair	1
faintly	1
failure	1
fading	1
fade	1
faced	1
eyewitness	1
eyelids	1
expressive	1
express	1
executives	1
except	1
evincing	1
everlastingly	1
evaded	1
escapes	1
erected	1
epigrams	1
engines	1
engineers	1
engine	1
enemy	1
ends	1
encores	1
en	1
empties	1
emptied	1
emily	1
elusive	1
elman	1
elm	1
elevators	1
elevator	1
effluvia	1
efficiency	1
educated	1
eclaires	1
echoes	1
eater	1
easy	1
eastern	1
earnest	1
earned	1
earn	1
eardrums	1
ear	1
dying	1
drying	1
drunken	1
drowsy	1
drowsily	1
droning	1
droned	1
drivers	1
drifts	1
dressed	1
dress	1
dreamland	1
dreamer	1
draw	1
dramatist	1
dragoons	1
dragging	1
drag	1
drab	1
dozen	1
dove	1
double	1
doorways	1
doggedly	1
dogged	1
dog	1
does	1
doctors	1
divorced	1
dives	1
ditches	1
ditch	1
distance	1
dismissed	1
dishevelled	1
dishes	1
disc	1
dipping	1
dinners	1
dinner	1
dining	1
diners	1
digging	1
diggers	1
different	1
didn't	1
dictates	1
dickinson	1
desplaines	1
desperately	1
desolate	1
desire	1
deserted	1
desert	1
derision	1
delicate	1
deepening	1
decoration	1
deal	1
daybreak	1
daughter	1
darker	1
dares	1
dared	1
dare	1
dangles	1
danger	1
dancers	1
dance	1
damned	1
dagger	1
dabble	1
cutting	1
curve	1
cursing	1
curls	1
cup	1
cumulatives	1
cumulative	1
cumbering	1
crushed	1
crunch	1
crumbling	1
crumbier	1
crucify	1
crouch	1
crossing	1
crosses	1
crossed	1
crooked	1
crock	1
croak	1
creeps	1
creeping	1
creep	1
cream	1
crawl	1
crane	1
crag	1
crack	1
crabapple	1
covers	1
cover	1
court	1
course	1
counts	1
count	1
coughed	1
cottonwood	1
cotton	1
costs	1
cost	1
corsage	1
corpuscles	1
cornmeal	1
cornfields	1
cornerstones	1
cords	1
cord	1
coral	1
cooped	1
conquering	1
conquered	1
conquerable	1
connexions	1
concert	1
companion	1
commission	1
commerce	1
commemorate	1
commanded	1
comers	1
combers	1
collar	1
coins	1
coffins	1
cocked	1
coarse	1
cne	1
clumsy	1
clubs	1
club	1
clouds	1
cloud	1
clots	1
closer	1
closely	1
clinging	1
clinch	1
climbs	1
climbing	1
clew	1
clenched	1
cleans	1
clean	1
claws	1
clatters	1
class	1
clashes	1
clash	1
clambered	1
claims	1
citizen	1
circles	1
circle	1
cigars	1
cigar	1
church	1
chums	1
chosen	1
choices	1
chips	1
chinese	1
chickens	1
cherry	1
cheeks	1
cheek	1
chatter	1
chatted	1
chapter	1
chanties	1
changed	1
championship	1
challenge	1
centuries	1
cell	1
causes	1
cats	1
catch	1
catalpa	1
cataclysms	1
cash	1
case	1
carved	1
carrying	1
carried	1
carpet	1
captured	1
captive	1
cape	1
cap	1
cans	1
campaign	1
callaboose	1
california	1
calais	1
cadaver	1
cables	1
cabaret	1
bygone	1
buzzing	1
buying	1
buy	1
butchering	1
burst	1
burnt	1
burns	1
bureau	1
burden	1
bundled	1
bumpers	1
bum	1
bull	1
bulge	1
bulbs	1
buildings	1
builders	1
build	1
buckles	1
bubbles	1
brutal	1
bruised	1
brr	1
brow	1
brought	1
broom	1
brooding	1
bridge	1
brickyard	1
brick	1
breakers	1
brasses	1
branches	1
bragging	1
brag	1
box	1
bowling	1
bowels	1
boulders	1
bottom	1
both	1
boston	1
boss	1
boots	1
bonfire	1
boes	1
bodies	1
blurs	1
blurring	1
blur	1
blows	1
blossoms	1
blossom	1
blooded	1
bloated	1
blinking	1
blent	1
bled	1
bleared	1
blame	1
blades	1
blacklisted	1
bits	1
bitch	1
bit	1
bigger	1
better	1
bending	1
belt	1
belong	1
belly	1
bellies	1
believing	1
believeth	1
believe	1
being	1
beginning	1
begging	1
began	1
beckons	1
beckon	1
beats	1
beans	1
beachey	1
battles	1
batters	1
battering	1
battered	1
bath	1
bastions	1
bastioned	1
baskets	1
basement	1
based	1
bartender	1
barns	1
bark	1
barges	1
barefooted	1
barber	1
bannered	1
bandit	1
bandanas	1
bandages	1
band	1
balls	1
ball	1
baffled	1
bad	1
backs	1
babblings	1
aëroplanes	1
aztecs	1
avenue	1
autumn	1
automatic	1
australia	1
august	1
audience	1
atoms	1
athletic	1
association	1
asphalt	1
aside	1
ash	1
artists	1
army	1
armies	1
arm	1
arising	1
arise	1
argentine	1
architect	1
arches	1
arch	1
aprons	1
appointment	1
apache	1
anyhow	1
anxious	1
answering	1
anothers	1
anod	1
anna	1
ankles	1
angry	1
angle	1
american	1
america	1
ambitions	1
ambition	1
amazed	1
alurk	1
already	1
alongside	1
almost	1
almighty	1
alleys	1
alley	1
allegheny	1
ale	1
aiming	1
ages	1
agent	1
age	1
afraid	1
adulteries	1
adenoids	1
ad	1
aching	1
accused	1
accordions	1
abrupt	1
aa	1
[	1
?)	1
?"	1
.]	1
..."	1
."'	1
-	1
'.	1
".	1
