,	7481
the	6301
and	2781
of	2539
.	1946
in	1839
a	1797
to	1506
!	1360
—	1147
;	901
with	868
his	762
"	742
that	691
|'s|	684
he	588
i	563
as	524
is	488
on	475
'	449
her	432
for	405
from	396
but	396
was	390
when	376
it	336
my	331
at	304
by	281
they	254
man	250
their	233
or	225
be	222
an	219
not	217
while	216
?	212
all	211
its	209
this	202
our	192
till	191
she	186
which	178
like	165
one	158
:	156
you	155
thy	155
into	154
what	153
we	151
him	151
so	149
there	146
were	141
had	140
old	139
no	137
are	135
where	134
will	133
who	133
heart	133
your	131
has	128
death	127
did	126
|arabic4digit|	124
now	123
before	120
blood	118
have	114
day	113
see	112
upon	110
never	110
god	109
through	108
over	108
mother	106
me	106
love	106
head	106
life	105
hath	102
thou	101
then	101
if	101
come	101
may	100
eye	100
again	100
o	98
night	94
them	93
light	93
more	92
down	89
dead	88
out	87
father	86
can	86
here	85
great	85
earth	85
behold	85
."	85
us	83
ye	80
within	79
hand	79
heaven	75
white	74
up	74
made	74
men	73
|arabic3digit|	72
breath	72
until	71
still	71
soul	71
first	71
every	71
shall	70
away	70
woman	69
world	68
round	67
how	67
each	67
would	66
well	66
though	66
two	64
fire	63
brave	63
said	62
been	62
son	61
came	61
above	61
without	60
wild	60
mountain	60
do	60
could	60
back	60
aye	60
nor	59
arms	59
yet	58
time	58
than	58
hell	58
oh	57
fell	57
unto	55
sun	55
other	55
wood	54
these	54
lo	54
let	54
pennsylvania	53
might	53
heard	53
good	53
form	53
another	53
some	52
sight	52
many	52
last	52
stand	51
sky	51
seen	51
doth	51
only	50
king	50
die	50
thought	49
ah	49
save	48
name	48
breast	48
stone	47
maid	47
little	47
lay	47
land	47
eyes	47
about	47
thee	46
hear	46
grave	46
baby	46
three	45
stood	45
soon	45
river	45
red	45
face	45
beneath	45
being	45
babe	45
long	44
f	44
ever	44
*	44
vain	43
song	43
side	43
boy	43
go	42
bed	42
alone	42
air	42
wi	41
make	41
found	41
tell	40
taken	40
woe	39
went	39
sound	39
sea	39
ground	39
black	39
!"	39
why	38
ship	38
following	38
far	38
after	38
war	37
laid	37
high	37
fear	37
child	37
among	37
-	37
west	36
voice	36
such	36
past	36
country	36
battle	36
wife	35
most	35
fair	35
bird	35
word	34
winter	34
rest	34
ohio	34
flood	34
even	34
ear	34
|arabic2digit|	33
|arabic1digit|	33
sweet	33
storm	33
say	33
kiss	33
indians	33
began	33
same	32
once	32
mouth	32
lost	32
living	32
give	32
door	32
cast	32
appeared	32
(	32
tree	31
take	31
t	31
says	31
salt	31
own	31
home	31
coal	31
army	31
age	31
years	30
whose	30
true	30
summer	30
should	30
rock	30
place	30
part	30
merry	30
maiden	30
look	30
lake	30
hair	30
ere	30
edge	30
cold	30
behind	30
very	29
too	29
tis	29
near	29
must	29
know	29
hero	29
done	29
deep	29
am	29
',	29
turned	28
those	28
spirit	28
saw	28
savage	28
midnight	28
dear	28
boat	28
town	27
poor	27
point	27
left	27
hundred	27
human	27
hands	27
brother	27
year	26
yea	26
wind	26
whom	26
rise	26
nay	26
john	26
indian	26
fight	26
feet	26
end	26
bright	26
brain	26
)	26
youth	25
way	25
warm	25
together	25
th	25
spring	25
slain	25
sin	25
joy	25
golden	25
general	25
gallant	25
dark	25
curse	25
cannot	25
british	25
aud	25
art	25
against	25
accursed	25
shade	24
ragged	24
leave	24
himself	24
hast	24
gone	24
full	24
force	24
fall	24
cow	24
captain	24
around	24
along	24
yer	23
we'll	23
washington	23
st	23
speak	23
sleep	23
poem	23
mind	23
miles	23
live	23
gold	23
ghost	23
fought	23
foe	23
fled	23
find	23
fast	23
crew	23
course	23
corpse	23
christ	23
chief	23
both	23
beyond	23
arm	23
apart	23
'-	23
wight	22
wave	22
took	22
since	22
second	22
plain	22
nothing	22
new	22
morning	22
mercy	22
killed	22
holy	22
ho	22
cry	22
close	22
cause	22
boys	22
birth	22
|arabic5+digit|	21
victory	21
tears	21
tear	21
stream	21
shore	21
set	21
sad	21
rose	21
roar	21
lady	21
known	21
j	21
iron	21
half	21
grew	21
gloom	21
freedom	21
flight	21
field	21
fiddler	21
crown	21
county	21
called	21
bliss	21
yes	20
wretched	20
truth	20
thunder	20
thousand	20
think	20
story	20
southwestern	20
snake	20
simple	20
run	20
prayer	20
port	20
pain	20
nature	20
jester	20
height	20
heavy	20
fly	20
fame	20
daughter	20
care	20
braddock	20
bold	20
between	20
beside	20
beat	20
whiskey	19
weeping	19
water	19
turn	19
stands	19
soft	19
sing	19
right	19
ridger	19
proud	19
off	19
looked	19
lips	19
lie	19
ledge	19
led	19
lad	19
i'll	19
hot	19
heave	19
hark	19
ha	19
free	19
east	19
dream	19
cabin	19
wrought	18
wide	18
wall	18
throng	18
state	18
sorrow	18
soldier	18
skull	18
people	18
peggy	18
mr	18
mirth	18
meet	18
maud	18
knew	18
hill	18
glass	18
friend	18
fort	18
forever	18
foes	18
fate	18
eat	18
dread	18
dig	18
depth	18
command	18
children	18
brought	18
break	18
best	18
bat	18
any	18
''	18
wot	17
valiant	17
under	17
track	17
tide	17
sped	17
several	17
sae	17
sacred	17
ran	17
poet	17
lover	17
lightning	17
hold	17
heroes	17
five	17
erie	17
comes	17
britain	17
bow	17
bosom	17
bloody	17
blast	17
below	17
]	17
young	16
work	16
william	16
wick	16
whole	16
today	16
strange	16
spread	16
spake	16
ridge	16
prince	16
pitt	16
passed	16
neck	16
mourner	16
moment	16
matter	16
mary	16
low	16
lies	16
just	16
infinite	16
hope	16
hoary	16
hearts	16
h	16
gaoler	16
forms	16
foot	16
fond	16
fiddle	16
devil	16
dee	16
dawn	16
darkness	16
clerk	16
clair	16
caul	16
call	16
blue	16
blessed	16
band	16
bag	16
awful	16
aghast	16
|romannumeral|	15
wounded	15
worth	15
words	15
wit	15
view	15
unknown	15
troops	15
tongue	15
tomb	15
thus	15
sure	15
stay	15
snow	15
slave	15
silent	15
put	15
pittsburgh	15
perry	15
none	15
morn	15
milk	15
master	15
legs	15
law	15
ice	15
green	15
gown	15
given	15
gave	15
french	15
followed	15
flesh	15
feeling	15
evil	15
eternal	15
dying	15
dumb	15
distant	15
despair	15
delight	15
deck	15
courage	15
columbia	15
bleeding	15
beauty	15
appear	15
across	15
wound	14
witch	14
weary	14
valley	14
sympathy	14
sons	14
slaves	14
sir	14
shriek	14
self	14
sat	14
sank	14
sandusky	14
rocks	14
rag	14
r	14
published	14
poesy	14
philosophy	14
peace	14
owl	14
nought	14
music	14
much	14
money	14
mammoth	14
major	14
loud	14
lived	14
length	14
late	14
hole	14
haunted	14
guns	14
gun	14
grace	14
flash	14
finite	14
filled	14
fierce	14
felt	14
evening	14
drink	14
died	14
cup	14
cruel	14
crow	14
crest	14
crash	14
court	14
commissioners	14
closed	14
clear	14
cat	14
brook	14
bough	14
born	14
bond	14
blow	14
bare	14
banks	14
afloat	14
""	14
yon	13
writer	13
western	13
turning	13
told	13
throbbing	13
thine	13
thin	13
terrible	13
tale	13
silver	13
serpent	13
savages	13
sage	13
room	13
rain	13
pray	13
oil	13
notes	13
moon	13
met	13
memory	13
line	13
liberty	13
keg	13
itself	13
i've	13
hung	13
house	13
history	13
hide	13
held	13
hard	13
happy	13
hall	13
glory	13
gain	13
forest	13
feel	13
dr	13
dost	13
cheek	13
centre	13
brow	13
broken	13
broad	13
benny	13
bell	13
beaver	13
alive	13
worse	12
vos	12
vessel	12
valour	12
turns	12
tower	12
throat	12
things	12
thing	12
sudden	12
smirk	12
skies	12
sire	12
scene	12
rode	12
ring	12
retreat	12
read	12
race	12
pride	12
pointed	12
pleasant	12
pity	12
pick	12
murderous	12
murderer	12
mine	12
mid	12
m	12
lives	12
lines	12
lead	12
knoweth	12
keep	12
hour	12
horse	12
honour	12
hills	12
grief	12
floor	12
flame	12
fired	12
deed	12
cried	12
crawford	12
colonel	12
clouds	12
charms	12
bound	12
book	12
beard	12
[	12
yield	11
worst	11
whirl	11
verse	11
twas	11
twain	11
trees	11
touch	11
thirst	11
third	11
themselves	11
swept	11
struck	11
stern	11
step	11
states	11
soldiers	11
silk	11
sees	11
sail	11
root	11
received	11
rather	11
raised	11
rage	11
rack	11
pursued	11
pursue	11
power	11
polly	11
plains	11
placed	11
pass	11
page	11
native	11
mist	11
midst	11
loved	11
looks	11
lest	11
leaves	11
keel	11
july	11
join	11
james	11
isabel	11
i'm	11
i'd	11
huzzah	11
honest	11
having	11
hae	11
guide	11
guard	11
gale	11
future	11
four	11
foul	11
flag	11
farewell	11
early	11
dust	11
dreadful	11
draw	11
doubt	11
dog	11
deadly	11
days	11
cut	11
commander	11
cloud	11
clay	11
city	11
cheer	11
burst	11
burning	11
bruce	11
bone	11
body	11
bis	11
became	11
always	11
also	11
aid	11
affright	11
afar	11
?"	11
'"	11
||	10
yonder	10
written	10
wretch	10
worm	10
wise	10
wily	10
willow	10
wept	10
weep	10
vision	10
vengeance	10
trembling	10
tom	10
thrice	10
tender	10
sword	10
stars	10
star	10
spectral	10
space	10
songs	10
smile	10
single	10
sinful	10
shame	10
shake	10
shadow	10
sense	10
seek	10
scarce	10
s	10
rocky	10
rhyme	10
quick	10
pressed	10
praise	10
popular	10
play	10
perhaps	10
pair	10
och	10
oak	10
next	10
mournful	10
moss	10
moore	10
mood	10
monster	10
mighty	10
mark	10
march	10
makes	10
lullaby	10
lily	10
leg	10
laws	10
lamp	10
kill	10
jamie	10
hush	10
however	10
horror	10
hearty	10
haughty	10
haste	10
grows	10
grizzled	10
gleam	10
gathered	10
friends	10
forced	10
flow	10
feather	10
fallen	10
expedition	10
ears	10
dry	10
driven	10
doom	10
distinguished	10
danger	10
crimson	10
cries	10
change	10
caused	10
calls	10
burned	10
buried	10
bring	10
bride	10
bravely	10
bourgogne	10
boots	10
angel	10
afterward	10
.,	10
"""	10
§	9
wreck	9
works	9
wonder	9
williams	9
wicked	9
whirled	9
wha	9
westmoreland	9
ween	9
wealth	9
walk	9
understand	9
trade	9
tinker	9
thumb	9
throne	9
throbbeth	9
ten	9
swore	9
swift	9
strike	9
startled	9
start	9
staring	9
stare	9
spot	9
six	9
sit	9
shot	9
shape	9
sentinel	9
seized	9
seemed	9
seeing	9
science	9
school	9
revenge	9
rear	9
quivering	9
precious	9
pipe	9
pang	9
pale	9
others	9
open	9
oath	9
note	9
noble	9
niagara	9
need	9
naked	9
nae	9
na	9
muse	9
murdered	9
murder	9
move	9
mountains	9
mate	9
mast	9
longer	9
likewise	9
laugh	9
knows	9
kept	9
ken	9
jolly	9
it's	9
inwrought	9
involving	9
insurrection	9
horn	9
helpless	9
heels	9
hears	9
heads	9
hail	9
groan	9
grey	9
got	9
goeth	9
goes	9
girty	9
ghastly	9
get	9
george	9
forgiven	9
follows	9
flower	9
firm	9
fields	9
few	9
fearful	9
fantasy	9
faith	9
existence	9
else	9
echo	9
during	9
dinna	9
de	9
dare	9
damp	9
cross	9
crack	9
common	9
chieftain	9
captive	9
butler	9
brothers	9
bridge	9
bread	9
bouquet	9
better	9
bent	9
beardless	9
base	9
bank	9
ballad	9
ball	9
author	9
.'	9
wrath	8
worms	8
woods	8
wings	8
whence	8
weight	8
weed	8
weak	8
want	8
wail	8
victim	8
tweedle	8
toy	8
toss	8
timely	8
tied	8
throughout	8
terror	8
swoon	8
sue	8
strong	8
strife	8
strength	8
stout	8
stake	8
squeaky	8
squawky	8
something	8
smiled	8
small	8
sink	8
singing	8
silence	8
sick	8
shone	8
shed	8
sent	8
seething	8
sanquo	8
sang	8
rushed	8
rout	8
rolling	8
revolving	8
revolution	8
return	8
ready	8
reader	8
public	8
prisoners	8
princeton	8
prey	8
presence	8
passion	8
north	8
nine	8
nation	8
mirror	8
martial	8
marched	8
mankind	8
looking	8
list	8
letter	8
knife	8
kee	8
judge	8
humanity	8
hue	8
hours	8
hound	8
hostile	8
horizon	8
highest	8
higher	8
hey	8
heath	8
hang	8
grown	8
grow	8
grant	8
glowing	8
glee	8
gentleman	8
gates	8
gas	8
fourth	8
forgot	8
ford	8
forces	8
foam	8
fiery	8
feathers	8
fayette	8
farmer	8
family	8
english	8
enemy	8
double	8
don't	8
diddle	8
dell	8
defeat	8
damned	8
daddle	8
crooked	8
crept	8
comrades	8
clasp	8
catch	8
carnage	8
cannon	8
can't	8
burnt	8
britons	8
brand	8
bodies	8
blade	8
beheld	8
beg	8
beast	8
bear	8
bark	8
bands	8
bade	8
ashes	8
arts	8
american	8
alas	8
alarms	8
afraid	8
**	8
•	7
yough	7
wrong	7
wreath	7
wondrous	7
wish	7
wing	7
winding	7
whirling	7
wells	7
wedding	7
we're	7
waves	7
waters	7
waste	7
warrior	7
warmth	7
waltz	7
virginia	7
use	7
united	7
undaunted	7
trust	7
triumph	7
tried	7
tossed	7
tooth	7
toast	7
times	7
teeth	7
teat	7
taught	7
tar	7
tail	7
strain	7
straight	7
spoken	7
spent	7
speed	7
spear	7
sometimes	7
sod	7
snakes	7
sleeping	7
sinks	7
shout	7
short	7
seeth	7
rung	7
rude	7
roll	7
rising	7
risen	7
ride	7
reason	7
raw	7
rang	7
raise	7
rabble	7
quickly	7
present	7
post	7
points	7
pierced	7
piece	7
parting	7
paddy	7
p	7
opposite	7
opened	7
oho	7
often	7
officers	7
ocean	7
oar	7
november	7
noon	7
nook	7
nobly	7
news	7
negro	7
n	7
mud	7
mither	7
mass	7
manhood	7
mahoning	7
lowly	7
lower	7
lord	7
lochry	7
limbs	7
lewis	7
laughter	7
kelp	7
keen	7
jackson	7
irish	7
ire	7
involved	7
interest	7
hungry	7
he's	7
harm	7
happened	7
going	7
glut	7
gleams	7
gentle	7
gaul	7
gaol	7
further	7
fun	7
frost	7
frae	7
food	7
folks	7
flush	7
flaming	7
finger	7
fiction	7
feeleth	7
falls	7
fact	7
expressed	7
et	7
entitled	7
entered	7
eke	7
duquesne	7
drowning	7
dreams	7
drawn	7
drank	7
dole	7
does	7
dismay	7
david	7
dancing	7
danced	7
dainty	7
d	7
crossed	7
concealed	7
clock	7
chase	7
canst	7
canoe	7
cannons	7
butcher	7
built	7
brink	7
bore	7
blind	7
birds	7
bid	7
betrayed	7
beloved	7
axe	7
autumn	7
asleep	7
array	7
anon	7
amid	7
america	7
ago	7
ages	7
-'	7
!'	7
yielding	6
writ	6
wounds	6
woodpecker	6
woodman	6
win	6
wilderness	6
whoop	6
whisky	6
whenever	6
wheel	6
wedge	6
web	6
wax	6
waning	6
wandereth	6
wake	6
wad	6
vow	6
volume	6
vague	6
unseen	6
twenty	6
tremble	6
tread	6
treacherous	6
torn	6
toe	6
thoudst	6
tempest	6
sweetly	6
surface	6
suckling	6
subject	6
streams	6
stranger	6
stench	6
speech	6
spectre	6
south	6
source	6
sought	6
solemn	6
soil	6
slow	6
sleeps	6
sister	6
sins	6
sinking	6
sigh	6
sic	6
shudder	6
shroud	6
show	6
shell	6
shapes	6
seven	6
service	6
senate	6
seed	6
secret	6
seas	6
score	6
samuel	6
sack	6
rush	6
returned	6
remember	6
remains	6
redoubled	6
receive	6
re	6
rattles	6
rat	6
rapture	6
range	6
quo	6
quarter	6
prove	6
prisoner	6
prepare	6
poisoned	6
poems	6
played	6
pit	6
philosopher	6
perchance	6
path	6
pan	6
ot	6
order	6
ol	6
oft	6
officer	6
nursed	6
numb	6
myself	6
moved	6
mourn	6
monstrous	6
monongahela	6
mirage	6
mingled	6
miner	6
melt	6
melody	6
mean	6
massacre	6
manly	6
mangled	6
mair	6
maintain	6
maddened	6
lying	6
lonely	6
lone	6
lip	6
lightly	6
la	6
knelt	6
kneels	6
justice	6
joys	6
joined	6
infant	6
indeed	6
immortal	6
id	6
hurried	6
houses	6
horses	6
herself	6
herd	6
grove	6
groans	6
greatest	6
greater	6
gore	6
glow	6
gleaming	6
giveth	6
genius	6
gallatin	6
frozen	6
freely	6
forth	6
forsooth	6
fool	6
flown	6
flowers	6
fit	6
fifth	6
fifteen	6
fiends	6
feels	6
fatal	6
faithful	6
fainting	6
faint	6
evolving	6
espy	6
eagle	6
e	6
due	6
drop	6
drive	6
divided	6
ding	6
denied	6
democrat	6
dart	6
darling	6
cursed	6
curious	6
creek	6
conquer	6
complete	6
commanded	6
coming	6
cleared	6
chiefs	6
chance	6
certain	6
century	6
calm	6
buttonwood	6
burns	6
bullets	6
branches	6
brady	6
boldly	6
boatman	6
blessing	6
bled	6
believe	6
begins	6
beginning	6
beam	6
bated	6
atone	6
anvil	6
anguish	6
ane	6
ance	6
aft	6
advance	6
adieu	6
address	6
act	6
..	6
youthful	5
you're	5
yard	5
woven	5
wouldst	5
worthy	5
wore	5
won	5
womb	5
wolf	5
woes	5
wm	5
willing	5
whilst	5
wet	5
weather	5
walked	5
village	5
veil	5
vale	5
upward	5
upturned	5
upper	5
twelve	5
tune	5
treasures	5
train	5
torrent	5
tomahawk	5
toil	5
tight	5
tie	5
ticonderoga	5
thoughts	5
thorn	5
thinks	5
thick	5
theme	5
tall	5
takes	5
syne	5
symbol	5
surprise	5
superior	5
sunk	5
sung	5
sullen	5
sturdy	5
strive	5
strikes	5
store	5
stolen	5
steel	5
steady	5
standard	5
stalking	5
splash	5
spite	5
sparkling	5
sorts	5
sore	5
simon	5
silken	5
shrivelled	5
shrieked	5
showed	5
shalt	5
shadowy	5
shades	5
severed	5
selfsame	5
seems	5
seat	5
scythe	5
scattered	5
saviour	5
sake	5
safety	5
rule	5
royal	5
rough	5
rogers	5
rod	5
roaring	5
road	5
ringing	5
revealed	5
resounded	5
resistless	5
replied	5
repeated	5
rent	5
remarkable	5
relief	5
regulars	5
region	5
regarded	5
refuse	5
referred	5
ray	5
rattle	5
quite	5
pull	5
prize	5
prism	5
pours	5
pole	5
plant	5
piercing	5
philadelphia	5
pastime	5
papers	5
paper	5
panther	5
paid	5
original	5
opposing	5
october	5
object	5
number	5
nose	5
ninety	5
neither	5
neighbours	5
myth	5
mould	5
mothers	5
mocking	5
moan	5
millions	5
mile	5
mild	5
miami	5
mars	5
marble	5
making	5
main	5
magic	5
lu	5
loves	5
listen	5
less	5
les	5
learned	5
leafy	5
leaf	5
laughed	5
lamented	5
knowledge	5
knees	5
jury	5
jewels	5
je	5
imagination	5
ill	5
ilk	5
idea	5
icy	5
hurled	5
humble	5
howl	5
horrid	5
holdeth	5
hight	5
hence	5
health	5
he'd	5
hangs	5
hairs	5
hag	5
guid	5
greet	5
greed	5
graveyard	5
graves	5
grass	5
government	5
glazed	5
gives	5
girls	5
girl	5
ghosts	5
gazette	5
gaze	5
gaping	5
fury	5
fruit	5
fresh	5
fountain	5
foster	5
forks	5
foreign	5
fold	5
flies	5
fleet	5
fixed	5
fingers	5
female	5
feed	5
feeble	5
feared	5
fates	5
fang	5
fancy	5
falling	5
fairy	5
fail	5
expression	5
environment	5
en	5
embrace	5
either	5
ebbing	5
dwell	5
dull	5
dug	5
drouth	5
dressed	5
doomed	5
dire	5
din	5
different	5
destruction	5
deil	5
defied	5
crowned	5
crime	5
credit	5
cradle	5
council	5
corn	5
continued	5
congress	5
conflict	5
compass	5
company	5
cometh	5
columbians	5
colours	5
clutch	5
clothes	5
clinging	5
cliff	5
clasped	5
claim	5
chill	5
chestnut	5
cheeks	5
charm	5
cell	5
celestial	5
caught	5
carried	5
cap	5
canna	5
camp	5
bursting	5
build	5
brown	5
brood	5
brings	5
breeches	5
breathes	5
breaks	5
breaking	5
branch	5
brackenridge	5
bowl	5
bones	5
board	5
beware	5
besides	5
benumbed	5
bending	5
bend	5
belonged	5
begot	5
becomes	5
because	5
bears	5
bad	5
backward	5
awhile	5
awake	5
attend	5
attacked	5
atlantic	5
arise	5
aright	5
appears	5
angry	5
alexander	5
albeit	5
alarm	5
aim	5
aglow	5
\	5
-"	5
'.	5
!)	5
you'd	4
york	4
yielded	4
yankees	4
writhe	4
wondering	4
wonderful	4
wolves	4
wished	4
wis	4
winsome	4
wherever	4
wheat	4
watery	4
warriors	4
warms	4
warlike	4
waiting	4
waist	4
w	4
vois	4
virtue	4
vile	4
version	4
value	4
vales	4
urn	4
upright	4
u	4
twixt	4
twice	4
trout	4
troth	4
triple	4
trenton	4
trembled	4
traitor	4
tragedy	4
toward	4
torments	4
tone	4
tomorrow	4
tin	4
thrown	4
thrill	4
thread	4
thomas	4
thirty	4
therefore	4
tame	4
tack	4
swelling	4
swelled	4
swear	4
sway	4
suspended	4
surrounded	4
surrender	4
sunshine	4
successful	4
succeeding	4
study	4
striking	4
street	4
streaming	4
stories	4
stock	4
steer	4
steal	4
standing	4
squandered	4
sprang	4
sport	4
spirits	4
spider	4
speaks	4
spare	4
sounds	4
somerset	4
snail	4
smother	4
smoke	4
smell	4
slept	4
skins	4
sixteen	4
sitteth	4
sits	4
sisters	4
silently	4
sign	4
sides	4
showther	4
shouts	4
shoot	4
shook	4
sherrard	4
share	4
shady	4
shadows	4
september	4
sentient	4
senses	4
send	4
seldom	4
seem	4
screams	4
scream	4
sceptre	4
scarred	4
scared	4
scarcely	4
scalps	4
saved	4
satisfied	4
rust	4
roman	4
rolls	4
rippling	4
returning	4
retire	4
repeat	4
renown	4
regular	4
regions	4
regal	4
reflection	4
refers	4
recollection	4
rebellion	4
reaching	4
reach	4
rattling	4
ranks	4
rail	4
raging	4
quiver	4
que	4
purple	4
proved	4
protect	4
prose	4
printed	4
price	4
preservation	4
prays	4
prayed	4
powder	4
poured	4
pour	4
pomp	4
poetry	4
plighted	4
pledge	4
please	4
plan	4
pine	4
phrenzied	4
philip	4
peter	4
pen	4
party	4
pages	4
pace	4
outside	4
ought	4
organic	4
ordered	4
op	4
od	4
nuptial	4
numbers	4
noise	4
newborn	4
neighbourhood	4
neighbour	4
musket	4
musk	4
murmuring	4
mound	4
morrow	4
monument	4
mob	4
mississippi	4
misery	4
merrily	4
merit	4
mercier	4
member	4
melted	4
meggie	4
meat	4
maw	4
marked	4
map	4
manner	4
loving	4
lot	4
loose	4
loom	4
local	4
lifted	4
lieth	4
lexington	4
leur	4
legions	4
legend	4
leaving	4
learn	4
lawyers	4
lawrence	4
laurels	4
laurel	4
large	4
knowing	4
knock	4
knight	4
knee	4
kindred	4
kind	4
kick	4
key	4
keeping	4
june	4
jet	4
jefferson	4
jaw	4
ither	4
intent	4
instruct	4
inspired	4
infinity	4
individual	4
implore	4
impetuous	4
image	4
huzza	4
hut	4
hushed	4
huge	4
hosts	4
host	4
horrible	4
hopes	4
hopeful	4
hood	4
hie	4
hideous	4
hid	4
henry	4
help	4
heavens	4
hearing	4
heareth	4
hate	4
hasty	4
hastings	4
handsome	4
halves	4
hallowed	4
guise	4
guilty	4
growth	4
grim	4
greedy	4
grasp	4
grand	4
grain	4
governor	4
glorious	4
glories	4
gloomy	4
glittering	4
glare	4
glad	4
germantown	4
german	4
gen	4
gathering	4
gate	4
gasp	4
gambler	4
gained	4
fruitful	4
frog	4
fro	4
fright	4
france	4
frame	4
formed	4
forgotten	4
flowing	4
flitting	4
flee	4
flayed	4
fix	4
firing	4
fine	4
fill	4
fiddlers	4
ff	4
feverish	4
fern	4
fellow	4
feigned	4
fathers	4
familiar	4
expire	4
excise	4
everlasting	4
escaped	4
erect	4
equal	4
envenomed	4
england	4
empty	4
em	4
elves	4
election	4
elate	4
eight	4
effect	4
eddy	4
echoes	4
eastern	4
ease	4
eager	4
dyed	4
drum	4
drops	4
drave	4
divine	4
divide	4
diverse	4
distance	4
dismayed	4
dismal	4
dippeth	4
diffused	4
diamond	4
dew	4
development	4
determined	4
design	4
descend	4
des	4
defence	4
deeds	4
dearest	4
deaf	4
daughters	4
darted	4
dared	4
dans	4
dame	4
dallas	4
daggers	4
curved	4
crushed	4
crumpled	4
crowd	4
creep	4
crave	4
courthouse	4
countrymen	4
cost	4
cool	4
content	4
consideration	4
confounded	4
confound	4
conemaugh	4
compared	4
combined	4
college	4
col	4
coast	4
clung	4
clown	4
clods	4
church	4
chin	4
chime	4
childhood	4
chemist	4
charred	4
charge	4
changed	4
caw	4
catfish	4
capstan	4
cage	4
bursts	4
broke	4
briton	4
brethren	4
breathe	4
bounding	4
bought	4
bole	4
bog	4
boatswain	4
boast	4
bluid	4
blooming	4
bloom	4
blindly	4
blew	4
bleed	4
blaze	4
bit	4
bight	4
bends	4
begun	4
beginneth	4
befell	4
bee	4
become	4
beating	4
bearded	4
banners	4
ban	4
bale	4
bairnie	4
b	4
ay	4
awa	4
avenging	4
august	4
atmosphere	4
athwart	4
association	4
assistance	4
aside	4
arnold	4
armed	4
ardour	4
approved	4
approaching	4
appointed	4
appeareth	4
appearance	4
angels	4
andrew	4
americans	4
amazed	4
alternate	4
admired	4
according	4
able	4
abiding	4
""*	4
|	3
yesterday	3
yearning	3
ye'd	3
wrung	3
wrote	3
wrongs	3
woundi	3
worship	3
worn	3
worlds	3
wisdom	3
winged	3
winds	3
window	3
wilt	3
wilds	3
widow	3
widening	3
whites	3
whirlwind	3
whin	3
wherein	3
weird	3
weeps	3
weel	3
wee	3
wed	3
weave	3
wear	3
weapon	3
waver	3
warmed	3
wa	3
vital	3
virtues	3
vine	3
vessels	3
venture	3
vein	3
vast	3
vanished	3
van	3
valleys	3
usual	3
upheld	3
unlock	3
unless	3
universe	3
unco	3
uncertain	3
unable	3
ubiquity	3
tyre	3
tyrant	3
type	3
twill	3
twigs	3
tuneful	3
tt	3
troubled	3
tricks	3
trickling	3
trembles	3
tradition	3
trace	3
toys	3
torture	3
top	3
tonight	3
tongues	3
token	3
tny	3
tne	3
timid	3
timber	3
tidings	3
thunderbolt	3
thrush	3
throw	3
throbs	3
thrills	3
thou'st	3
thieves	3
they've	3
they'd	3
tells	3
teeming	3
teach	3
tattered	3
tars	3
talk	3
tak	3
sympathetic	3
swords	3
swells	3
swaying	3
swamp	3
surround	3
surrendered	3
surely	3
supreme	3
suppose	3
sum	3
suffering	3
success	3
subsequent	3
stump	3
strode	3
string	3
striding	3
straw	3
strangers	3
strangely	3
stores	3
stop	3
stool	3
stones	3
stepped	3
stephen	3
stem	3
steep	3
steeds	3
stayed	3
station	3
stately	3
starred	3
stanzas	3
stanza	3
stain	3
stage	3
squaws	3
springing	3
spoke	3
spin	3
spend	3
spell	3
spectrum	3
spangled	3
sow	3
sometime	3
sold	3
social	3
sobs	3
sober	3
sob	3
soars	3
snow-white	3
sma	3
slover	3
slay	3
slake	3
skin	3
skill	3
sill	3
sighing	3
sickening	3
shut	3
shunned	3
shrieks	3
shrank	3
showers	3
shoulders	3
shorn	3
shock	3
shears	3
shaft	3
shaded	3
sever	3
seventeen	3
servile	3
serve	3
sentiment	3
senseless	3
selfishness	3
secure	3
scorn	3
scoff	3
schools	3
scar	3
scan	3
scalping	3
scalp	3
scales	3
scale	3
sandy	3
saint	3
sailors	3
safe	3
sadly	3
sacrifice	3
rushing	3
runs	3
rugged	3
ruddy	3
rotten	3
robert	3
robber	3
robbed	3
rivers	3
riven	3
ripple	3
rim	3
rill	3
rights	3
rifle	3
reward	3
revolved	3
revere	3
revenged	3
reveals	3
results	3
restore	3
respite	3
residence	3
report	3
removed	3
released	3
regiment	3
reeling	3
redman	3
recover	3
recorded	3
recognised	3
rebuke	3
rebels	3
reared	3
reached	3
rays	3
rattlesnake	3
rapturous	3
rapid	3
raiseth	3
quit	3
quaffed	3
push	3
purpose	3
pure	3
publication	3
proudly	3
protection	3
prominent	3
prison	3
presseth	3
press	3
president	3
prepared	3
prayers	3
powther	3
potato	3
posts	3
possibly	3
poplar	3
pool	3
poisonous	3
plunder	3
plummet	3
plough	3
plenty	3
pleasing	3
pleased	3
plants	3
planet	3
plainly	3
places	3
piteous	3
piper	3
pile	3
persons	3
pelf	3
peculiar	3
peach	3
pay	3
passing	3
partner	3
particular	3
palace	3
painted	3
paint	3
pa	3
owre	3
ower	3
overnight	3
outright	3
outcry	3
ou	3
oswego	3
orphan	3
oppressed	3
opinion	3
ones	3
oliver	3
occurred	3
obey	3
o'clock	3
notice	3
notched	3
noose	3
noonday	3
nod	3
nigh	3
ni'gara	3
necessity	3
nearly	3
national	3
nane	3
names	3
namely	3
mystic	3
myriad	3
musing	3
muckle	3
mrs	3
moving	3
motionless	3
mortal	3
moonlight	3
months	3
mong	3
moments	3
moll	3
modest	3
modes	3
moans	3
misty	3
miss	3
mill	3
militia	3
midday	3
mettle	3
mere	3
mention	3
memento	3
meeting	3
measured	3
meason	3
meantime	3
means	3
may-day	3
maudlin	3
mau	3
mask	3
marshalled	3
marred	3
mar	3
maple	3
mansion	3
male	3
majestic	3
magnificent	3
lustre	3
lust	3
lurid	3
loyal	3
lowest	3
lovely	3
loudest	3
loon	3
looketh	3
longing	3
logs	3
log	3
lofty	3
loaded	3
lithe	3
listless	3
lion	3
lightnings	3
lift	3
lieutenant	3
leper	3
lent	3
lend	3
lemoyne	3
leghorn	3
leather	3
least	3
leapt	3
leaden	3
lea	3
lays	3
laura	3
latter	3
lap	3
lang	3
lane	3
lands	3
lament	3
labouring	3
labour	3
knots	3
knell	3
kneel	3
kissed	3
kirk	3
kingdom	3
killdeer	3
kicked	3
keyhole	3
keeps	3
jove	3
joint	3
jj	3
jesu	3
jest	3
jaws	3
january	3
jane	3
ivins	3
iu	3
israel	3
invade	3
intention	3
instead	3
instant	3
instance	3
inspire	3
insect	3
inquire	3
innocent	3
inhuman	3
informed	3
individuality	3
increasing	3
increased	3
incident	3
immediately	3
illumined	3
ignorant	3
ian	3
ia	3
husband	3
hurrah	3
hurl	3
hoped	3
hither	3
hip	3
highlanders	3
hied	3
hidden	3
hia	3
hi	3
hermit	3
herald	3
henceforth	3
hemlock	3
heel	3
hedge	3
heartstrings	3
heartless	3
headless	3
he'll	3
haze	3
hatchet	3
harp	3
happiness	3
hanged	3
hame	3
hails	3
haggard	3
habit	3
guilt	3
growths	3
greensburg	3
grandsire	3
goodness	3
gleamed	3
glair	3
giving	3
gif	3
gie	3
ghoul	3
generally	3
gem	3
gay	3
gauze	3
gaunt	3
gasping	3
gap	3
gallitzin	3
furious	3
fur	3
funeral	3
fulfilled	3
ft	3
front	3
frequently	3
freemen	3
fray	3
fou	3
fortunes	3
fortune	3
fore	3
footsteps	3
footprints	3
fondly	3
folk	3
folded	3
flickering	3
flew	3
fleeing	3
flax	3
flames	3
filth	3
fills	3
filed	3
fighting	3
fetters	3
feedeth	3
fee	3
federal	3
fed	3
fears	3
farther	3
false	3
faintest	3
fain	3
extraordinary	3
extends	3
extending	3
express	3
exposed	3
evolves	3
eternity	3
escape	3
errand	3
er	3
enterprise	3
engulfed	3
engagement	3
engaged	3
engage	3
endless	3
endeavour	3
encased	3
elliot	3
elf	3
eleven	3
elements	3
effort	3
ed	3
easy	3
eased	3
earthquake	3
earthen	3
e'e	3
duty	3
drove	3
drooping	3
drifts	3
drifting	3
dried	3
downy	3
dollar	3
doctor	3
dizzy	3
divil	3
distinction	3
displayed	3
display	3
disguise	3
disgrace	3
discovery	3
direct	3
dies	3
dewy	3
devour	3
devoted	3
desire	3
deserted	3
descry	3
depths	3
depart	3
demon	3
democrats	3
democratic	3
demand	3
deleware	3
defy	3
defend	3
deer	3
decisive	3
deaths	3
deal	3
daylight	3
dashing	3
darkest	3
darkened	3
dares	3
dangers	3
damn	3
dam	3
daily	3
dagger	3
curtained	3
curls	3
cunning	3
croweth	3
creation	3
crawled	3
crawl	3
craveth	3
crashing	3
crag	3
crabs	3
covered	3
couldn't	3
continent	3
conspicuous	3
consider	3
conquered	3
congealed	3
confess	3
conduct	3
concerning	3
comprehension	3
composed	3
commend	3
combine	3
collins	3
cock	3
coat	3
clothed	3
cloth	3
closely	3
clod	3
clings	3
climb	3
clap	3
clad	3
circumstances	3
circle	3
christmas	3
christian	3
chosen	3
chilled	3
cheered	3
checked	3
chautauqua	3
charles	3
charges	3
charged	3
character	3
channel	3
chains	3
chain	3
celebrated	3
caverns	3
cave	3
cattle	3
cascade	3
carry	3
cargo	3
cares	3
carbonic	3
canon	3
cannonballs	3
cain	3
buy	3
bushy	3
bush	3
bury	3
burden	3
bullet	3
bud	3
brush	3
brine	3
brimful	3
brighter	3
braw	3
boyhood	3
box	3
bower	3
bout	3
boughs	3
bottom	3
bombs	3
blushing	3
blows	3
blithe	3
blazing	3
blame	3
bisects	3
bind	3
big	3
betwixt	3
berkley	3
belly	3
beholds	3
begrimed	3
begat	3
beauteous	3
bead	3
bawl	3
bauble	3
bathing	3
barnet	3
barely	3
bared	3
barbarous	3
bane	3
balmy	3
balls	3
bald	3
baird	3
backs	3
babes	3
awaits	3
await	3
avail	3
attention	3
attack	3
assumed	3
ash	3
arrived	3
arrayed	3
armour	3
armies	3
argha	3
approve	3
anticipation	3
answered	3
answer	3
annals	3
anchor	3
amongst	3
amidst	3
although	3
alter	3
altar	3
aloud	3
almost	3
alleghanies	3
alack	3
al	3
ain	3
agony	3
aged	3
adore	3
add	3
ad	3
actions	3
action	3
acre	3
account	3
accord	3
abject	3
abide	3
abed	3
aback	3
^	3
],	3
.;	3
('	3
';	3
"^	3
""'	3
»	2
zest	2
zephyr	2
yourself	2
yoursel	2
you've	2
yore	2
yelp	2
yells	2
yellow	2
yawns	2
yawning	2
yarn	2
yards	2
wronged	2
writhed	2
wrinkled	2
wretches	2
wretchedness	2
wreaths	2
wrapped	2
wove	2
would'st	2
worsted	2
worshipped	2
worry	2
worldly	2
wooing	2
wooes	2
wooded	2
woo	2
wondered	2
won't	2
women	2
womanly	2
wives	2
witness	2
withered	2
withdrew	2
withal	2
winters	2
wine	2
windowpane	2
willy	2
wildly	2
wield	2
wickedness	2
whorled	2
whitman	2
whiter	2
whistling	2
whistled	2
whisper	2
whirls	2
whip	2
whim	2
whigs	2
whether	2
wherefore	2
whelp	2
whatever	2
welfare	2
welcoming	2
welcome	2
weaving	2
weapons	2
weakness	2
wayne	2
waxed	2
waved	2
watching	2
wasted	2
wasn't	2
warfare	2
warbler	2
wants	2
wanted	2
wandering	2
wandered	2
wander	2
wan	2
waltzing	2
waking	2
waked	2
waits	2
wait	2
waft	2
wae	2
wabash	2
votre	2
vortex	2
volumes	2
vol	2
vogue	2
visited	2
visit	2
visions	2
violet	2
vines	2
vigour	2
viewed	2
victorious	2
vertical	2
verses	2
verra	2
vernal	2
veins	2
vault	2
variation	2
ut	2
used	2
urged	2
upturning	2
uprose	2
uproar	2
upo	2
uplifts	2
untold	2
unrest	2
unlettered	2
uniontown	2
unhappy	2
ungrateful	2
unequal	2
undismayed	2
understood	2
understanding	2
ugly	2
ua	2
ty	2
twine	2
twig	2
twenty-seven	2
twang	2
twa	2
turneth	2
tumult	2
tue	2
tucked	2
try	2
trunk	2
trumpet	2
trodden	2
triumphant	2
tribe	2
treasured	2
treasure	2
treachery	2
traveller	2
travel	2
transport	2
traders	2
trader	2
tracks	2
township	2
towns	2
towers	2
tould	2
tough	2
touching	2
tory	2
tortures	2
tortured	2
torment	2
tore	2
tor	2
tops	2
tones	2
tomahawks	2
toils	2
toed	2
tocsin	2
title	2
tither	2
tired	2
tip	2
ticks	2
thyself	2
thunders	2
thundering	2
thud	2
thrust	2
throwing	2
throweth	2
threatening	2
threat	2
thorns	2
thither	2
thief	2
thicket	2
theory	2
thence	2
thai	2
text	2
terrene	2
tents	2
tenth	2
tendered	2
telescope	2
te'te	2
tax	2
taste	2
tarn	2
tangled	2
taking	2
taketh	2
swirling	2
swine	2
swell	2
sweeps	2
sweeping	2
swearing	2
swath	2
swains	2
sustain	2
survey	2
surprised	2
surpassed	2
surge	2
sur	2
suppressed	2
supposed	2
support	2
supernatural	2
sunburnt	2
sums	2
summoned	2
summit	2
sulphur	2
suitor	2
suit	2
suffice	2
sucketh	2
succession	2
struggling	2
struggle	2
stronghold	2
stroke	2
strives	2
stripped	2
strip	2
strings	2
stride	2
stretched	2
strapped	2
stole	2
stir	2
stinson	2
sticks	2
steps	2
steaming	2
steamboats	2
staunch	2
statue	2
stated	2
starting	2
stark	2
stalked	2
stained	2
staff	2
spur	2
sprout	2
spreading	2
spray	2
spoils	2
spoil	2
spiritual	2
spinster	2
spheres	2
speck	2
speaking	2
spark	2
spared	2
span	2
sovereign	2
sources	2
sour	2
souls	2
sou	2
soothe	2
soot	2
somewhere	2
sombre	2
solitude	2
softest	2
socks	2
socket	2
snatched	2
snare	2
smote	2
smoking	2
smocks	2
smith	2
smiling	2
smiles	2
slumbers	2
slit	2
slime	2
slightly	2
slew	2
sleet	2
sleepers	2
slaughtered	2
slaked	2
slabs	2
skulls	2
skelter	2
sirs	2
sired	2
sinless	2
sings	2
sinclair	2
simpson	2
similar	2
signs	2
signifying	2
signifies	2
sighs	2
shuddered	2
shrouds	2
shrill	2
shown	2
shower	2
shoulder	2
shoots	2
shivering	2
shine	2
shifting	2
shift	2
shells	2
sheet	2
sheep	2
shawnee	2
shawl	2
shaw	2
shattered	2
shapely	2
shapeless	2
shaped	2
shamed	2
shadowed	2
sex	2
settlers	2
settlements	2
setting	2
sets	2
ses	2
served	2
serpents	2
series	2
sequence	2
sensuous	2
sensation	2
sen	2
semblance	2
sell	2
selfish	2
seizeth	2
seest	2
seemeth	2
sedition	2
section	2
secrecy	2
seaweed	2
seated	2
season	2
seared	2
searching	2
search	2
seal	2
screech	2
scowl	2
scourge	2
scotchmen	2
scored	2
scientific	2
sceptres	2
scenes	2
scarlet	2
scampered	2
scalped	2
saying	2
sangs	2
sandwich	2
sally	2
sair	2
sailor	2
sagacity	2
sable	2
ruthless	2
ruin	2
ruffian	2
row	2
rover	2
rouse	2
rounds	2
rotting	2
rosy	2
roots	2
roof	2
romans	2
rolled	2
roast	2
roared	2
roam	2
rn	2
rive	2
riseth	2
rins	2
rings	2
ringed	2
rift	2
rides	2
riches	2
richard	2
rich	2
ribbon	2
rhymes	2
rewarded	2
revolutionary	2
reviews	2
reverie	2
revellers	2
revelled	2
revel	2
retired	2
resulted	2
result	2
rests	2
restrain	2
restored	2
resting	2
respectable	2
resounds	2
resound	2
resolved	2
resistance	2
resign	2
require	2
request	2
reputation	2
replyeth	2
rend	2
remove	2
remind	2
remembered	2
remained	2
remain	2
religion	2
relationship	2
relate	2
rejoice	2
reigns	2
regard	2
refuge	2
reflecting	2
reed	2
redstone	2
redmen	2
reddened	2
redcoats	2
recurring	2
recreating	2
recollect	2
recognition	2
reclines	2
receiving	2
reasons	2
rears	2
reaping	2
reap	2
realm	2
realities	2
ravine	2
ravenous	2
raven	2
rascals	2
rare	2
rapids	2
ramparts	2
rally	2
railway	2
raiiroad	2
rags	2
rages	2
queen	2
quebec	2
quarters	2
qualities	2
quaking	2
quake	2
quaff	2
putteth	2
puts	2
pursuing	2
purse	2
purchased	2
pulpit	2
pu	2
prowess	2
providence	2
protracted	2
proposed	2
proportion	2
prophetic	2
properties	2
prom	2
prolonged	2
project	2
profound	2
produced	2
primaeval	2
priest	2
prevailing	2
preserved	2
prepares	2
preceding	2
preach	2
powers	2
pound	2
possession	2
possesses	2
ponderous	2
pond	2
poll	2
politics	2
pointing	2
ploughshare	2
plots	2
plied	2
plentiful	2
pleasures	2
pleasure	2
plead	2
plays	2
plaintive	2
pistol	2
pirates	2
pines	2
pierce	2
phrensied	2
phrase	2
phenomenon	2
phantom	2
pestilence	2
pervades	2
person	2
perished	2
period	2
perfection	2
perched	2
pearls	2
pearl	2
peacefu	2
pause	2
patient	2
passive	2
passionate	2
parents	2
par	2
pallor	2
pains	2
owls	2
oweth	2
overpowered	2
overjoyed	2
outward	2
outrage	2
ourselves	2
ounds	2
ouldham	2
orphans	2
organism	2
ore	2
orb	2
opening	2
olden	2
oi	2
office	2
odour	2
odd	2
occurrence	2
observed	2
observation	2
obscured	2
obliged	2
oars	2
oallatin	2
nymph	2
nuts	2
nuiks	2
ns	2
nourishing	2
nourish	2
notion	2
notable	2
nostril	2
nnd	2
nineteenth	2
nimble	2
nick	2
nevermore	2
negress	2
neddy	2
neath	2
nearest	2
nearer	2
nations	2
natal	2
narrow	2
nameless	2
nail	2
mutineers	2
muskingum	2
muskets	2
murky	2
murderin	2
murderers	2
multitude	2
multiplied	2
multiple	2
muddy	2
mower	2
mounted	2
mount	2
moulder	2
mottled	2
motion	2
motherless	2
mortals	2
mope	2
moor	2
month	2
monody	2
molehill	2
moist	2
model	2
mode	2
mockingbird	2
mockery	2
moaning	2
moaned	2
mm	2
mixed	2
mistaken	2
mission	2
mira	2
minutes	2
minstrelsy	2
minstrel	2
ministers	2
minions	2
minds	2
mimus	2
mimic	2
milky	2
military	2
mien	2
midsummer	2
mesh	2
mentioned	2
ment	2
memorable	2
membranes	2
melting	2
melodies	2
mellow	2
melancholy	2
mekean	2
measures	2
measure	2
mcmillan	2
mcclean	2
mayest	2
maun	2
maul	2
matchless	2
masters	2
massa	2
marvellous	2
martha	2
marking	2
marching	2
mantling	2
manor	2
manito	2
malheureux	2
maketh	2
maidens	2
magnified	2
magical	2
magazine	2
mad	2
macurdy	2
lusty	2
lungs	2
lulled	2
luckless	2
lovers	2
lovelorn	2
louisville	2
loudon	2
louder	2
lose	2
loretto	2
lore	2
loosely	2
looming	2
lookout	2
lock	2
loathsome	2
llgonier	2
livelong	2
literary	2
lit	2
listening	2
liquor	2
liquid	2
linnin	2
linger	2
linen	2
lincoln	2
limb	2
likeness	2
lighter	2
lifts	2
lifeless	2
licking	2
lick	2
library	2
liberal	2
liar	2
levin	2
level	2
lengthened	2
lear	2
leap	2
leaned	2
leagues	2
leagued	2
leads	2
leading	2
leadeth	2
leader	2
lazy	2
layeth	2
lawn	2
laureled	2
laughs	2
lately	2
lasted	2
lapped	2
lank	2
language	2
lamenting	2
knocks	2
kittle	2
kittanning	2
kings	2
kindled	2
kentucky	2
kenneled	2
kate	2
jump	2
jumonville	2
judgement	2
joyous	2
journal	2
johnston	2
johnny	2
jingles	2
jimsonweed	2
jack	2
ivy	2
ithers	2
irregulars	2
irishman	2
io	2
investigation	2
insurrectionists	2
instinctive	2
instantly	2
insatiate	2
inmates	2
inland	2
injured	2
inhabited	2
ingratitude	2
ing	2
inevitable	2
industry	2
industrial	2
indrawn	2
indisputable	2
indicated	2
indecision	2
inclined	2
incarnate	2
inanimate	2
importance	2
impatient	2
impassioned	2
impart	2
illustrate	2
illigant	2
ill-fated	2
il	2
ihe	2
idol	2
idle	2
i"•	2
hurrying	2
hurry	2
hunger	2
hundreds	2
humblest	2
hugh	2
htm	2
howling	2
household	2
hounds	2
horseback	2
horrors	2
hoot	2
honours	2
honey	2
hon	2
hollowed	2
holes	2
holds	2
holding	2
hoge	2
hoe	2
hoarfrost	2
hls	2
hit	2
histories	2
hissing	2
hint	2
hind	2
highwaymen	2
highway	2
hides	2
heroine	2
herbs	2
hellish	2
heeds	2
heaviness	2
heavenly	2
heathen	2
heaps	2
healing	2
headed	2
ha°k	2
hazel	2
hatred	2
hat	2
harsh	2
harrison	2
harmony	2
hare	2
hardly	2
harder	2
happiest	2
han	2
halved	2
halt	2
halo	2
halkets	2
hadst	2
habitation	2
gushed	2
gurgle	2
gum	2
gulf	2
guest	2
guards	2
guarded	2
growing	2
grope	2
groom	2
groaned	2
grieves	2
grieve	2
greetin	2
greene	2
gratitude	2
grateful	2
grate	2
grandmother	2
graceful	2
gracchi	2
gowd	2
gouge	2
gorge	2
goods	2
goggled	2
goal	2
gnaw	2
glows	2
gloriously	2
globe	2
gloaming	2
glitter	2
glide	2
glaring	2
glance	2
glamour	2
gladness	2
gintleman	2
gills	2
gilded	2
gift	2
gibson	2
gets	2
germany	2
geneva	2
generous	2
geese	2
gazed	2
gathers	2
garrison	2
garb	2
gar	2
gallows	2
galleys	2
galaxy	2
g	2
futurity	2
furnish	2
fungus	2
fu	2
fruits	2
froze	2
frowned	2
frown	2
frontier	2
frolic	2
frogs	2
friendship	2
fretting	2
frequented	2
frantic	2
franklin	2
fowle	2
founded	2
forward	2
forty	2
forts	2
fortnight	2
forthwith	2
forsake	2
formal	2
forked	2
forget	2
forbes	2
forbade	2
fondling	2
folly	2
follow	2
foil	2
foeman	2
flying	2
fluttering	2
flushed	2
flurry	2
flows	2
flowery	2
flourished	2
flourish	2
floods	2
flocks	2
flock	2
float	2
flees	2
fleecy	2
flashed	2
flap	2
fj	2
fissures	2
fireflies	2
findley	2
finding	2
findeth	2
finally	2
figures	2
fifty	2
fife	2
fie	2
fetch	2
ferguson	2
fences	2
fence	2
feats	2
feast	2
favour	2
fated	2
fat	2
fashion	2
farthest	2
famous	2
famed	2
faltering	2
faithless	2
faded	2
fade	2
factions	2
faces	2
faced	2
fables	2
fa	2
eyeballs	2
exulting	2
extinguish	2
expired	2
experiments	2
expectation	2
expect	2
expanding	2
exhibit	2
exhausted	2
execution	2
exclaimed	2
exchange	2
exactly	2
evolved	2
evolution	2
evidence	2
everywhere	2
everything	2
event	2
eve	2
evacuation	2
essayeth	2
esq	2
espied	2
erroneously	2
erelong	2
erected	2
epigram	2
entombed	2
enthusiasm	2
enter	2
ensign	2
ensanguined	2
enraptured	2
enough	2
enfeebled	2
enemies	2
encircles	2
embracing	2
embraced	2
embodiment	2
emblem	2
eldritch	2
elaborate	2
eighty	2
een	2
eddying	2
ecstatic	2
economy	2
echoing	2
echoed	2
ebenezer	2
earthy	2
earliest	2
eagerly	2
dwelleth	2
dusty	2
dusk	2
dungeon	2
drums	2
drowned	2
droppeth	2
droops	2
drives	2
drip	2
drew	2
dreary	2
draws	2
draught	2
drama	2
drake	2
drain	2
dragons	2
downward	2
dow	2
dong	2
don	2
dome	2
doleful	2
doing	2
doggerel	2
doff	2
doctors	2
dock	2
dochter	2
dividing	2
distressed	2
distress	2
distracted	2
distinctly	2
dissolves	2
dissolved	2
dispute	2
displays	2
disgust	2
disease	2
disdain	2
discriminating	2
discoveries	2
discordant	2
discord	2
disclaim	2
discern	2
dirty	2
dirge	2
directly	2
directed	2
dip	2
dimple	2
dim	2
diffusing	2
difference	2
didst	2
devilish	2
despite	2
despised	2
despise	2
desperation	2
designed	2
deserters	2
desert	2
descending	2
deny	2
denny	2
den	2
demons	2
delivered	2
delirious	2
delicate	2
degree	2
defying	2
define	2
defiance	2
defended	2
defeated	2
deepest	2
deemed	2
deductions	2
dedicated	2
decree	2
decline	2
declared	2
deceived	2
deaffening	2
deafening	2
dazzled	2
dawning	2
dave	2
dauntless	2
date	2
dashed	2
darts	2
darting	2
daring	2
dance	2
daintily	2
daddy	2
current	2
curl	2
cups	2
cumberland	2
crush	2
crowns	2
crimes	2
creeping	2
creature	2
creates	2
crape	2
cramped	2
cows	2
cowards	2
covering	2
cover	2
courtier	2
courtesy	2
coursing	2
counties	2
cotton	2
corrupted	2
corner	2
cork	2
cords	2
copper	2
convolutions	2
convicted	2
convey	2
convenience	2
contrasts	2
contrary	2
construction	2
consisted	2
consequence	2
consecrated	2
conquering	2
confessed	2
condemned	2
conclude	2
comprised	2
comprehensible	2
comprehending	2
compose	2
completely	2
complain	2
comparison	2
companion	2
commission	2
commingling	2
commingled	2
commingle	2
commenced	2
combat	2
collector	2
coin	2
coiled	2
co	2
clutched	2
clove	2
closer	2
climbs	2
climbing	2
clearance	2
clasps	2
clarke	2
clark	2
claimed	2
civilization	2
civility	2
citizen	2
circumstance	2
circumference	2
circling	2
choked	2
chest	2
cherry	2
cherish	2
cheers	2
cheat	2
charmer	2
changes	2
changeful	2
chances	2
champions	2
champagne	2
central	2
ceased	2
cease	2
cavern	2
cautious	2
cau	2
casts	2
case	2
cart	2
carrying	2
carrion	2
carboniferous	2
car	2
captured	2
capitol	2
capital	2
cape	2
candle	2
candidate	2
canal	2
canada	2
campbell	2
campaign	2
cam	2
ca	2
bv	2
business	2
burr	2
burn	2
burlesque	2
bunker	2
bull	2
bubble	2
browsing	2
browse	2
browed	2
brooks	2
broadhead	2
britannia	2
bristling	2
brim	2
brilliant	2
brightly	2
briggs	2
brick	2
breed	2
breathing	2
breathed	2
breakfast	2
brawl	2
bravery	2
braver	2
braved	2
brains	2
bradford	2
brad	2
brack	2
bows	2
bouse	2
botes	2
bote	2
bony	2
bolt	2
boiling	2
bogus	2
boats	2
boasted	2
blustering	2
blush	2
bluff	2
blown	2
blot	2
bloodthirsty	2
block	2
bless	2
blear	2
blazon	2
blank	2
blacks	2
blackguard	2
blackest	2
blackened	2
birch	2
binds	2
bin	2
billows	2
billow	2
bier	2
bewail	2
betide	2
benjamin	2
bendeth	2
bench	2
ben	2
bellona	2
believing	2
belief	2
belated	2
behaviour	2
begin	2
begets	2
bedford	2
bedews	2
beclouded	2
beautiful	2
beatin	2
beaten	2
beasts	2
beams	2
beaming	2
beacon	2
bayonets	2
bayonet	2
bay	2
baum	2
bauds	2
battles	2
bats	2
bathed	2
bars	2
banished	2
baneful	2
bake	2
baith	2
azure	2
axis	2
awry	2
awoke	2
awaketh	2
awaiting	2
avoided	2
availed	2
aught	2
au	2
attired	2
astonished	2
assume	2
associate	2
assist	2
assembled	2
assailed	2
assail	2
aspire	2
aspiration	2
ask	2
artillerymen	2
artillery	2
arrow	2
armstrong	2
ark	2
arch	2
arc	2
april	2
approach	2
apple	2
applause	2
appendix	2
appeal	2
apparition	2
anxious	2
annual	2
animal	2
anglais	2
anchored	2
analysis	2
amplified	2
ami	2
ambush	2
ambuscade	2
amassed	2
amang	2
amain	2
allusion	2
allegheny	2
alleghany	2
alder	2
akin	2
aileth	2
ail	2
aha	2
agree	2
afternoon	2
afire	2
affrighted	2
affray	2
advances	2
adrift	2
added	2
actor	2
active	2
acquitted	2
accustomed	2
accordingly	2
accepted	2
accents	2
academy	2
abundant	2
abound	2
abode	2
>	2
4th	2
.)	2
.''	2
*"*	2
";	2
"*	2
"">	2
!''	2
™	1
•so	1
•mod	1
•:	1
•';	1
•"mri*	1
•"*	1
°™°i'ioring	1
°""pwl	1
°"	1
«urtayne	1
«ry	1
«ome	1
«lth	1
«ince	1
«"	1
«!'	1
§§	1
£	1
~	1
||||	1
|{	1
|arabicprice|	1
|'	1
zomara	1
zigzag	1
zibethicus	1
zeal	1
zane	1
yuur	1
yuughiogheny	1
yuu	1
yun	1
youths	1
youngest	1
you'll	1
yosemite	1
yonr	1
yoni	1
yokes	1
yo	1
yieldeth	1
yiel	1
yew	1
yester	1
ye're	1
ye'll	1
yc	1
yawn	1
yaur	1
yankee	1
y'oughiogheny	1
y	1
xians	1
xenial	1
x/and	1
w°rosent	1
wyeth	1
wus	1
wud	1
wttte	1
wtoen	1
wrythe	1
wry	1
writing	1
writhing	1
write	1
wring	1
wreathed	1
wreathe	1
wrathful	1
wraps	1
wrangling	1
wrang	1
wran<r	1
woundrous	1
wouldn't	1
worthless	1
worthies	1
wort	1
worships	1
worrying	1
worn>r	1
workshop	1
worked	1
woolr	1
woollen	1
woolfn>m	1
wool	1
woof	1
wooer	1
wooed	1
woody	1
woodlands	1
wooden	1
wondroas	1
wombs	1
wold	1
woeful	1
wnd	1
wm°h	1
wlul	1
wlrere	1
wlhl	1
wlffi	1
wl*aw	1
wl">m	1
wl">	1
wizzened	1
wizard	1
witty	1
wittemberg	1
witnessed	1
withouten	1
withoutefl	1
withholdeth	1
withheld	1
witches	1
witchcraft	1
wist	1
wisp	1
wisest	1
wiok	1
wint	1
wins	1
winna	1
wink	1
winging	1
windflower'sf	1
windflower	1
winchester	1
willock	1
willingly	1
willie	1
williamson	1
willed	1
wille	1
wilkin	1
wile	1
wilcome	1
wigs	1
wields	1
wiek	1
width	1
widows	1
widowed	1
widens	1
widely	1
wid'ning	1
wiandot	1
whuo	1
whs	1
whon	1
wholly	1
whoever	1
whither	1
whitened	1
whitemen	1
whiteman	1
whiteinan	1
whispers	1
whispering	1
whispered	1
whippoorwill	1
whine	1
whilo	1
whig	1
wherewith	1
wheresoever	1
whereat	1
whelke	1
wheeled	1
wheedling	1
whatsoever	1
whatl	1
what^has	1
wharves	1
wharu	1
whare'er	1
whang	1
whan	1
wham	1
whack	1
wha'l	1
wha'ist	1
wench	1
welled	1
welch	1
weiijh'd	1
weights	1
weighs	1
weighest	1
weigh	1
weevil	1
weeks	1
weekly	1
weedy	1
wedlock	1
weaves	1
weaver	1
wean	1
weal	1
weakling	1
weakest	1
wayside	1
ways	1
wavelet	1
waudereth	1
watt	1
waterspout	1
watcher	1
watched	1
watch	1
wat	1
wastes	1
wasteful	1
washingtonian	1
wash	1
warst	1
warrior.train	1
warri	1
warrant	1
warp	1
warmthot	1
warmeth	1
wark't	1
wares	1
wards	1
ward	1
warblings	1
warbles	1
warblers	1
wanteth	1
wanders	1
wand	1
waltzers	1
waltzed	1
walls	1
wallow	1
walks	1
wakit	1
wakes	1
wakening	1
waiving	1
wailing	1
wagons	1
wagging	1
wage	1
wag	1
waes	1
wads	1
wading	1
waded	1
waa	1
w'""hj	1
vxd	1
vtell	1
vrotre	1
voyage	1
vox	1
vowed	1
vote	1
vortices	1
vortical	1
von	1
volunteers	1
volunteer	1
voluminous	1
voltaire	1
volens	1
volcano	1
voieer	1
voiee	1
voices	1
vociferus	1
vivid	1
vitals	1
visitor	1
visitation	1
visible	1
visage	1
virtually	1
virgintea	1
virginians	1
virgini	1
virgin	1
violin	1
violets	1
vindictive	1
vindicate	1
villiers	1
vigorous	1
viewing	1
vieillards	1
vie	1
victors	1
victor	1
vices	1
vice	1
veterans	1
vest	1
vertebrates	1
versions	1
verified	1
ver	1
ventured	1
vent	1
venges	1
vengeful	1
venerable	1
venango	1
vel	1
veiled	1
veech	1
ve\	1
vaunts	1
vat	1
vassals	1
vase	1
varying	1
various	1
variety	1
varied	1
variations	1
vapid	1
vanity	1
vampire	1
valuable	1
valorous	1
valhalla	1
vainly	1
vacate	1
v/o	1
v.radicans	1
uumbcrs	1
uuite	1
uudimued	1
uttered	1
utter	1
utmost	1
using	1
uses	1
useless	1
usefu	1
urusing	1
urth	1
uriah	1
urge	1
upturns	1
upside	1
uprising	1
upreared	1
upou	1
uplifted	1
uphold	1
upheaved	1
uononoahela	1
unworn	1
unwiped	1
unused	1
untouched	1
untnown	1
untimely	1
unthought	1
unsuspecting	1
unsparred	1
unslung	1
unshaved	1
unscathed	1
unscarred	1
unrolls	1
unrolled	1
unrivalled	1
unrigged	1
unrevenged	1
unproductive	1
unpoetical	1
unpitying	1
unpardonable	1
unparalleled	1
unn	1
unmoved	1
unmindful	1
unlike	1
unlflora	1
unknowing	1
unkempt	1
unjustly	1
universal	1
unity	1
unite	1
unique	1
union	1
uninformed	1
unhurt	1
unhewn	1
unheeded	1
unhallowed	1
unguarded	1
ungratified	1
ungenerous	1
unfortunately	1
unfortunate	1
unfold	1
unfilled	1
unfelt	1
unfeigned	1
unfading	1
unexplored	1
unerring	1
undone	1
undine	1
undertakers	1
undertaker	1
und	1
uncovered	1
uncover	1
unconsciously	1
unconquerable	1
uncoiled	1
uncle	1
unburied	1
unburdens	1
unbroken	1
unbind	1
unbending	1
unbeliever	1
unbarred	1
unavenged	1
unappeased	1
unanimous	1
un	1
umbrellas	1
ultimate	1
ult	1
ulous	1
uixm	1
uiassue	1
uiak	1
ui	1
ueverend	1
ud	1
uble	1
tyres	1
tyrants	1
tyranny	1
types	1
tyanny	1
twn	1
twits	1
twisted	1
twirled	1
twins	1
twinkling	1
twining	1
twing	1
twineth	1
twines	1
twinborn	1
twilight	1
twere	1
twenty-sixth	1
twenty-five	1
twentieth	1
twelvemonth	1
tutted	1
tusseth	1
tusks	1
tusk	1
turvy	1
turkeys	1
turkey	1
turfways	1
turbid	1
tuppence	1
tuonstres	1
tunnel	1
tuning	1
tuned	1
tumultuous	1
tume	1
tumbledown	1
tumbled	1
tulzied	1
tugs	1
tug	1
tufts	1
tubing	1
tu	1
ttw.song	1
ttve	1
ttat	1
ttack	1
trump	1
trumbull	1
truly	1
trove	1
troutf	1
troupes	1
trough	1
trouble	1
trotter	1
trophies	1
trophied	1
trop	1
troop	1
trompe'e	1
trois	1
triste	1
trips	1
tripped	1
tripe	1
triomphantes	1
trinmphal	1
trinkets	1
trimming	1
trilling	1
trigger	1
tries	1
tricolored	1
trickle	1
trick	1
tribute	1
tributaries	1
tribuneship	1
trials	1
trial	1
trgce	1
trestle	1
trentou	1
trench	1
tremulous	1
trempe'e	1
tremendous	1
tremblingly	1
tremblest	1
trebbles	1
treaty	1
treating	1
treaties	1
traverses	1
traverse	1
travels	1
transported	1
transportation	1
transparent	1
transmutes	1
translation	1
transform	1
trampled	1
tramp	1
tram	1
trails	1
tragical	1
tragic	1
trae	1
traditionary	1
tract	1
traces	1
toying	1
toxicodendron	1
towser	1
towpath	1
towo	1
townships	1
towering	1
towered	1
tow	1
tour	1
touches	1
tou	1
totters	1
totter	1
totho	1
tother	1
totemic^f	1
toss.j	1
torturing	1
torrents	1
tormentor	1
tormented	1
topsj	1
topside	1
topped	1
topmost	1
toomblin	1
toom'd	1
tonnes	1
tonne	1
tongued	1
tongned	1
tomes	1
tombstones	1
tolaag	1
toits	1
toilsome	1
toeonsist	1
toddling	1
toatn	1
toaguo	1
toadstool	1
toads	1
to's	1
tnsm	1
tnourn	1
tnmy	1
tnert	1
tnav	1
tnate	1
tnarch	1
tnanly	1
tnan	1
tn	1
tms	1
tmood	1
tls	1
tlons	1
tlm""!h	1
tl>e	1
tl.e	1
tkesiceeds	1
tj	1
tiptoed	1
tiptoe	1
tipples	1
tints	1
tint	1
tinkling	1
tiniest	1
tingoocqua	1
tingles	1
timbersof	1
timbers	1
tillie	1
tile	1
tike	1
tiie	1
tightest	1
tightens	1
tieth	1
tieneral	1
tiel	1
tides	1
tidal	1
tick	1
ti	1
th«	1
thuu	1
thundered	1
thump	1
thu	1
thtngs	1
ths	1
thrusts	1
thrums	1
thrum	1
throus	1
throu<!h	1
throngs	1
throb	1
throats	1
thro"gh	1
thrifty	1
threescore	1
threatens	1
threads	1
thrawn	1
thraw	1
thrasher	1
thrapple	1
thousands	1
thousandfold	1
thousan	1
thougtless	1
thoughtless	1
thoughtful	1
thoughtfor	1
thou'lt	1
thou'dst	1
thorny	1
thoo	1
thongs	1
thong	1
thon	1
thomson	1
thole	1
thoir	1
thoh	1
thns	1
thk	1
thje	1
thistle	1
thirty-one	1
thirsty	1
thirlit	1
thinking	1
thim	1
thighs	1
thigh	1
thiek	1
thickly	1
thickets	1
they're	1
they'll	1
thewhiteness	1
thew	1
theu	1
thesusquehannai	1
therest	1
thereby	1
thereabout	1
there'd	1
theories	1
theological	1
theobserver	1
thenaropus	1
then'laurels	1
themsel	1
thejiillsides	1
their.master	1
theheadwaters	1
theft	1
thed	1
theabele	1
the.british	1
the'teeth	1
the'fool	1
the'fire	1
thanks	1
thank	1
thac	1
th^while	1
th'it	1
th"lr	1
tew	1
tether	1
terse	1
terrors	1
territion**	1
terrify	1
terrific	1
terr'tory	1
terms	1
terminated	1
terfleld	1
ter'torie	1
ter	1
tented	1
tenses	1
tenfold	1
tenderness	1
tench	1
temporary	1
temperance	1
tel	1
tee	1
technically	1
tearing	1
tearful	1
team	1
teacher	1
tb«	1
tbo	1
tbit	1
taxes	1
taxation	1
tawny	1
taut	1
taunts	1
taunt	1
tauld	1
tastes	1
tassel	1
tarry	1
tarran	1
tare	1
tapestries	1
tapestried	1
taper	1
tao	1
tankard	1
tangent	1
tanager	1
tamas	1
tallies	1
tallest	1
tainted	1
taint	1
tails	1
tailor	1
tact	1
tacked	1
tablet	1
tablelands	1
table	1
ta	1
t>ul	1
t)f	1
s«maier	1
synonym	1
symbols	1
symbolism	1
symbolise	1
symbolic	1
sycamore	1
swyche	1
swown	1
swooning	1
switch	1
swiss	1
swings	1
swingin	1
swimming	1
swim	1
swig	1
swiftly	1
swiftest	1
swerve	1
sweethearts	1
sweetheart	1
sweetest	1
sweeten	1
sweep	1
sways	1
swaths	1
swarms	1
swans	1
swankies	1
swanee	1
swam	1
swaddling	1
svho	1
sustains	1
sustained	1
sussex	1
suspected	1
surveyed	1
surrounds	1
surroundings	1
surrounding	1
surpasses	1
surmounting	1
surmounted	1
surging	1
surges	1
surgeon	1
surfeit	1
surer	1
surcharged	1
supports	1
supporting	1
supporters	1
supply	1
supplies	1
supplied	1
supplicating	1
supplements	1
supplemental	1
supple	1
supplanted	1
superstitious	1
superstitions	1
sunset	1
sunday	1
sunbeam	1
sump	1
summons	1
summon	1
summits	1
summers	1
sullivan	1
suggestion	1
suggesting	1
sug	1
sufficient	1
sufficed	1
sufferings	1
sufferer	1
suffer	1
suet	1
sued	1
suctioned	1
sucks	1
sucked	1
suck	1
successor	1
succeed	1
subtlest	1
substituted	1
substance	1
suborned	1
submission	1
sub	1
sua	1
su	1
stythe	1
styles	1
styled	1
style	1
stupidity	1
stumbling	1
stuffed	1
student	1
stuck	1
strutting	1
strung	1
struggles	1
strove	1
strore	1
strongly	1
strongholds	1
stronger	1
strokes	1
strod	1
strips	1
stripes	1
strict	1
striatum	1
strewn	1
stretch	1
strengthening	1
strengthened	1
strengthen	1
streamlets	1
streamers	1
stray	1
straws	1
stratified	1
strathspreys	1
stratagem	1
strands	1
stramonium	1
strains	1
straineth	1
strained	1
straightway	1
straighten	1
straidelt	1
strae	1
straddled	1
stoystown	1
stoure	1
stormy	1
storms	1
stormed	1
storiny	1
stoops	1
stoop	1
stoning	1
stoned	1
stna	1
stixson	1
stink	1
stilting	1
stillwater	1
stillness	1
stilled	1
stifling	1
stifles	1
stifi	1
stiffen	1
stiff	1
stick	1
stevenson	1
sternly	1
sterling	1
stepping	1
stems	1
steers	1
steeps	1
steamboat	1
steam	1
stealthy	1
stead	1
stays	1
stave	1
staunching	1
statuary	1
stations	1
statement	1
starving	1
starved	1
starts	1
startles	1
started	1
stareth	1
stares	1
stared	1
starboard	1
staples	1
standeth	1
standest	1
stander	1
standards	1
stamped	1
stall	1
stalk	1
staked	1
stair	1
stains	1
staid	1
stahlstown	1
stagger	1
stadard	1
stabbed	1
srrey	1
sring	1
sre	1
sraddock	1
squnds	1
squirrel	1
squire	1
square	1
squall	1
squadrons	1
squadron	1
sqadrons	1
sp|diers	1
spy	1
spurned	1
spurn	1
sprite	1
sprinkle	1
springtide	1
springs	1
springfield	1
spouse	1
sports	1
sporting	1
sported	1
spoon	1
spoilin	1
splits	1
splints	1
splinters	1
splintering	1
splendid	1
splashing	1
spit	1
spirited	1
spire	1
spinning	1
spines	1
spine	1
spill	1
spike	1
spied	1
spendthrift	1
spendest	1
spen	1
spellbound	1
speetre	1
speedy	1
speeds	1
speeding	1
speedeth	1
speechless	1
speeches	1
speeche	1
species	1
spearing	1
speaketh	1
speaker	1
spatter	1
sparkles	1
spans	1
spanish	1
spalpeens	1
spain	1
sows	1
southeast	1
sous	1
sounding	1
souill^s	1
soubriquet	1
sorry	1
sorrows	1
sorrowing	1
sorely	1
sorceress	1
sorcerer	1
soourin	1
soothed	1
songster	1
songe	1
solitary	1
solely	1
soled	1
soldi	1
solar	1
solace	1
soient	1
sogers	1
softly	1
softer	1
soften	1
soent	1
socrates	1
sockets	1
society	1
sobered	1
so'still	1
snug	1
snuff	1
snread	1
snowy	1
snows	1
snore	1
sniff	1
sneeze	1
sneeshin	1
snd	1
sncceeding	1
snatches	1
snatch	1
smull	1
smothered	1
smooth	1
smoky	1
smokin	1
smoked	1
smitten	1
smellers	1
smashers	1
smart	1
smallest	1
slumbering	1
slumber	1
slowly	1
slouch	1
sloth	1
sloping	1
slippy	1
slippers	1
slipped	1
slim	1
slender	1
sleeves	1
sleepy	1
sleepest	1
sleely	1
sleekit	1
slee	1
sledge	1
sled	1
slaw	1
slavery	1
slashed	1
slarn	1
slanting	1
slaketh	1
slackened	1
skirt	1
skirlit	1
skip	1
skilled	1
sketch	1
skeleton	1
sjueen	1
sizing	1
size	1
sixty	1
sixth	1
siul	1
situation	1
sitting	1
site	1
sipped	1
sip	1
sions	1
sinsyne	1
sinner	1
sinketh	1
sinistre	1
singular	1
singled	1
singers	1
singe	1
sinewy	1
simulates	1
simulacrum	1
sillye	1
silkworm	1
silamour	1
siicks	1
signify	1
signet	1
signed	1
signal	1
sighted	1
sieyes	1
siege	1
sickness	1
sickeneth	1
si	1
shuwl	1
shuts	1
shuffles	1
shrub	1
shrinks	1
shrink	1
shrine	1
shrielt	1
shrieking	1
showy	1
showering	1
shouted	1
shouldn't	1
shop	1
shootyou	1
shooting	1
shoes	1
shod	1
shoal	1
shlppensburg	1
shivered	1
shiver	1
shirt	1
shirley	1
shirk	1
ships	1
shipping	1
shipped	1
shins	1
shining	1
shifts	1
shield	1
sherry	1
sheltering	1
shelter	1
sheath	1
sheared	1
she'd	1
shcfik	1
shawnese	1
shawnees	1
shaven	1
shaved	1
shatne	1
sharply	1
sharpened	1
sharp	1
sharks	1
shanting	1
shameless	1
shaking	1
shakes	1
shafts	1
shading	1
sfonon	1
sfght	1
sextons	1
sewer	1
sewed	1
sew	1
severer	1
severe	1
severance	1
seventy-six	1
seventy-four	1
seventy	1
seventh	1
seventeenth	1
settlement	1
settled	1
settle	1
session	1
services	1
servants	1
sergeant	1
serene	1
seraph	1
sepulchral	1
separation	1
separating	1
separate	1
sentry	1
senthiln	1
sensitive	1
sensations	1
semitransparent	1
selves	1
selection	1
selected	1
select	1
seethes	1
seethe	1
seesawed	1
seeps	1
seeming	1
seeking	1
seeketh	1
seeble	1
see't	1
secrets	1
secretaries	1
seclusion	1
sec	1
sear	1
seams	1
seamen	1
sealed	1
seagreen	1
scurvy	1
scum	1
sculptors	1
sculptor	1
scroll	1
screw	1
screened	1
screaming	1
scratch	1
scraping	1
scraped	1
scraggy	1
scraggit	1
scowled	1
scouts	1
scouting	1
scottish	1
scots	1
scotland	1
scotch	1
scorned	1
scorched	1
scops	1
scope	1
scons	1
scoffing	1
scientist	1
schuylers	1
schooners	1
schoolhouse	1
scholar	1
scented	1
scent	1
scare	1
scanty	1
scampering	1
scabbards	1
sayeth	1
say't	1
saxpence	1
saxon	1
savoury	1
savour	1
saveth	1
saves	1
savedst	1
savants	1
savannahs	1
sav	1
saurian	1
saunter	1
saudusky	1
saucy	1
sau	1
satisfy	1
satisfactory	1
sated	1
sash	1
sartin	1
sargent	1
saratogue	1
saratoga	1
sarah	1
sar	1
sapling	1
sansculottes	1
sans	1
sanglants	1
sanctuary	1
sanctity	1
sanctify	1
sanctified	1
sample	1
sam	1
salutes	1
saltworks	1
saltwater	1
salmon	1
salmo	1
sallies	1
salix	1
salem	1
sainted	1
sails	1
sailing	1
sagging	1
sagacious	1
safer	1
safely	1
safe.in	1
saddles	1
sacrilege	1
sacrificing	1
sabbath	1
sa	1
s[milic	1
rye	1
rwt	1
rustles	1
rustle	1
rustic	1
rushes	1
rupp	1
running	1
runneth	1
runaway	1
rum	1
ruled	1
rul'j	1
ruins	1
rugings	1
ruefu	1
ruby	1
rubrum	1
rubra	1
rubies	1
rubbing	1
ru/its	1
rtie	1
rtake	1
rs	1
rpjoiced	1
rows	1
rove	1
routed	1
rousseau	1
rounded	1
rottenest	1
rothid	1
rotation	1
rot	1
ross	1
rosebud	1
ropu	1
rope	1
rooted	1
romance	1
rolicsome	1
role	1
rogues	1
rogue	1
roeks	1
roek	1
rodneys	1
rockets	1
rocked	1
robs	1
robbkr	1
robbery	1
robbers	1
rob	1
roaming	1
roads	1
rnunqua	1
rne	1
rlbber	1
rkview	1
ri|ks	1
rivulets	1
riverside	1
riveries	1
rival	1
rivages	1
riuisetls	1
risks	1
risked	1
risetb	1
rises	1
ris	1
rippled	1
ripping	1
ripe	1
rioted	1
ringlets	1
ringin	1
rin	1
rill'a	1
riitce	1
rigid	1
righteous	1
rigging	1
rifles	1
riding	1
ridin	1
ridicule	1
rider	1
richmond	1
richly	1
ribbons	1
ribban	1
ribald	1
ri	1
rhythmic	1
rhythm	1
rhus	1
rhns	1
rhlan	1
rhees	1
rhe	1
rfse	1
revolves	1
reviving	1
revival	1
revision	1
reviewing	1
review	1
revered	1
revengefully	1
revelling	1
revealing	1
rev	1
reunion	1
returns	1
retrieve	1
retributive	1
retreated	1
retnovtd	1
retiring	1
retard	1
resulting	1
restores	1
restoration	1
restless	1
responsive	1
responded	1
respect	1
resort	1
resoner	1
resolving	1
resolves	1
resolution	1
resolute	1
resnlting	1
resistlesh	1
resisting	1
resist	1
resigned	1
resided	1
resembles	1
resemblance	1
rescuer	1
rescue	1
requisite	1
requires	1
required	1
requiem	1
republtcation	1
reproductive	1
reproduce	1
repressed	1
repress	1
representatives	1
representationsod	1
representation	1
repose	1
reply	1
repairs	1
renr>y	1
renewed	1
renew	1
renegade	1
rending	1
rendering	1
render	1
removing	1
remotest	1
remorse	1
remnant	1
reminds	1
remembers	1
remem	1
remarched	1
remaining	1
relio'd	1
relentless	1
relatives	1
relative	1
relationships	1
relations	1
relates	1
rekindled	1
rejoiee^	1
rejoicing	1
reinforcement	1
rein	1
reigned	1
reign	1
rehearse	1
regarding	1
regained	1
reg'lars	1
refusing	1
refusal	1
refrain	1
reflected	1
reflect	1
refinements	1
refined	1
reference	1
reeliag	1
reel	1
reeds	1
reduces	1
redoubt	1
redoubles	1
redheaded	1
redeeming	1
redder	1
reddens	1
reddening	1
recruits	1
recreant	1
recounting	1
records	1
record	1
recommended	1
recollections	1
recognisable	1
recoect	1
recline	1
reckoning	1
reckon	1
recitavo	1
reception	1
recent	1
receives	1
receding	1
recall	1
rebellious	1
rebecca	1
realms	1
reality	1
realisation	1
real	1
reads	1
readily	1
readeth	1
reaches	1
razor	1
ravished	1
raves	1
ravels	1
ravel'd	1
ravaged	1
rattta	1
rattled	1
rating	1
rate	1
rasp	1
rashid	1
rapp	1
rapine	1
rapidly	1
rank	1
rambling	1
rambles	1
rambler	1
rambled	1
rake	1
raisin	1
raises	1
rains	1
rainbow	1
raiment	1
railroad	1
railing	1
raggit	1
rafts	1
rafe	1
radient	1
radiant	1
racing	1
quoth	1
quivers	1
quiv'riog	1
quiv'reth	1
quitting	1
quintessence	1
quinces	1
quin	1
quietly	1
quiet	1
quicker	1
quicken	1
qui	1
question	1
quesne	1
quenching	1
quels	1
quel	1
quay	1
quarrel	1
quar	1
quantity	1
qualify	1
quaintly	1
quadruped	1
quackery	1
q	1
pyre	1
pyranga	1
puzzled	1
putting	1
putnam	1
pust	1
pursues	1
pursuer	1
purports	1
purify	1
purer	1
puncheon	1
pump	1
pulse	1
pucksaddlef	1
publisher	1
publicly	1
ptt	1
pterodactyl	1
psalms	1
psalm	1
prqjets	1
prowling	1
prowler	1
prow	1
provoking	1
provisions	1
provinces	1
province	1
provide	1
proverbjj	1
proverb	1
proven	1
provance	1
proudest	1
protruding	1
proto	1
prothonotary	1
prosperous	1
prospered	1
proposal	1
propitious	1
prophesy	1
proper	1
propensities	1
propelling	1
proof	1
pronounced	1
prompter	1
prompt	1
promised	1
prominence	1
promethean	1
prolong	1
prologue	1
projects	1
proie	1
profit	1
professor	1
profession	1
profered	1
productions	1
production	1
product	1
procured	1
proclamation	1
proclaimed	1
processes	1
process	1
proceeds	1
proceeded	1
probably	1
pro	1
privileges	1
privilege	1
privates	1
private	1
prithee	1
printer	1
principles	1
principally	1
prime	1
pries	1
prie	1
pricks	1
prickly	1
prick	1
previously	1
previous	1
prevailed	1
prevail	1
pretensions	1
pretence	1
presumptuous	1
presume	1
presumably	1
prestonpans	1
pressing	1
presided	1
preserve	1
presents	1
presently	1
presented	1
presentation	1
presbytery	1
presarve	1
presage	1
prepossessions	1
preparation	1
prematurely	1
prefixed	1
preference	1
preferably	1
precedes	1
preachers	1
preached	1
pre	1
prayeth	1
prattler	1
prattled	1
praised	1
practised	1
practice	1
pr	1
powerful	1
pounds	1
pother	1
potentate	1
potatoes	1
pot	1
posthaste	1
possum	1
possible	1
possessor	1
possessed	1
possess	1
position	1
portugal	1
ports	1
portrayed	1
portion	1
portended	1
portals	1
portal	1
pork	1
pori	1
pore	1
populous	1
popularity	1
populace	1
popuhis	1
pops	1
pools	1
polyfflottus	1
pollute	1
politician	1
politely	1
poled	1
polar	1
poke	1
poison	1
poised	1
poets	1
poetic	1
poenu	1
pocket	1
pock	1
pmniona	1
plymouth	1
ply	1
plunged	1
plunge	1
plume	1
plumbs	1
plumage	1
plugged	1
pluck	1
plight	1
pleted	1
pleiades	1
plegnot	1
plee'to	1
pleas	1
pleading	1
plea	1
plause	1
planters	1
plantations	1
planned	1
plane	1
plalanus	1
plaint	1
pl	1
pjepare	1
pitying	1
pitting	1
pits	1
pitp	1
pitjing	1
pitiful	1
pitched	1
pistols	1
pissed	1
pirns	1
pipe§§	1
pipej	1
pipee	1
pious	1
pioneers	1
pins	1
pinnacled	1
pinions	1
pinch	1
pilot	1
pillow	1
pilled	1
pillage	1
pill	1
pilgrim	1
pike	1
pigmy	1
piek	1
pictured	1
picture	1
picks	1
picking	1
pickets	1
pibroch	1
physician	1
physical	1
phosphoric	1
phosphorescent	1
phoebus	1
philistiens*	1
phenomena	1
peut	1
petroleum	1
petaled	1
petal	1
pet	1
perverted	1
perversion	1
pervaded	1
pervade	1
pertinaz	1
pert	1
persuasion	1
persuade	1
persevered	1
perpetuates	1
perpetuate	1
perjures	1
perish	1
periphery	1
perfume	1
performed	1
perform	1
perforce	1
perforation	1
perforated	1
perforate	1
perfectly	1
perdition	1
percy	1
perclval	1
perceive	1
perce	1
per	1
peoples	1
peopled	1
pensive	1
pension	1
penna	1
penn	1
pence	1
peltry	1
pelted	1
pelmells	1
peers	1
peeps	1
pecked	1
peck	1
pebbled	1
peasant	1
pearled	1
peaoefulie	1
peals	1
pealing	1
peaches	1
peaceful	1
peaceable	1
pe>ir	1
pdst	1
payment	1
paull	1
pattern	1
patriots	1
patriot	1
patience	1
pathos	1
pathless	1
paternity	1
pate	1
pat	1
passeth	1
passage	1
pas	1
parts	1
partook	1
parties	1
particulars	1
parted	1
parte	1
partakes	1
partake	1
parnassus	1
parlours	1
parental	1
parent	1
pardon	1
pardee	1
pard'ning	1
parched	1
parapet	1
parallel	1
paragraphs	1
paraded	1
parade	1
paoli	1
panting	1
pans	1
panorama	1
panic	1
pamphlet	1
paltry	1
palsy	1
palsied	1
palpitants	1
pallid	1
pallas	1
pall	1
painting	1
pained	1
paine	1
pail	1
pahela	1
paekaatldle	1
packsaddle	1
packet	1
packed	1
pack	1
pabulum	1
oxidised	1
oxide	1
oxen	1
owing	1
ow	1
ovoid	1
overwhelming	1
overtook	1
overthrew	1
overtakes	1
overtake	1
overstepped	1
overlooking	1
overheard	1
overhead	1
overflowing	1
overcast	1
overawed	1
ouverts	1
outstretched	1
outstetched	1
outshines	1
outlawed	1
outgoing	1
outbreak	1
oursel	1
ours	1
oul	1
otter	1
othtr	1
osier	1
ors	1
ornithologist	1
ormsby	1
orleans	1
orlando	1
originally	1
origin	1
oriental	1
orient	1
orgasm	1
organisations	1
organisation	1
ordinary	1
orders	1
ordained	1
orchards	1
orbs	1
oratory	1
oratorical	1
oration	1
orange	1
oracle	1
opulent	1
oppression	1
opposition	1
opposed	1
oppose	1
opportunity	1
opiates	1
operations	1
oped	1
oozings	1
oozing	1
oor	1
oooe	1
oonemaugh	1
oome	1
oo	1
onward	1
onset	1
ongress	1
ong	1
onee	1
ond	1
omnipotent	1
ominous	1
omens	1
om	1
ollered	1
olive	1
oli	1
oldham	1
oldest	1
oke	1
oiomliei'cameout	1
ohto	1
ohief	1
ohautauqua	1
ogle	1
ofthj	1
ofth	1
offspring	1
offers	1
offered	1
oes	1
oen'l	1
ode	1
occur	1
occupies	1
occupation	1
occidentalis	1
occasionally	1
occasional	1
occasion	1
observe	1
oblivion	1
obliterate	1
obeys	1
ob	1
oat	1
oarried	1
oaks	1
oaken	1
oae	1
oa	1
o'erveils	1
o'ertops	1
o'ershadowing	1
n«ville	1
nymphs	1
nut	1
nursery	1
nurse	1
nund	1
numr	1
numerous	1
nume	1
numbered	1
nudged	1
nude	1
nr	1
npon	1
nowt	1
nowadays	1
novel	1
nousaient	1
nous	1
notwithstanding	1
notions	1
noting	1
noted	1
noses	1
nos	1
norway	1
northumberland	1
northern	1
norn	1
noou	1
nonce	1
noisy	1
noiseless	1
nodding	1
nodded	1
nobody	1
nobler	1
nndergo	1
nnaccountableappeal	1
nn	1
nlng	1
nlied	1
nky	1
niuking	1
niud	1
nittany	1
nirvani	1
nipped	1
nim	1
nilpreterea	1
nightshade	1
nightly	1
nicholson	1
niagaba	1
ngns	1
newts	1
newspapers	1
newspaper	1
newly	1
nevin	1
neville	1
nevertheless	1
neur	1
netrurrosa	1
net	1
nesting	1
nest	1
nerves	1
nennlsen	1
nemesis	1
nelsons	1
neighbouring	1
neglected	1
needy	1
needst	1
needs	1
need'the	1
necromancy	1
necker	1
necessities	1
necessary	1
necessarriry	1
nddress	1
nd	1
navigated	1
naval	1
naturalised	1
nately	1
nashing	1
narrowed	1
narrator	1
narrative	1
napkins	1
nanght	1
named	1
nails	1
nailed	1
naen	1
n'eteint	1
myriads	1
mute	1
musty	1
mustering	1
mustered	1
mustac	1
musky	1
musie	1
musician	1
musical	1
mush	1
muses	1
muscular	1
muscle	1
musca	1
murmer	1
mure	1
murdering	1
munro	1
munn	1
munitions	1
municipal	1
multidudes	1
mule	1
muii	1
mt	1
mowed	1
movements	1
movement	1
mouut	1
mouths	1
mouthed	1
mouse	1
mourns	1
mourning	1
mournfu	1
mourners	1
mounting	1
mouldering	1
motley	1
motive	1
motions	1
moti"r	1
moth	1
mot	1
mossy	1
mosses	1
moru	1
morts	1
mortality	1
morrison	1
mornings	1
mormon	1
morever	1
moreover	1
morbid	1
moralist	1
moorex	1
moored	1
moons	1
moonlit	1
moonbe	1
moods	1
monumental	1
montrer	1
montcalm	1
monougahela	1
monotropa	1
monoogahela	1
monograph	1
monntains	1
mongh	1
monceaux	1
monarch	1
monangahela	1
molestation	1
mohawk	1
modulates	1
modestly	1
modern	1
mocked	1
mock	1
mobbish	1
mo	1
mnqnered	1
mnemonic	1
mnat	1
mj	1
mizzen	1
mixture	1
mix	1
mitt	1
mite	1
mistress	1
mistake	1
misspent	1
missing	1
misrepresent	1
misfortunes	1
misfortune	1
miserly	1
miser	1
miscreants	1
mischievous	1
mischief	1
mirthful	1
mirroring	1
mirrored	1
mired	1
mirabeau	1
minute	1
mint	1
minstrels	1
minister	1
miners	1
minerals	1
mineral	1
mimioing	1
mime	1
million	1
mille	1
milder	1
mightily	1
mightier	1
midges	1
middle	1
mice	1
miame	1
mhoulder	1
meyersdale	1
mexico	1
methinks	1
meteor	1
metal	1
messmates	1
mernbres	1
merited	1
mercer	1
mercenary	1
mentions	1
mental	1
mend	1
men'oe	1
memories	1
melts	1
melpomene	1
melons	1
melancholic	1
meed	1
mecuuourjh	1
mechanical	1
meadows	1
mcoarty	1
mcmasters	1
mcdonalds	1
mccuuongh	1
mccauly	1
mccalla	1
mazeof	1
maze	1
mayhap	1
may'i6ve"a	1
maxims	1
maws	1
mawn	1
maue	1
matron	1
matin	1
maternity	1
match	1
mat	1
masts	1
mastheads	1
massive	1
masses	1
marvellously	1
marvelling	1
martyred	1
marts	1
martin	1
mart	1
marsh	1
marry	1
marrowbones	1
marriage	1
marple	1
marks	1
market	1
marines	1
marie	1
mari	1
marches	1
manufacture	1
mantle	1
manoeuvre	1
manners	1
mangle	1
mangh	1
manes	1
mane	1
mand	1
manage	1
man-of-war	1
maks	1
maker	1
major-general	1
maist	1
maintaining	1
mains	1
mail	1
maidenhood	1
magistrate	1
maggots	1
madly	1
madding	1
maddening	1
madden	1
madame	1
mackenzie	1
macitlatum	1
maboning	1
m.d	1
lyre	1
lynx	1
lyeth	1
lyell	1
ly	1
lwo	1
luy	1
luust	1
lute	1
lut	1
lustrously	1
lustrous	1
lustreless	1
lunger	1
lung	1
lump	1
luminous	1
lull	1
luggage	1
lucky	1
luck	1
lucioug	1
lucian	1
lubric	1
luan	1
lta	1
lt	1
lr	1
loyalhanna	1
lowliest	1
lowlands	1
lowering	1
lovu	1
loveliest	1
loupt	1
louns	1
loun	1
louisiana	1
louisburg	1
lorty	1
lorn	1
lordly	1
loquacity	1
lopped	1
looms	1
looking-glass	1
loo'ed	1
loo	1
london'sf	1
lolm	1
loitered	1
lois	1
logos	1
loft	1
loed	1
lodgeth	1
locust	1
locks	1
locate	1
locality	1
lobe	1
loathesome	1
loathed	1
loath	1
loarhesome	1
loan	1
lo'l	1
llif	1
lleturn	1
lled	1
lizards	1
liveth	1
liver	1
liut	1
litterateur	1
lite	1
lists	1
listlessly	1
listened	1
lisiht	1
lipped	1
lions	1
lins	1
link	1
limpid	1
limpet	1
limonite	1
limners	1
limestone	1
limbed	1
lik«	1
liko	1
lighted	1
lievealed	1
lieu	1
liest	1
liefer	1
lied	1
lichens	1
licence	1
liberte	1
liberated	1
libations	1
libation	1
lewellyn	1
leurs	1
letting	1
letters	1
letteres	1
lessons	1
lesson	1
lesley	1
leopard	1
lenore	1
lengthy	1
lengthening	1
lengthen	1
leisure	1
legitimate	1
legislature	1
legislative	1
legged	1
leger	1
legendary	1
legenary	1
lee	1
ledire	1
ledgn	1
ledger	1
leaveth	1
leav't	1
leasel	1
lear'd	1
leaps	1
leal	1
le'en	1
lawyer	1
lawful	1
lave	1
launches	1
launched	1
laughing	1
laughin	1
latin	1
lather	1
latham	1
latest	1
later	1
latch	1
lasting	1
lashes	1
lash	1
larvl	1
larva	1
larger	1
larboard	1
lapsing	1
laps	1
laot	1
lantern	1
languages	1
landscape	1
landing	1
landed	1
lancets	1
lancaster	1
lamps	1
lamplight	1
lamentation	1
lamenta	1
lame	1
lambs	1
lambent	1
lam	1
laintly	1
lain	1
lady'g	1
ladt	1
lads	1
laddy	1
ladder	1
lacking	1
lacerated	1
labourer	1
l>ennison	1
l.he	1
kuskuskees	1
kuglish	1
kuee	1
ktsaeth	1
koong	1
know'st	1
knout	1
knolled	1
knives	1
knits	1
kneelingdawn	1
kneeling	1
knave	1
knake	1
kmd	1
kle	1
kitten	1
kitchen	1
kit	1
kishacoqulllas	1
kis	1
kirchoff	1
kintra	1
kins	1
kino	1
kingston	1
kine	1
kindness	1
kindly	1
kindle	1
kindest	1
killing	1
killdeers	1
kildeers	1
kiihleborn	1
kicks	1
khweer	1
kerchief	1
kens	1
kelpie	1
keener	1
keard	1
katy	1
karus	1
kaine	1
ka	1
k>mowhat	1
jwinter	1
jurors	1
jumped	1
jumonv1lle	1
juliet	1
judges	1
judgements	1
jthe	1
jtfe	1
js	1
jr	1
jptt	1
joyful	1
journey	1
jossakeed	1
josoph	1
joshua	1
joseph	1
jones	1
jonathan	1
joints	1
johnson	1
johnoy	1
jogged	1
jocks	1
jnto	1
jnercye	1
jn	1
jlrnsou	1
jlck	1
jjut	1
jived	1
jirief	1
jingle	1
jim	1
jibes	1
jiant	1
jfet	1
jew	1
jesus	1
jesterand	1
jerk	1
jelferson	1
jeics	1
jehovah	1
jehosophat	1
jefier	1
jeers	1
jeannie	1
jean	1
jealous	1
jay	1
jar	1
jan	1
jamestown	1
jambs	1
jake	1
jagged	1
jaekson	1
jaded	1
jade	1
jabberin	1
jabb'rin	1
jaar	1
ja	1
j1	1
ivies	1
ive	1
iut	1
itruce	1
itrolls	1
itre	1
iti	1
item	1
ited	1
itch	1
issues	1
issued	1
isle	1
island	1
isla	1
irvine	1
irs	1
irresistible	1
irons	1
irlory	1
irks	1
ir	1
iohn	1
inward	1
invisible	1
invincible	1
invested	1
invention	1
invaluable	1
invaders	1
inured	1
introduced	1
intimate	1
intimacy	1
intertangled	1
inters	1
intermingled	1
interlocked	1
interesting	1
intercede	1
intending	1
intended	1
intend	1
insults	1
insult	1
institutions	1
inspector	1
insomuch	1
insisted	1
inside	1
inscribed	1
inquisitor	1
inquiry	1
inoffensive	1
innumerable	1
innoeenee	1
innocence	1
innate	1
inky	1
ink	1
injustice	1
injury	1
initial	1
inherit	1
inhabiting	1
inhabitants	1
ingrown	1
ingrate	1
ingrafted	1
ingot	1
inglorious	1
ingenuous	1
infracteur	1
infortunea	1
informer	1
influence	1
inflicted	1
inflames	1
inflamed	1
infirmity	1
infinitely	1
infidels	1
infernal	1
inferior	1
inference	1
infatuating	1
infantry	1
infantile	1
infamy	1
inexperienced	1
inexhaus	1
ineotn	1
ineffable	1
induced	1
indolence	1
indite	1
indistinguishable	1
indistinct	1
indignant	1
indifferent	1
indicating	1
indicates	1
indicate	1
india	1
index	1
indebted	1
ind	1
increase	1
incomprehensible	1
inclusive	1
includes	1
include	1
inclines	1
incline	1
inclinations	1
incidents	1
incarnation	1
incapacity	1
incapable	1
inaugurated	1
inarched	1
inanition	1
in's	1
impulse	1
impudence	1
imps	1
imprinted	1
impressions	1
impression	1
impressed	1
impres	1
impregnated	1
importunate	1
imploring	1
impious	1
impenetrable	1
impending	1
impelled	1
impassionate	1
impartial	1
impaled	1
immunity	1
immortelle	1
immortality	1
immolation	1
immerse	1
immense	1
imagine	1
imaginable	1
imaged	1
ima	1
im	1
ils	1
illutn'd	1
illustrious	1
illustration	1
illusive	1
illuming	1
ill'got	1
ilka	1
ikes	1
iime	1
iike	1
iiiat	1
iielled	1
iieli	1
iiamed	1
ii'sii	1
ihera	1
ignoring	1
ignoble	1
iey	1
iear	1
ie's	1
ie	1
idly	1
identity	1
idendticnl	1
iciole	1
icicles	1
ible	1
iadyte	1
i?wepfe	1
i>nrt	1
i'u	1
i'rince	1
hypothecated	1
hypocrisy	1
hyndere	1
hymn	1
hymen	1
hyer	1
hydrogen	1
huzzab	1
husk	1
hurt	1
hurries	1
hurriedly	1
hurricane	1
hurls	1
hurling	1
hunted	1
hunt	1
hump	1
humours	1
humility	1
hume	1
humbled	1
humankind	1
humane	1
hum	1
hull	1
hugged	1
hugg'st	1
hues	1
hud	1
hubbardton	1
hs	1
hrnoe	1
hrisl	1
hrackenridge	1
hr	1
hpproximately	1
hoy	1
howe	1
hovel	1
hout	1
housewife	1
houseless	1
houseinthe	1
houord	1
houor	1
hotly	1
hospitals	1
horseshoe	1
horny	1
horned	1
horae	1
hopper	1
hoping	1
hop	1
hooting	1
honoured	1
hone	1
homeward	1
homestead	1
homespun	1
homage	1
holm	1
hogland	1
hogging	1
hog	1
hobbies	1
hoarsely	1
hoarded	1
hoard	1
hm	1
hla	1
hl*	1
hl	1
hkl	1
hitjht	1
hitherto	1
hitch	1
historical	1
hiss	1
his.a'our^.ttirwigb..the	1
hiram	1
hindoo	1
hilth	1
hilltop	1
hillside	1
hii	1
highwayman	1
highly	1
highlander	1
highland	1
hies	1
hidest	1
hickory	1
hickorie	1
hickery	1
hiader	1
hhus	1
hfr	1
hext	1
hew	1
heuk	1
heterodactylus	1
hessians	1
hessian	1
hesp	1
hesitation	1
hesd	1
hes	1
heroic	1
heroded	1
herod	1
herkimer	1
herewith	1
heretic	1
hereof	1
henchman	1
hematite	1
helter	1
helping	1
helpers	1
helper	1
helmet	1
hells	1
helli	1
hellhound	1
hell.j	1
heleagurcd	1
helas	1
heit	1
heights	1
heidelberg	1
heed	1
hebrew	1
heaving	1
heavier	1
heaved	1
heartrending	1
hearties	1
hearted	1
hearse	1
hearest	1
heaped	1
heal	1
heakt	1
headstrong	1
he.creeps	1
hcui	1
hazy	1
hay	1
hawks	1
havu	1
haverford	1
haunts	1
haunteth	1
hauding	1
hatteras	1
hates	1
hatchets	1
hatches	1
hastening	1
hastened	1
harvests	1
harvest	1
harte	1
harry	1
harrlsburg	1
harrisburg	1
harporhynchus	1
harper	1
haroun	1
harne	1
harmonise	1
harlot	1
hardened	1
harbours	1
harboured	1
harbor'd	1
harangues	1
harangue	1
happily	1
hapless	1
hap	1
hanufd	1
hanna	1
hankering	1
hank	1
hanging	1
hangeth	1
hampton	1
hammock	1
hammed	1
hamlet	1
hamilton	1
haloes	1
haloed	1
halls	1
hallow	1
halket	1
halidoms	1
haired	1
haha	1
hadn't	1
had/in	1
had'ceased	1
hacks	1
habits	1
habitations	1
h'alse	1
h"<h	1
gyration	1
gypsy	1
gust	1
gushing	1
gurgles	1
gully	1
guld	1
guitar	1
guineas	1
guinea	1
guileless	1
guiding	1
guides	1
guidant	1
guardian	1
grunt	1
grun	1
groweth	1
grovelling	1
groveler	1
groups	1
group	1
grouod	1
grotesques	1
grose	1
groat	1
grleamed	1
grips	1
gripe	1
grip	1
grins	1
grinning	1
grinned	1
grini	1
grind	1
grin	1
grievances	1
griefs	1
grenadiers	1
greets	1
greer	1
greenwood	1
greece	1
greeasburg	1
grecian	1
greatness	1
gravp	1
graveyards	1
gratulation	1
grasped	1
grapes	1
grape	1
granvilte	1
granted	1
grandfather	1
grandame	1
graham'sf	1
graham	1
graciously	1
graceless	1
graced	1
gracchus	1
gowns	1
gowden	1
governorship	1
governing	1
gout	1
gourd	1
gouk	1
gossiping	1
gossamer	1
gospel	1
gory	1
goose	1
goodnight	1
goodly	1
goodbye	1
goldon	1
gods	1
godlike	1
goddess	1
godde	1
goblin	1
goad	1
gnlllottne	1
gnllitzin	1
gnaws	1
gnawing	1
gnawed	1
gnashed	1
gnadenhu'tten	1
gnadenhiitten	1
glowworm	1
globular	1
glistening	1
glint	1
glimmers	1
glimmer	1
glid«	1
gliding	1
glided	1
glib	1
glen	1
glasses	1
glancing	1
glakes	1
glaive	1
gladdened	1
gjfep.^piark	1
givest	1
give't	1
girts	1
girdled	1
gird	1
gintletnan	1
gin	1
gill	1
gilboa	1
gig	1
gieu	1
gies	1
gien	1
giddy	1
gibble	1
gibbet	1
gi'es	1
gheny	1
gfod	1
getting	1
getteth	1
gesture	1
georv3e	1
georgia	1
geology	1
geologist	1
geologic	1
geographical	1
gentry	1
gentlest	1
genii	1
geneval	1
genet	1
generalising	1
gems	1
gel	1
gears	1
ge	1
gazer	1
gauntlet	1
gauger	1
gather	1
gassoin	1
gasps	1
gasped	1
gases	1
garnered	1
garland	1
gapes	1
gangs	1
gang	1
gane	1
game	1
gambolled	1
gambled	1
galo	1
galluws	1
gallantly	1
gali.atin	1
gales	1
gal	1
gainst	1
gaiety	1
gaes	1
gaen	1
gaed	1
gadding	1
gad	1
gabled	1
gabble	1
g1rty	1
fux	1
furthur	1
furs	1
furnishing	1
furnishes	1
furnished	1
furnaces	1
furnace	1
furiously	1
fureurs	1
funding	1
function	1
fumily	1
fume	1
fumantes	1
fully	1
fulfilment	1
fugitives	1
fuel	1
fucus	1
ftiepd	1
fs	1
frying	1
fry	1
frowning	1
frovance	1
frothy	1
frothing	1
froth	1
frosty	1
frosts	1
fronu	1
fronts	1
frontiers	1
fron>	1
froia	1
froeen	1
frnrn	1
fri»hted	1
frisky	1
frish	1
frightful	1
frightened	1
frighted	1
friendly	1
frick	1
fretful	1
frer	1
frenzied	1
frenchman	1
freighted	1
freezing	1
freeport	1
freed	1
freeborn	1
frank	1
fragment	1
fragile	1
fractured	1
foxes	1
fox	1
fovce	1
fourt	1
fount	1
founder	1
foundation	1
fou81	1
fostering	1
foster.'of	1
fortunate	1
fortuitious	1
fortify	1
fortification	1
fortho	1
forsworn	1
forsook	1
forsaken	1
formurderand	1
formulas	1
former	1
formeci	1
foriny	1
forgottea	1
forgive	1
forged	1
forge	1
forfaits	1
forethought	1
foremost	1
forehead	1
forego	1
foreboding	1
forceful	1
forby	1
forbore	1
forbidding	1
forbid	1
forbears	1
footing	1
football	1
fools	1
fonlinalis	1
fondled	1
fondi	1
followers	1
folio	1
foliage	1
folds	1
foet«r	1
fob	1
foaming	1
fo	1
fnsecfn	1
fn	1
fmnlferou	1
flutters	1
flowerf	1
flowerets	1
flowed	1
flouts	1
flourishing	1
flour	1
flots	1
floss	1
floral	1
flora	1
floats	1
floating	1
flit	1
flirt	1
flint	1
flimsy	1
fleshpots	1
fleshed	1
fleets	1
fleece	1
fleck	1
flave	1
flattering	1
flattened	1
flashing	1
flashes	1
flaring	1
flaps	1
flapping	1
flanks	1
flanders	1
flancs	1
flake	1
flags	1
flaget	1
fixtures	1
fitting	1
fitted	1
fist	1
fishing	1
fisher	1
fished	1
fish	1
firstborn	1
firmness	1
firmly	1
firmament	1
firefly	1
fins	1
finished	1
finis	1
finest	1
finely	1
filthy	1
filmy	1
filles	1
files	1
figure	1
figments	1
fifes	1
fiers	1
fiercest	1
fiercer	1
fiend	1
fiddling	1
fibre	1
fiammes	1
fiad	1
fi	1
fever	1
feudal	1
fettered	1
fetched	1
festoons	1
ferruginous	1
ferns	1
femmes	1
fellvox	1
feilliman	1
feigneth	1
fees	1
feeds	1
feebler	1
february	1
features	1
feathery	1
fearfu	1
feard	1
fealty	1
fayther	1
fay	1
fawcett	1
favourite	1
favourable	1
fause	1
faults	1
faultlessly	1
fault	1
fauldin	1
fauing	1
fattened	1
fatigue	1
fathoms	1
fathomless	1
fathom	1
fathered	1
fateful	1
faster	1
farms	1
farming	1
fareth	1
fare	1
fardeau	1
far-famed	1
fanny	1
fanned	1
fancied	1
falsely	1
fallows	1
falkirk	1
fairs	1
fairly	1
fairer	1
failure	1
failed	1
faggots	1
faculty	1
faculties	1
factor	1
factious	1
faction	1
facility	1
facile	1
facetions	1
fa.fi	1
ey«	1
eying	1
eyed	1
eyeball	1
ex£cuteur	1
exultaui	1
exultant	1
exuberance	1
extremely	1
extravagantly	1
extracted	1
extract	1
extolled	1
extol	1
extent	1
extended	1
extend	1
exquisite	1
expressed'fnlly	1
expounding	1
exposure	1
expositions	1
explosive	1
explosion	1
exploits	1
explicit	1
expires	1
experiment	1
experience	1
expelled	1
expeditions	1
expected	1
expectant	1
expand	1
exist	1
exhibition	1
exhibited	1
exhaustless	1
exhale	1
exercise	1
excused	1
excuse	1
exculpation	1
exclude	1
exclairo'd	1
exclaims	1
exclaim	1
exciting	1
excitements	1
excitedly	1
excited	1
exchanged	1
exception	1
except	1
excellent	1
excelled	1
excel	1
exceed	1
excavations	1
examining	1
examined	1
exact	1
ev«r	1
evointlon	1
eves	1
evermore	1
evermair	1
events	1
eventide	1
eveningpost	1
evacuated	1
euchainer	1
eu	1
eternally	1
etendus	1
etc	1
et.des	1
estranged	1
estimated	1
esteems	1
esteemed	1
estate	1
established	1
est	1
essence	1
esquire	1
especially	1
especial	1
escapes	1
esau	1
es	1
erudite	1
ertoite	1
errors	1
erratic	1
erotic	1
erewhile	1
erew	1
erecting	1
erdspiegel^f	1
erdspiegel	1
erdspie	1
erasing	1
erape	1
era	1
equivocal	1
equipped	1
equally	1
equalising	1
epitaphs	1
epitaph	1
eotolerably	1
eorse	1
eord	1
eor	1
eon»	1
eonids	1
envelops	1
enveloped	1
entry	1
entreaties	1
entombs	1
enthralled	1
entertaining	1
entertained	1
entertain	1
enters	1
enterprising	1
entanglement	1
entailed	1
ensues	1
enslaved	1
enriched	1
enlisted	1
enlarged	1
enkindled	1
enjoys	1
enjoying	1
enjoy	1
engross	1
engorged	1
englishmen	1
englishman	1
engag	1
enfolding	1
enfolded	1
enfants	1
enfans	1
endure	1
endurance	1
ends	1
endowed	1
encyclopedists	1
encore	1
enclosing	1
encircling	1
encircled	1
encircle	1
enchanted	1
enamoured	1
enacted	1
enabled	1
en's	1
emulate	1
empyrean	1
empurpled	1
emprisooed	1
emprisoned	1
employs	1
employment	1
employer	1
employed	1
emotion	1
emitting	1
emerged	1
embosomed	1
emboldening	1
emboldened	1
emblems	1
emblazoned	1
embattled	1
embark	1
elysinm	1
elver	1
eltsha	1
eloud	1
elliott	1
ell	1
elizabethtown	1
elicited	1
elevate	1
elere	1
elemental	1
element	1
elected	1
elder	1
elbow	1
elay	1
el	1
ekull	1
eighteenth	1
ehiel	1
egyptian	1
egle	1
egg	1
efforts	1
effluvinm	1
effecting	1
efface	1
eerie	1
eead	1
educated	1
edges	1
edged	1
edgar	1
eddies	1
eclat	1
echoeth	1
echoes'in	1
ebullition	1
ebehezer	1
ebb	1
eaves	1
eatyou	1
eaten	1
eas	1
earthly	1
earthborn	1
earburetted	1
e'craser	1
dyke	1
dyes	1
dye	1
dwells	1
dwellings	1
dwelled	1
dutch	1
duration	1
duqnesne	1
dunmore	1
dunlap	1
dunglison	1
dungeness	1
dummy	1
dumbed	1
dullness	1
dule	1
dulcet	1
duke	1
duet	1
ducks	1
duck	1
dublin	1
drunken	1
drunkard	1
drunk	1
drugging	1
drug	1
drowsy	1
drown	1
dross	1
dropped	1
drooped	1
droonin	1
driving	1
dripping	1
drippin	1
drinks	1
drinketh	1
drilled	1
driftwood	1
drenched	1
dreesome	1
dreeping	1
dree	1
dredge	1
dreat	1
drear	1
dreaming	1
dreamer	1
dreamed	1
dreaded	1
drawing	1
drap	1
dram	1
drained	1
draih	1
dragged	1
drag	1
dozen	1
dowff	1
dove	1
doutls	1
doure	1
douce	1
doubts	1
doubtless	1
doubtful	1
doubly	1
doubling	1
dotting	1
dosing	1
dornand	1
doorway	1
doors	1
dolorous	1
dogs	1
docs	1
djunk	1
djath	1
divinity	1
divining	1
diviner	1
divils	1
divergent	1
diud	1
disuut	1
disturbed	1
distrust	1
district	1
distributed	1
distracting	1
distorted	1
distinguish	1
distinct	1
distillation	1
disstain	1
dissolving	1
dissolve	1
dissolution	1
dissipation	1
dissevered	1
dissemble	1
disrobed	1
disputing	1
disputes	1
displaced	1
displace	1
dispense	1
dispelled	1
disorder	1
disgraced	1
discretion	1
discovered	1
discover	1
disclosed	1
disclose	1
disastrous	1
diriua	1
directing	1
dipping	1
dipped	1
dinwiddie	1
dinner	1
dims	1
dime	1
diluted	1
digs	1
digging	1
diggest	1
differs	1
differentiation	1
diels	1
diel	1
didn't	1
diction	1
dictation	1
dickson	1
diamonds	1
dial	1
diabolic	1
diabolians	1
dgalust	1
dewr	1
devours	1
devouring	1
devoured	1
devotion	1
devote	1
devore	1
devor6s	1
devils	1
developed	1
devait	1
detested	1
deter	1
detected	1
detail	1
detachment	1
destructive	1
destroyed	1
destroy	1
destitution	1
destiny	1
destined	1
destination	1
desserts	1
despotic	1
despondency	1
desperate	1
despairing	1
desolations	1
desk	1
designs	1
deserved	1
deserts	1
deserting	1
deserter	1
descriptive	1
description	1
descries	1
descends	1
derive	1
derision	1
deride	1
deprived	1
depredations	1
depraved	1
deposited	1
deploring	1
deplorable	1
depicted	1
departments	1
denver	1
denotes	1
dennlson	1
denies	1
demonstrated	1
demoniac	1
demands	1
demanded	1
demagogues	1
demagogue	1
delow	1
deliverance	1
deliriously	1
delighting	1
delighted	1
deliberative	1
deleat	1
delay	1
delaware	1
dejected	1
deign	1
degrading	1
deftly	1
deftest	1
defiant	1
defenceless	1
defeats	1
deface	1
deepened	1
deem	1
dedication	1
decreed	1
decreaseth	1
decoy	1
decomposition	1
decomposing	1
declines	1
declare	1
decked	1
decision	1
decently	1
decent	1
december	1
deceiving	1
deceive	1
deceitful	1
decaying	1
decay	1
decatur	1
decade	1
debts	1
deathwhoop	1
deathly	1
deathless	1
deathblow	1
deatfe	1
dears	1
dearly	1
dearer	1
dealt	1
deafen	1
deadlier	1
deadens	1
de'pouille	1
dc	1
dazzling	1
dazzles	1
dazed	1
daze	1
daycent	1
dawns	1
dauphin	1
daunts	1
datura	1
dates	1
dashes	1
dash	1
darlint	1
darknes	1
darkening	1
darken	1
darby	1
dank	1
dangling	1
dangles	1
dangerous	1
dandy	1
dances	1
damsel	1
damndest	1
dales	1
daguerreotypes	1
daggering	1
daffin	1
dae	1
daath	1
da	1
d6pouilles	1
d'etre	1
cwnvers	1
cuyahoga	1
cutting	1
cuts	1
customhouse	1
curve	1
curt	1
curses	1
currents	1
curled	1
curiously	1
curioia	1
cureless	1
cupid	1
cunningham's^	1
cunningham	1
cumcumambient	1
culturing	1
culprit	1
cud	1
cu/se	1
ctp	1
ctlon	1
cterfryman	1
crying	1
crutch	1
crusty	1
crushing	1
crusher	1
crunching	1
crumbs	1
cruiks	1
cruik	1
cruet	1
cruelty	1
cruellest	1
crudities	1
crucible	1
crows	1
crowing	1
crowds	1
crouching	1
crouch	1
crotchets	1
crossing	1
crops	1
croonin	1
croon	1
cromwell	1
crollsff	1
crocodile	1
croaking	1
croaked	1
critics	1
crimsod	1
crevices	1
crevice	1
crests	1
crescent	1
creeshie	1
credu	1
credible	1
creak	1
crazy	1
crazed	1
crawls	1
craves	1
craved	1
crashed	1
cranny	1
cramp	1
cradled	1
cracks	1
crabfees	1
cowers	1
cowering	1
cowardly	1
cowardice	1
cowan	1
covers	1
cove	1
courted	1
courroux	1
coups	1
counterpart	1
counsel	1
coulon	1
couki	1
cough	1
cottage	1
cotnu	1
cotfee	1
cosy	1
cosmos	1
correctly	1
corps	1
corporation	1
coronach	1
cornstalk	1
corns	1
core	1
copy	1
copied	1
cooped	1
coolest	1
convicts	1
convict	1
conveyed	1
converter	1
conversing	1
converging	1
convened	1
controverting	1
contre'es	1
contrasting	1
contrasted	1
contrast	1
continues	1
contending	1
contemptible	1
contemplative	1
contemplation	1
contains	1
containing	1
contained	1
consuming	1
consuls	1
constructed	1
constellation	1
conspired	1
consigns	1
considerable	1
consents	1
conscious	1
conscience	1
conquest	1
connected	1
conl	1
conjurees	1
coninm	1
confronted	1
confiscated	1
confirming	1
confines	1
confined	1
confine	1
confession	1
conferred	1
conference	1
confer	1
confectioner	1
conemaugh*	1
cone	1
conducted	1
condescending	1
condamnfe	1
concordant	1
conclusions	1
conclusion	1
concluding	1
conchology	1
concerned	1
concentrated	1
conceals	1
concave	1
con	1
comundi	1
comrade	1
comps'd	1
comprising	1
comprehend	1
compounded	1
compositions	1
comply	1
complied	1
competition	1
compassion	1
compassing	1
comparisons	1
compare	1
comparatively	1
companyes	1
commotion	1
commonweal	1
commonplace	1
commonly	1
commodore	1
commercial	1
commerce	1
commands	1
commanding	1
commanders	1
commajid	1
comfortable	1
comfort	1
comets	1
comet	1
comely	1
combustion	1
combrretime	1
combinations	1
comb	1
com	1
coluuibians	1
columbian	1
colourless	1
colouring	1
collections	1
collection	1
collated	1
collar	1
coldness	1
colchian	1
coils	1
coil	1
cogg	1
coffiu	1
coffins	1
cofffiding	1
cocks	1
cobwebs	1
cobweb	1
cob	1
coarse	1
coals	1
coai	1
cluirras	1
cloy	1
clowd	1
cloudy	1
cloudsot	1
clothing	1
clothe	1
closing	1
clodius	1
clodins	1
clo'es	1
climbed	1
cliffs	1
click	1
clever	1
clenched	1
cleft	1
clearly	1
clean	1
claws	1
clattering	1
classic	1
classes	1
clash	1
clapped	1
clank	1
clangour	1
clan	1
clamp	1
clammy	1
claims	1
clack	1
civilised	1
civil	1
circumscribed	1
circumnavigated	1
circuit	1
ciale	1
ci<i..i/tonia	1
churn	1
churchman	1
chose	1
chore	1
choose	1
choke	1
choicest	1
choicer	1
choice	1
chllieothe	1
chlef	1
chiselled	1
chink	1
chim	1
chilly	1
chieis	1
chiefs*	1
chiefly	1
chicken	1
chewing	1
chevaux	1
chestnuts	1
chester	1
ches	1
cherubim	1
cherished	1
chemical	1
cheese	1
cheerful	1
check	1
che	1
chavtauqua	1
chattering	1
chattanooga	1
chastise	1
chaste	1
chasm	1
chasing	1
chartn	1
chart	1
charnel	1
charming	1
charmed	1
charities	1
charee	1
characteristic	1
char	1
chapter	1
chapman	1
chapels	1
chaos	1
chant	1
chann	1
changing	1
changeling	1
champs	1
champlain	1
chamber	1
chair	1
chained	1
ces	1
certainly	1
centuries	1
centennial	1
censure	1
censer	1
cemetery	1
cedars	1
ceaseth	1
ceaseless	1
ce	1
cbwan'r	1
caves	1
causing	1
cauada	1
cato	1
cathedrals	1
catbird	1
catalogue	1
castle	1
casting	1
casteth	1
cassin	1
cask	1
casements	1
casement	1
cascades	1
carves	1
cars	1
carrier	1
carriages	1
carouse	1
carolinensis	1
carmagnole	1
carls	1
carks	1
caressing	1
caressed	1
careless	1
carefully	1
careens	1
cared	1
cardinal	1
carbnretted	1
carac	1
captivity	1
captains	1
captaia	1
capt	1
capped	1
capitulate	1
capitan	1
caper	1
capacity	1
caona	1
canvassing	1
canvas	1
cantos	1
canteen	1
canse	1
canny	1
cankered	1
canawl	1
canadians	1
camped	1
cambria	1
calmly	1
callous	1
calling	1
calleth	1
calf	1
calculation	1
cai>	1
caesar	1
c[ux	1
c'hestnnt	1
b»n	1
byword	1
byron	1
byersj	1
byers	1
by't	1
buzzard	1
butyo	1
button	1
butteufield	1
butchery	1
butchering	1
butcheries	1
but.let	1
busy	1
bustle	1
bust	1
busied	1
bushes	1
bushels	1
bushed	1
burns^f	1
burly	1
burgetutown	1
burgettstown	1
buoyant	1
bung	1
bump	1
bulwarks	1
bulk	1
buildings	1
building	1
buiks	1
bui	1
bugbear	1
buds	1
budge	1
budding	1
buckle	1
buck	1
buc	1
bubbles	1
brutes	1
brute	1
brutal	1
brunswick	1
bruised	1
bruise	1
brugh	1
brost	1
broom	1
broiled	1
brogue	1
brocklesby	1
brocken	1
broadsides	1
broadford	1
brnddock	1
brither	1
bristol	1
brisk	1
brinton	1
bringing	1
brindle	1
brilliantly	1
bril	1
brigs	1
brigadier	1
brig	1
briers	1
brief	1
bridles	1
bridal	1
bribed	1
brew	1
bretxa	1
brent	1
breezes	1
breeze	1
breek	1
breeche	1
breastworks	1
breaketh	1
breakers	1
breaker	1
breach	1
brawny	1
brawn	1
brawly	1
bravoes	1
braving	1
bravest	1
braudock	1
brat	1
brass	1
bramble	1
braks	1
braiu	1
braggart	1
brag	1
braes	1
bradhoc	1
braddoek	1
bract	1
brackish	1
brackenridpe	1
bracken	1
brabiiock	1
br	1
bowlder	1
bowers	1
bowed	1
bourn	1
bounteous	1
bounds	1
boundin	1
boundeth	1
bounded	1
boulders	1
botne.and	1
boston	1
bosomed	1
bosius	1
borrowing	1
borer	1
boreas	1
border	1
booty	1
bootless	1
boot	1
boon	1
boomed	1
bolts	1
bolls	1
boll	1
boldest	1
boisterous	1
boiled	1
bodly	1
bodes	1
bode	1
bocks	1
bock	1
bobber	1
boasting	1
boastful	1
boarding	1
boarded	1
bnse	1
bluidy	1
blowing	1
blowed	1
blotted	1
blossom	1
bloodshotten	1
bloodshot	1
bloodred	1
blocks	1
bloated	1
blither	1
blissing	1
blissful	1
blink	1
blinded	1
blighted	1
blethering	1
blessings	1
blending	1
blended	1
bleeds	1
blawn	1
blaw	1
blasts	1
blasted	1
blasphemous	1
blankets	1
blanket	1
bland	1
blanches	1
blanch	1
blameless	1
blades	1
blackness	1
blacker	1
blacked	1
blackdamp	1
bkackenridgie	1
biuk	1
bitting	1
bitten	1
biting	1
bite	1
birthright	1
bird*	1
bipeds	1
billowy	1
billions	1
billion	1
billies	1
bill	1
biggs	1
biggest	1
bigger	1
bidst	1
biddle	1
biddin	1
bia»	1
bhaddock	1
beyoad	1
bewitching	1
bewilderment	1
beuk	1
betty	1
betrayer	1
betimes	1
bethought	1
betake	1
bestrew	1
bestows	1
bestowed	1
bespangles	1
besotted	1
besmeared	1
beset	1
bereft	1
berceaux	1
bequeath	1
bentlingen	1
bennington	1
benn	1
benefit	1
bemoan	1
belyve	1
belter	1
belt	1
belongs	1
belong	1
bells	1
belli	1
belle	1
believed	1
bekt	1
beings	1
bei^an	1
beholdeth	1
beholden	1
behest	1
behaved	1
beguile	1
begs	1
begrudge	1
begotten	1
begirt	1
beginnin	1
begina	1
befoul	1
befori>	1
befa	1
beech	1
beds	1
bedecking	1
bedaubed	1
becoming	1
beckons	1
beckon	1
beavers	1
beave	1
beau	1
beats	1
bearing	1
beareth	1
beans	1
beamed	1
beaded	1
bd	1
bawled	1
baugh	1
baubles	1
battleground	1
battalian	1
batracho	1
batra	1
bastard	1
basket	1
basis	1
basin	1
baseless	1
based	1
bas	1
barter	1
barrow	1
barrin	1
barrenness	1
barred	1
barnyards	1
barns	1
barned	1
barnabas	1
barn	1
barley	1
barks	1
barked	1
bares	1
barefooted	1
bard	1
barbs	1
barbed	1
barbarity	1
barb	1
bar	1
bapp	1
banjo	1
banish	1
baluster	1
balm	1
ballads	1
baleful	1
balance	1
bairns	1
bairn	1
bail	1
bagr	1
baggage	1
badly	1
backe	1
backbone	1
bachelor	1
babylonica	1
babbling	1
ba	1
azzat	1
ayi	1
axes	1
awo	1
awn	1
awlul	1
awfu	1
aweiting	1
awe	1
aware	1
awakes	1
awakened	1
avoid	1
averted	1
avert	1
averred	1
avengers	1
avenged	1
avenge	1
ave'd	1
avarice	1
avant	1
avalanche	1
available	1
ava	1
authors	1
authoress	1
authenticity	1
auilty	1
augustus	1
audace	1
auburn	1
attuned	1
attributed	1
attracting	1
attract	1
attorney	1
attitude	1
attire	1
attintion	1
attho	1
attest	1
attempting	1
attempt	1
attains	1
attained	1
attain	1
atr	1
atonement	1
atnooge	1
athirst	1
ate	1
at's	1
asylums	1
asunder	1
astronomy	1
astronomical	1
astride	1
astounded	1
asto	1
aster	1
assumes	1
assuage	1
associated	1
assassination	1
aspirated	1
aspen	1
asks	1
asketh	1
asked	1
asio	1
ashore	1
ashls	1
ashamed	1
ascribed	1
ascertain	1
ascending	1
ascendeth	1
ascend	1
as'tnan	1
artists	1
articles	1
article	1
artful	1
art'ry	1
arrows	1
arriving	1
arrives	1
arrive	1
arrivatl	1
arracher	1
arose	1
aro	1
armstrongs^	1
arming	1
aristocracy	1
arisen	1
arian	1
ariaes	1
argument	1
argos	1
areeven	1
ardeur	1
ardent	1
arcs	1
archibald	1
archer	1
arbitrary	1
ar	1
aqua	1
apron	1
approximately	1
appropriate	1
apprehension	1
appreciation	1
appreciated	1
applies	1
apples	1
appetite	1
appendage	1
append	1
appearing	1
appealing	1
apparently	1
appalachia	1
appal	1
apostolic	1
apology	1
aplaut	1
apes	1
ape	1
apace	1
aootheres	1
aod	1
aock	1
ao	1
anywhere	1
anvlftmotts	1
anvii>	1
antipodal	1
antagonists	1
ant	1
answers	1
ans	1
anp	1
announcement	1
announced	1
annihilation	1
annihilated	1
anlmalieulae	1
ankle	1
ankeny	1
anither	1
animates	1
anil	1
angleterre	1
anger	1
anemone	1
anee	1
anecdote	1
ane'ers	1
andvrim	1
andrews	1
andover	1
andjiear	1
and<woman	1
and.oats	1
and'burns	1
ancient	1
ancestors	1
anarchy	1
an's	1
amusement	1
ammunition	1
amethyst	1
amenl	1
ame'rique	1
ame	1
ambushed	1
ambition	1
ambient	1
ambassador	1
amaze	1
altoona	1
alternative	1
alternation	1
alternates	1
already	1
aloft	1
alluding	1
allowable	1
allow	1
allied	1
alleys	1
allen	1
allegory	1
allas	1
aliquippa	1
alike	1
alighting	1
alight	1
alife	1
alid	1
algse	1
alfred	1
alexanders	1
alex	1
albert	1
albany	1
alba	1
alarmed	1
alane	1
alabaster	1
aje	1
aisle	1
ai	1
ahead	1
agrarian	1
agitated	1
agility	1
aggregate	1
agape	1
afterwards	1
afresh	1
aflood	1
aflame	1
afiir	1
afield	1
affords	1
afforded	1
affirms	1
affection	1
affairs	1
afeared	1
af	1
aew/own	1
aeons	1
aeon	1
ae	1
advise	1
advancing	1
advanced	1
adult	1
adqi8on	1
adorning	1
adorn	1
adored	1
admiration	1
admirable	1
addressing	1
addresses	1
addressed	1
addition	1
addi80n	1
ad'mant	1
acts	1
acting	1
acred	1
acquires	1
acquired	1
acquaintance	1
acknowledge	1
acid	1
aching	1
achievements	1
achievement	1
achieved	1
acheson	1
aches	1
ache	1
acer	1
accurately	1
accumulated	1
accounts	1
accordance	1
accomplishments	1
accomplished	1
accompanied	1
accidentally	1
accident	1
access	1
accept	1
academies	1
absy	1
abstraction	1
absorption	1
absolutely	1
absolute	1
absolom	1
absence	1
abroad	1
abortive	1
aboon	1
abodes	1
ablest	1
ablaze	1
abilities	1
abe	1
abbreviation	1
abb	1
abandoned	1
aaron	1
aaid	1
aaag	1
a'umcs	1
a'nobiicm	1
^icen	1
]§	1
]*	1
\vith	1
?,	1
>vmg	1
>oin	1
>h»n	1
>'	1
<grod	1
<<-	1
<	1
8truak	1
8a1>	1
7th	1
6th	1
6io1>	1
1|||	1
1'hd	1
1	1
/	1
.'•*.;	1
.'.	1
.',	1
.'"	1
-><>	1
->,	1
-;	1
-.	1
--	1
-'*-'	1
-!<>->-	1
*****	1
***	1
*"1	1
*""	1
);	1
)'	1
(?);	1
')'	1
'''	1
'"•	1
'!	1
&	1
"•	1
"><*	1
"-	1
"*"	1
"'	1
""•	1
""^	1
"""«""	1
"""'	1
""""	1
"!	1
!|	1
