,	3021
the	1587
a	1009
of	901
and	831
.	648
!	619
in	607
with	591
to	532
;	490
from	316
:	289
that	238
he	231
for	221
all	221
it	219
her	218
his	199
i	188
on	170
"	158
as	155
|'s|	153
one	144
she	134
where	132
is	131
?	131
their	126
they	125
who	124
—	123
was	122
may	118
some	105
there	104
but	102
now	101
upon	100
my	100
yet	98
we	94
not	94
when	93
him	93
are	93
them	90
or	89
while	87
like	86
over	85
our	85
life	81
at	80
these	77
man	76
love	76
then	74
so	74
thy	73
me	71
human	71
by	71
be	70
more	69
this	68
an	68
eyes	67
fair	66
will	62
little	62
have	59
child	59
very	58
you	57
sweet	56
here	55
well	54
no	53
thee	52
into	52
heart	52
among	52
light	51
air	51
'	51
were	50
still	50
men	50
many	50
children	50
mother	49
how	49
your	48
if	48
old	47
never	46
ye	45
sea	45
ever	45
death	45
long	43
|arabic3digit|	42
only	42
face	40
what	38
than	38
god	38
yonder	37
pale	37
dead	37
ah	37
living	36
whose	35
soul	35
hath	35
white	34
water	34
though	34
nor	34
low	34
before	34
yea	33
own	33
far	33
earth	33
dim	33
day	33
thou	32
shall	32
would	31
through	31
summer	31
soft	31
wild	30
whom	30
out	30
near	30
lo	30
blue	30
under	29
tender	29
grey	29
every	29
even	29
awful	29
warm	28
war	28
till	28
shadow	28
half	28
flowers	28
deep	28
world	27
woman	27
poor	27
see	26
lay	26
glory	26
can	26
breath	26
away	26
around	26
us	25
thing	25
night	25
sun	24
ocean	24
leaves	24
heard	24
fire	24
bosom	24
about	24
young	23
two	23
red	23
once	23
home	23
flame	23
feet	23
fall	23
bloom	23
behold	23
any	23
wave	22
thine	22
stone	22
lives	22
know	22
form	22
cold	22
boy	22
another	22
within	21
surely	21
such	21
roses	21
mountain	21
hand	21
flower	21
alone	21
tis	20
sound	20
sleep	20
shadowy	20
joy	20
had	20
gloom	20
forth	20
faint	20
each	20
down	20
came	20
arm	20
along	20
wind	19
tears	19
should	19
rest	19
might	19
made	19
lies	19
hour	19
holy	19
gleam	19
dream	19
above	19
youth	18
yon	18
solemn	18
silent	18
seems	18
must	18
lost	18
lie	18
innocent	18
green	18
forest	18
fell	18
father	18
do	18
cloud	18
clear	18
bird	18
wood	17
woe	17
which	17
vision	17
those	17
small	17
rare	17
nay	17
lord	17
let	17
its	17
heaven	17
full	17
foam	17
feel	17
beautiful	17
."	17
years	16
way	16
voice	16
until	16
time	16
storm	16
seemed	16
peace	16
other	16
off	16
nature	16
mild	16
hearts	16
happy	16
hair	16
grave	16
gleams	16
falls	16
women	15
toil	15
soon	15
rose	15
nigh	15
music	15
mine	15
hear	15
head	15
golden	15
friend	15
fear	15
did	15
despair	15
delicate	15
dear	15
call	15
beneath	15
alas	15
....	15
weep	14
twilight	14
toward	14
spring	14
souls	14
sky	14
sister	14
sight	14
place	14
pain	14
last	14
laid	14
knew	14
hands	14
free	14
dull	14
divine	14
breast	14
blood	14
athwart	14
arise	14
age	14
after	14
withered	13
why	13
weary	13
wall	13
village	13
up	13
trees	13
tree	13
things	13
snow	13
side	13
saw	13
sand	13
round	13
rich	13
pure	13
leave	13
grass	13
gold	13
foul	13
feels	13
evermore	13
dust	13
doom	13
dark	13
crimson	13
born	13
blow	13
anon	13
again	13
(	13
year	12
wandering	12
spirit	12
smile	12
slow	12
silver	12
seem	12
save	12
ruin	12
river	12
passed	12
morning	12
lovers	12
lovely	12
look	12
less	12
left	12
glow	12
france	12
flow	12
fine	12
few	12
faded	12
eye	12
eternal	12
england	12
cruel	12
come	12
church	12
calm	12
breeze	12
breathe	12
blind	12
below	12
alive	12
'?	12
|arabic2digit|	11
yielding	11
winter	11
waters	11
today	11
three	11
softly	11
slowly	11
skies	11
royal	11
rock	11
roar	11
quiet	11
pool	11
name	11
mist	11
lying	11
lonely	11
lips	11
limbs	11
land	11
knows	11
king	11
hope	11
grew	11
ghastly	11
gentle	11
fly	11
find	11
ere	11
doth	11
breathing	11
both	11
arms	11
am	11
worn	10
whence	10
surprise	10
sunny	10
stream	10
sought	10
scorn	10
power	10
play	10
murmur	10
move	10
most	10
loving	10
lover	10
loud	10
london	10
live	10
leap	10
laughter	10
himself	10
high	10
held	10
has	10
great	10
go	10
gaze	10
fresh	10
fierce	10
faith	10
die	10
desolate	10
desire	10
delight	10
bright	10
body	10
blown	10
black	10
afar	10
|romannumeral|	9
|arabic1digit|	9
wings	9
wavering	9
thunder	9
terrible	9
tell	9
take	9
swift	9
stood	9
stole	9
springs	9
sorrow	9
singing	9
silence	9
shining	9
room	9
purple	9
pines	9
pine	9
pass	9
open	9
none	9
moment	9
mighty	9
methought	9
merry	9
mellow	9
maiden	9
lower	9
loved	9
infinite	9
imperial	9
huge	9
helpless	9
hell	9
hears	9
gone	9
first	9
filled	9
feed	9
fate	9
fail	9
fade	9
dying	9
dumb	9
cross	9
beyond	9
being	9
beast	9
battle	9
angel	9
yield	8
wounded	8
wondrous	8
without	8
wise	8
winds	8
wherein	8
went	8
waves	8
wan	8
unto	8
unaware	8
truth	8
torn	8
too	8
sublime	8
song	8
slain	8
shock	8
set	8
sense	8
scene	8
rising	8
people	8
passing	8
oft	8
new	8
mortal	8
memories	8
marble	8
lowly	8
loss	8
liberty	8
lest	8
leaned	8
laugh	8
later	8
jesus	8
however	8
holds	8
hold	8
hill	8
heavenly	8
hallowed	8
ground	8
frail	8
food	8
fingers	8
falling	8
faintly	8
faces	8
everlasting	8
erst	8
eric	8
ear	8
dress	8
close	8
buoyant	8
broken	8
blossom	8
blithe	8
birth	8
ber	8
babes	8
aught	8
ancient	8
airs	8
wonder	7
wine	7
window	7
walls	7
vanished	7
vain	7
turn	7
true	7
tomb	7
tiny	7
thin	7
tear	7
strife	7
strain	7
state	7
spirits	7
sooth	7
sits	7
sing	7
sin	7
shore	7
shadows	7
rise	7
restless	7
rent	7
race	7
profound	7
pleasant	7
piteous	7
often	7
neighbour	7
moves	7
moan	7
melancholy	7
master	7
loves	7
looks	7
looked	7
longing	7
listless	7
lingering	7
labour	7
horrible	7
hollow	7
grand	7
grace	7
generous	7
fountain	7
fling	7
fleeting	7
fairy	7
fading	7
either	7
dreams	7
door	7
cower	7
countenance	7
could	7
corpse	7
cool	7
cannot	7
calling	7
brother	7
bride	7
boughs	7
blessed	7
beloved	7
bells	7
been	7
because	7
azure	7
awhile	7
awake	7
art	7
aerial	7
!"	7
wore	6
words	6
wide	6
whispered	6
wherewith	6
wealth	6
weak	6
wane	6
wait	6
vessel	6
vanish	6
universe	6
undulating	6
toy	6
tones	6
tide	6
throne	6
thought	6
temple	6
tall	6
sunlight	6
strong	6
stones	6
stars	6
spray	6
son	6
solitary	6
smoke	6
smiled	6
slender	6
shrine	6
shout	6
shed	6
ripple	6
realms	6
rather	6
ragged	6
prime	6
pride	6
point	6
pleasure	6
pity	6
ones	6
oblivion	6
neck	6
mysterious	6
muffled	6
moved	6
mouth	6
mountains	6
motion	6
morn	6
monster	6
mingled	6
mid	6
merrily	6
lose	6
looms	6
looking	6
longer	6
livid	6
listens	6
leafy	6
lead	6
lately	6
lady	6
kindly	6
keep	6
intervals	6
innocence	6
inevitable	6
immortal	6
ill	6
ideal	6
help	6
hearken	6
hearing	6
health	6
grows	6
grove	6
graves	6
grasses	6
grain	6
gorge	6
found	6
floats	6
float	6
flew	6
fills	6
fever	6
felt	6
feeling	6
feeble	6
fearful	6
famine	6
eyed	6
eve	6
eternity	6
end	6
emerald	6
early	6
drawn	6
distress	6
dissolving	6
dewy	6
dainty	6
crystal	6
cry	6
confusion	6
common	6
colossal	6
christ	6
care	6
burst	6
brown	6
brine	6
bless	6
blaze	6
blade	6
birds	6
beside	6
beheld	6
april	6
apart	6
answer	6
angels	6
amid	6
against	6
*	6
)	6
wrung	5
wrath	5
word	5
woodland	5
win	5
wife	5
wet	5
weird	5
wears	5
weakness	5
wander	5
waiting	5
wail	5
violet	5
vine	5
vengeance	5
vast	5
vainly	5
unearthly	5
tyranny	5
turns	5
told	5
together	5
thwart	5
thrust	5
taken	5
t	5
sword	5
sweetly	5
street	5
starving	5
star	5
spiritual	5
speaks	5
somewhat	5
soil	5
smooth	5
slaves	5
skeleton	5
since	5
silk	5
shrinking	5
showers	5
sharp	5
shame	5
shade	5
serenity	5
sees	5
savour	5
same	5
sail	5
sacred	5
ruined	5
revealed	5
rests	5
repose	5
realm	5
read	5
rapture	5
quietly	5
prone	5
pray	5
pour	5
portentous	5
poison	5
played	5
places	5
phantom	5
perish	5
peal	5
pause	5
passionate	5
palm	5
ours	5
others	5
order	5
o	5
native	5
narrow	5
mystery	5
murmuring	5
murmured	5
mould	5
moon	5
mood	5
moaning	5
mind	5
memory	5
mean	5
make	5
loveliness	5
lovelier	5
lit	5
lightning	5
led	5
leaning	5
leaf	5
laughing	5
large	5
lands	5
lambs	5
lair	5
kneeling	5
kings	5
infant	5
impotent	5
immeasurable	5
idle	5
hymn	5
hurled	5
humble	5
hopes	5
hers	5
hence	5
heavy	5
hearted	5
haze	5
haunts	5
haughty	5
harvest	5
hangs	5
growth	5
growing	5
grim	5
giving	5
girl	5
ghostly	5
gazed	5
fury	5
fume	5
forbear	5
following	5
foe	5
flung	5
flight	5
flames	5
fiend	5
fallen	5
fain	5
ecstasy	5
eager	5
dwell	5
dusk	5
dreary	5
done	5
dimly	5
desert	5
deemed	5
dawned	5
darling	5
darkness	5
crowned	5
creed	5
country	5
clung	5
clouds	5
clinging	5
claim	5
city	5
chill	5
change	5
celestial	5
cavern	5
cataract	5
calls	5
buried	5
brood	5
bring	5
bowers	5
bounding	5
blows	5
blent	5
bear	5
bazeilles	5
bare	5
baffled	5
azrael	5
ask	5
appears	5
anguish	5
ample	5
allerheiligen	5
yore	4
wrought	4
work	4
wont	4
wondering	4
winged	4
wing	4
wilderness	4
wildered	4
west	4
waste	4
waking	4
waits	4
view	4
vestured	4
verdure	4
use	4
universal	4
underneath	4
unconscious	4
twinkling	4
turtle	4
turning	4
turned	4
turbulent	4
trust	4
triumphant	4
triumph	4
tremulous	4
tomorrow	4
timid	4
thrown	4
throat	4
tenderly	4
tells	4
tearful	4
teach	4
tawny	4
taught	4
tame	4
swiftly	4
sustain	4
sunshine	4
subtle	4
stronger	4
strange	4
story	4
store	4
stirs	4
stealing	4
starved	4
stare	4
stands	4
stand	4
stair	4
spot	4
splendour	4
sparkling	4
spake	4
sons	4
songs	4
solitude	4
smouldering	4
smiles	4
slumbrous	4
slumber	4
slope	4
slim	4
sliding	4
sings	4
silently	4
shows	4
shoot	4
shine	4
shells	4
shadowed	4
serene	4
seen	4
seed	4
sedan	4
secret	4
seaward	4
seas	4
scarce	4
sanguine	4
salt	4
sable	4
rude	4
rouse	4
roll	4
roaring	4
rises	4
right	4
rife	4
reveals	4
remain	4
rejoice	4
reeking	4
rays	4
ravening	4
raven	4
range	4
ran	4
rain	4
raiment	4
prove	4
proud	4
presence	4
praise	4
poured	4
plunge	4
plashing	4
plaining	4
plain	4
pilgrim	4
phantoms	4
pastoral	4
past	4
pane	4
oh	4
nursed	4
nought	4
note	4
need	4
nation	4
myrrh	4
mute	4
murder	4
much	4
mournful	4
mounted	4
moons	4
momentary	4
mockery	4
mists	4
mirth	4
ministers	4
mingle	4
mere	4
mercy	4
melody	4
meet	4
meekly	4
measure	4
marred	4
makes	4
main	4
luxuriant	4
lustre	4
lust	4
loathsome	4
lived	4
linger	4
lines	4
line	4
limpid	4
lily	4
lift	4
letters	4
lean	4
leads	4
late	4
lake	4
labouring	4
kindred	4
keen	4
jewelled	4
ivory	4
itself	4
innumerable	4
influence	4
indifferent	4
imbued	4
hushed	4
hurrying	4
hungry	4
hunger	4
hung	4
hued	4
hosts	4
horse	4
horror	4
horizons	4
homely	4
hither	4
higher	4
hideous	4
herself	4
hereditary	4
heaving	4
haunt	4
harmony	4
hark	4
hard	4
happiness	4
grown	4
good	4
glowing	4
glide	4
glance	4
give	4
ghost	4
gay	4
gate	4
garden	4
fumes	4
fruit	4
front	4
freedom	4
fraught	4
forms	4
formidable	4
forget	4
foreboding	4
force	4
fool	4
foliage	4
flowing	4
flood	4
floating	4
flashing	4
flash	4
flag	4
finding	4
fill	4
fiery	4
feign	4
feebly	4
feebleness	4
fault	4
fantasy	4
family	4
fainting	4
fades	4
endure	4
empire	4
emperor	4
embrace	4
elder	4
earthly	4
dwindling	4
dwindled	4
dusky	4
drear	4
dissolve	4
destiny	4
delicious	4
days	4
dawn	4
daughter	4
dare	4
dance	4
cypress	4
cuckoo	4
crystalline	4
crushed	4
crumbling	4
cries	4
crest	4
creature	4
cover	4
conqueror	4
confused	4
concealed	4
clings	4
cling	4
cleaves	4
childhood	4
cheery	4
cheek	4
cave	4
cause	4
carven	4
bursting	4
burned	4
bubbling	4
brotherhood	4
broke	4
breathes	4
breathed	4
brain	4
bosoms	4
blooms	4
bliss	4
blew	4
blast	4
blades	4
billows	4
billow	4
bell	4
beholding	4
bee	4
bed	4
banner	4
balmy	4
backs	4
babe	4
aware	4
assail	4
asleep	4
arose	4
armed	4
anew	4
amorous	4
always	4
aloud	4
alien	4
afloat	4
aflame	4
adorable	4
accursed	4
abide	4
abase	4
|arabic5+digit|	3
youthful	3
wrong	3
writhe	3
worm	3
worlds	3
wooden	3
wolves	3
wit	3
wistfully	3
willow	3
whether	3
whatever	3
welter	3
weeps	3
weeping	3
weariness	3
waver	3
waved	3
waterfall	3
wanes	3
wandered	3
walk	3
wake	3
wak	3
waist	3
wails	3
voluminous	3
void	3
voices	3
visions	3
visionary	3
violent	3
vesper	3
vernal	3
verily	3
venerable	3
veins	3
veil	3
vanishing	3
vacant	3
used	3
upland	3
unforeboding	3
tyrant	3
twin	3
twain	3
tune	3
tumultuous	3
troubled	3
treasure	3
travelled	3
tranquillity	3
tranquil	3
trample	3
tracery	3
trace	3
touch	3
took	3
tonight	3
toils	3
toiler	3
throw	3
thrill	3
thither	3
thirst	3
think	3
they're	3
tempestuous	3
tale	3
swims	3
swept	3
sweeter	3
swarms	3
sure	3
supreme	3
sunward	3
suns	3
sullen	3
subterranean	3
stupendous	3
strewn	3
stilly	3
stern	3
sterile	3
starve	3
stain	3
space	3
sounds	3
sounding	3
sorely	3
soothed	3
sombre	3
soldier	3
soiled	3
sod	3
social	3
snowy	3
snows	3
slink	3
slew	3
sit	3
sisters	3
sire	3
simple	3
silky	3
shy	3
shut	3
shrouded	3
shrines	3
shrank	3
shores	3
shone	3
shocks	3
shiver	3
shape	3
severed	3
selfish	3
self	3
secrets	3
scarred	3
scanty	3
saying	3
say	3
saviour	3
sang	3
sailed	3
said	3
ruth	3
rustic	3
russet	3
rushes	3
runnel	3
run	3
rule	3
ruins	3
rolling	3
rocks	3
roam	3
ring	3
reveal	3
returned	3
resumed	3
resounding	3
resolve	3
reposes	3
remember	3
reels	3
reclined	3
received	3
receive	3
ravishment	3
ravine	3
rapt	3
raised	3
rainbow	3
rage	3
r	3
push	3
prison	3
priest	3
pressed	3
press	3
precipitous	3
porch	3
ponderous	3
pleading	3
playing	3
playful	3
plaintive	3
piny	3
petals	3
pestilence	3
perennial	3
pensile	3
peered	3
peals	3
pauper	3
patriot	3
path	3
pasture	3
parish	3
paris	3
palace	3
painted	3
oppressive	3
opening	3
opened	3
onward	3
olive	3
oil	3
offering	3
obscene	3
noted	3
next	3
nestling	3
nebulous	3
nearer	3
names	3
n	3
mystic	3
myrtle	3
myriad	3
mutual	3
musing	3
multitudinous	3
moving	3
mount	3
mouldered	3
mothers	3
mossy	3
moss	3
moral	3
month	3
monotonous	3
mong	3
misted	3
misery	3
minister	3
mingling	3
mimic	3
miles	3
merciless	3
mellowing	3
meek	3
mass	3
marvelled	3
mariner	3
marge	3
march	3
mangle	3
majesty	3
mailed	3
maid	3
madness	3
mad	3
lustrous	3
lulled	3
lowers	3
loose	3
loathly	3
lithe	3
list	3
lingers	3
lights	3
lifeblood	3
lend	3
learning	3
learn	3
leans	3
law	3
lave	3
laurel	3
laughs	3
lank	3
ladies	3
knell	3
kneel	3
kind	3
jubilant	3
joys	3
jewel	3
jet	3
isle	3
inwoven	3
interval	3
insult	3
innumerous	3
inform	3
infernal	3
ineffable	3
incline	3
inarticulate	3
impose	3
impetuous	3
illume	3
icy	3
ice	3
hurricane	3
hundred	3
hues	3
hue	3
houses	3
hours	3
hounded	3
hot	3
horribly	3
hopeless	3
hoofs	3
hollows	3
hoary	3
history	3
hiding	3
hides	3
hidden	3
hid	3
heroes	3
heed	3
heavily	3
heaves	3
healthful	3
headlong	3
hate	3
hardly	3
hanging	3
halls	3
hall	3
hail	3
gulf	3
guise	3
grassy	3
gospel	3
gory	3
gods	3
glows	3
glossy	3
gloaming	3
glisten	3
glimmer	3
glided	3
gleaming	3
gleamed	3
glassy	3
glass	3
glares	3
glare	3
giant	3
ghosts	3
gesture	3
german	3
geranium	3
gently	3
genius	3
gem	3
gave	3
gathering	3
gasping	3
garner	3
garb	3
future	3
funeral	3
froth	3
fro	3
frenzy	3
fountains	3
founded	3
formless	3
forlorn	3
forgotten	3
folk	3
folds	3
foes	3
foeman	3
flying	3
flutter	3
floor	3
flies	3
fleet	3
fleece	3
flaming	3
flags	3
filmy	3
fiends	3
field	3
fellow	3
feeds	3
fed	3
features	3
fast	3
famished	3
fairer	3
failing	3
evening	3
enkindling	3
endeavour	3
enchanted	3
enamoured	3
else	3
eerie	3
eagle	3
drowsy	3
dread	3
draw	3
doe	3
distances	3
dispense	3
dishevelled	3
dingy	3
dies	3
died	3
dews	3
devil	3
dell	3
delightful	3
deem	3
deed	3
decay	3
damozels	3
dallying	3
curse	3
curls	3
curled	3
crown	3
crowd	3
crime	3
creatures	3
crash	3
crags	3
cowers	3
cottage	3
corpses	3
conquers	3
confuse	3
comfortable	3
clutching	3
clusters	3
closed	3
climb	3
clash	3
civil	3
christmas	3
christian	3
chime	3
charred	3
chapel	3
chaos	3
cedar	3
ceased	3
caves	3
cataracts	3
carried	3
carol	3
burning	3
burden	3
budding	3
bud	3
brow	3
brothers	3
breaks	3
brave	3
brand	3
boundless	3
bound	3
bold	3
boat	3
blundering	3
blowing	3
blooming	3
bitter	3
bite	3
bewildering	3
between	3
behind	3
became	3
beauty	3
beasts	3
bearing	3
beams	3
beaming	3
bay	3
bathed	3
base	3
back	3
baby	3
ashes	3
arouse	3
ardent	3
answering	3
annabel	3
ancestral	3
amber	3
altar	3
albeit	3
airy	3
aims	3
agony	3
ago	3
aged	3
admire	3
abroad	3
••	2
•	2
}	2
zephyr	2
yourselves	2
yourself	2
youngling	2
yielded	2
yelping	2
yellow	2
yearns	2
yearning	2
yearned	2
yearn	2
wrangling	2
wrack	2
worship	2
wooing	2
wooed	2
woo	2
wonted	2
wolf	2
wintery	2
wilt	2
willowherb	2
wildering	2
widow	2
whole	2
whither	2
whiteness	2
whispers	2
whispering	2
whisper	2
whirlwind	2
wheresoever	2
whelm	2
wert	2
weighted	2
weighing	2
weighed	2
weather	2
wearily	2
weapons	2
waving	2
wavelets	2
watery	2
waterfalls	2
washing	2
warmth	2
warmly	2
warbling	2
warble	2
wanton	2
want	2
wand	2
wakeful	2
wains	2
wailing	2
wafts	2
wafting	2
wae	2
w	2
vulgar	2
votive	2
voluptuous	2
vivid	2
vitals	2
vistas	2
visited	2
visit	2
visage	2
virtue	2
villa	2
viewed	2
victory	2
victim	2
venomous	2
velvet	2
veiling	2
veiled	2
vault	2
vasty	2
vaporous	2
vane	2
valley	2
vague	2
upper	2
unwholesome	2
unutterable	2
unseen	2
unrestful	2
unquiet	2
unholy	2
unheeded	2
tyre	2
twine	2
twilit	2
turf	2
tunnel	2
tumult	2
try	2
trusted	2
trunk	2
trouble	2
trod	2
trim	2
travellers	2
travel	2
transitory	2
trampled	2
trafalgar	2
toys	2
town	2
towered	2
tower	2
touched	2
toss	2
torturing	2
tortured	2
tongue	2
tone	2
tolling	2
tinted	2
timorous	2
times	2
thunderous	2
thronged	2
throng	2
thrones	2
threatening	2
thinly	2
thereupon	2
therein	2
therefore	2
thawing	2
thames	2
terror	2
terebinth	2
ten	2
tempest	2
teeth	2
tby	2
talked	2
takes	2
tablet	2
symphony	2
sympathy	2
symbol	2
sylvan	2
swung	2
swoon	2
swing	2
swelling	2
swell	2
sweetest	2
sways	2
swayed	2
swathed	2
sward	2
swan	2
sustained	2
suspense	2
survivor	2
surviving	2
surface	2
supplies	2
supple	2
superstition	2
supernatural	2
sunder	2
sunday	2
sunbeams	2
summons	2
summers	2
sultry	2
suffused	2
suffering	2
sufferers	2
sufferer	2
subsiding	2
subsides	2
suave	2
style	2
striven	2
strive	2
strew	2
strength	2
stray	2
strangle	2
strangers	2
strand	2
stoops	2
stony	2
stillness	2
stifling	2
steeple	2
steep	2
stealthily	2
stealth	2
stay	2
starvation	2
stalwart	2
squat	2
square	2
squalid	2
spurn	2
sprinkles	2
sport	2
splendid	2
spire	2
sphere	2
spent	2
spell	2
speedily	2
speechless	2
spectacle	2
specious	2
sparse	2
sparkles	2
spangled	2
sown	2
souled	2
sort	2
sore	2
soothing	2
somewhere	2
something	2
solid	2
soldiers	2
softens	2
softening	2
sodden	2
sober	2
sobbing	2
soars	2
snout	2
slumbering	2
slopes	2
slightly	2
slides	2
slept	2
sleeping	2
sleek	2
slay	2
slave	2
slaughter	2
slant	2
skirt	2
skin	2
sir	2
simmering	2
silvery	2
silverly	2
sigh	2
siege	2
sickle	2
shuddering	2
shrink	2
shrieking	2
shriek	2
shouts	2
shoulder	2
ship	2
shingle	2
shifting	2
shelly	2
shell	2
sheen	2
sheaves	2
share	2
shameful	2
shalt	2
shake	2
shaggy	2
seven	2
serenely	2
sere	2
sepulture	2
sensitive	2
senseless	2
sell	2
selfishness	2
seeks	2
seek	2
seeing	2
seeds	2
secure	2
seamew	2
seal	2
screaming	2
scream	2
school	2
schemes	2
scent	2
scared	2
says	2
saving	2
saved	2
satisfaction	2
sat	2
sands	2
sailors	2
sad	2
rustle	2
rush	2
rugged	2
ruffling	2
ruffled	2
rudely	2
rounded	2
rotten	2
rosy	2
roseate	2
rooted	2
roofing	2
rolled	2
rocky	2
robed	2
robe	2
rob	2
roaming	2
ripe	2
rings	2
righteousness	2
righteous	2
rifts	2
richly	2
rhythmic	2
rhine	2
revives	2
review	2
reverberate	2
revel	2
revealing	2
returning	2
resurrection	2
responsive	2
responded	2
renewed	2
rendering	2
rend	2
remote	2
remorseless	2
remembrance	2
remembered	2
relenting	2
release	2
relaxing	2
rejoicing	2
reigns	2
reigned	2
regions	2
refuse	2
refreshing	2
reeled	2
reed	2
recoil	2
ready	2
reached	2
reach	2
re	2
ray	2
ravished	2
rank	2
radiant	2
radiance	2
races	2
quoth	2
quiver	2
queen	2
quaver	2
pyre	2
put	2
pushing	2
pushes	2
puritan	2
puny	2
pulsation	2
pulpit	2
prowl	2
promised	2
promise	2
proclaimed	2
primal	2
primaeval	2
priests	2
prey	2
presences	2
precipice	2
prayers	2
prayerful	2
port	2
popular	2
pomegranate	2
plunging	2
plinth	2
pliant	2
pleased	2
pleads	2
plays	2
playfellow	2
plague	2
pitiless	2
pious	2
pinnacled	2
pining	2
pilgrims	2
pestilent	2
personality	2
perfume	2
pent	2
pencilled	2
peering	2
peer	2
peasant	2
pearly	2
pearl	2
pealing	2
pealed	2
peak	2
peaceful	2
pausing	2
paused	2
passion	2
part	2
paradise	2
panther	2
paly	2
overblowing	2
otherwise	2
orgies	2
organ	2
orders	2
orchards	2
orchard	2
orange	2
oppressor	2
opaline	2
opal	2
ominously	2
offspring	2
offended	2
odour	2
odorous	2
obey	2
numb	2
nourished	2
noting	2
nothing	2
nobler	2
noble	2
nightly	2
nightingales	2
nightingale	2
newborn	2
nestle	2
nest	2
needed	2
nearly	2
neared	2
nations	2
nailed	2
naiad	2
musk	2
musical	2
murmurs	2
murmurous	2
murdered	2
mumbling	2
multitude	2
mouths	2
mourners	2
mourn	2
mounded	2
mound	2
mouldering	2
moulder	2
mosses	2
morrow	2
moreover	2
moonlight	2
moods	2
monstrous	2
monotone	2
monks	2
monarch	2
mocks	2
mob	2
misty	2
miserable	2
mire	2
miraculous	2
mingles	2
millions	2
midnight	2
middle	2
met	2
message	2
menace	2
melt	2
meets	2
means	2
meads	2
meadows	2
mayor	2
mature	2
maternal	2
massy	2
masses	2
marvel	2
marrying	2
mantling	2
mantle	2
mankind	2
maniac	2
mangling	2
maimed	2
lyre	2
luxury	2
luxurious	2
lute	2
luscious	2
lurks	2
lurid	2
lure	2
luminous	2
lullaby	2
lucent	2
loyal	2
lot	2
lordly	2
loom	2
lone	2
liquid	2
lip	2
limbed	2
limb	2
lightly	2
lifts	2
lieth	2
level	2
letter	2
lent	2
lemon	2
leisurely	2
leisure	2
legend	2
ledge	2
leaved	2
least	2
leapt	2
leaps	2
leagues	2
lea	2
laying	2
lavished	2
lavish	2
laved	2
latest	2
lapse	2
languid	2
lance	2
lamp	2
laden	2
knowledge	2
knights	2
kneels	2
kissing	2
kissed	2
kept	2
june	2
joyance	2
joined	2
join	2
jewels	2
jasper	2
ivy	2
iu	2
isles	2
islands	2
irradiate	2
inward	2
inviolate	2
inviolable	2
invest	2
intrusion	2
intone	2
insults	2
instrument	2
insolently	2
insolent	2
insistance	2
insatiate	2
inhuman	2
inhaling	2
inflame	2
infamy	2
individual	2
indignation	2
indeed	2
impulse	2
implores	2
imperially	2
impelled	2
impart	2
impalpably	2
impalpable	2
immersed	2
immensity	2
immense	2
image	2
illusion	2
ills	2
idly	2
ida	2
hymns	2
hymeneal	2
hyaline	2
hushful	2
husband	2
hurried	2
hunting	2
hunted	2
hungering	2
humanity	2
humanities	2
hull	2
huddled	2
howsoever	2
housewife	2
house	2
host	2
horizon	2
honours	2
honour	2
homes	2
homeless	2
holiest	2
holier	2
hoarse	2
hoaiy	2
hills	2
highborn	2
heroic	2
hero	2
helped	2
height	2
heaved	2
heave	2
heat	2
hearth	2
hearkening	2
healing	2
headstone	2
haven	2
haunted	2
hatred	2
hast	2
harsh	2
happier	2
hang	2
hailed	2
haggard	2
guns	2
gun	2
guitar	2
guileless	2
guard	2
grow	2
grates	2
grasp	2
grapple	2
grandeur	2
grains	2
gradual	2
grab	2
gorgeous	2
goes	2
goddess	2
glorious	2
glistening	2
glimmering	2
gliding	2
glee	2
gleameth	2
glancing	2
gladness	2
gladden	2
glad	2
girlish	2
gilded	2
gift	2
get	2
germany	2
gear	2
gaunt	2
gathered	2
gash	2
galifet	2
gaily	2
g	2
funereal	2
fuming	2
fumbling	2
fulsome	2
fugitives	2
fruits	2
frown	2
fringing	2
fringe	2
friends	2
freshly	2
frenchmen	2
fragrant	2
four	2
fortune	2
former	2
forests	2
foreign	2
forced	2
forbore	2
forbidden	2
foodful	2
fondly	2
fond	2
follows	2
follow	2
foliaged	2
folding	2
folded	2
fold	2
foaming	2
fluttering	2
flutes	2
flushes	2
flushed	2
fluent	2
flown	2
flounders	2
floors	2
flicker	2
fled	2
flawless	2
flavour	2
flaring	2
fired	2
fir	2
finished	2
fingering	2
finger	2
filming	2
figures	2
figs	2
fiercely	2
fields	2
feudal	2
fervours	2
fervent	2
fellows	2
fellow-feeling	2
felicities	2
feigning	2
feasting	2
fears	2
fearless	2
fawn	2
favourite	2
fatuous	2
fascinating	2
fangs	2
familiarly	2
familiar	2
falter	2
faints	2
failed	2
fable	2
extremity	2
expense	2
expands	2
expanding	2
exhaling	2
exhalation	2
evil	2
eves	2
equal	2
entwine	2
enough	2
enfold	2
ends	2
ending	2
enchantment	2
eloquence	2
elfin	2
elf	2
eld	2
edifice	2
edge	2
eden	2
echoing	2
ebbing	2
east	2
ears	2
earnest	2
earliest	2
earlier	2
dyes	2
dyed	2
dye	2
dwells	2
dwellers	2
dun	2
dulcimer	2
dry	2
drunk	2
drowned	2
drove	2
drooping	2
drifts	2
drifted	2
dreamland	2
dreaming	2
dreameth	2
dreamed	2
drain	2
dragged	2
dower	2
doves	2
doomed	2
dominion	2
dome	2
dogs	2
docile	2
divorce	2
divined	2
distill	2
distance	2
disorderly	2
dismayed	2
dismay	2
dishonour	2
disease	2
disaster	2
dipping	2
different	2
differences	2
dew	2
devouring	2
devour	2
despoil	2
desperate	2
deserted	2
dense	2
dens	2
denial	2
demon	2
demanded	2
delirium	2
delirious	2
delaying	2
delayed	2
defied	2
decline	2
declared	2
dean	2
deaf	2
deadly	2
dazed	2
daughters	2
darkling	2
darkened	2
dared	2
dank	2
dandy	2
dames	2
dally	2
daisies	2
daintily	2
dainties	2
daffodil	2
cursing	2
curling	2
curl	2
culture	2
crush	2
crumbs	2
crossed	2
crooning	2
cried	2
creeps	2
creeping	2
creep	2
crawling	2
crashing	2
cowering	2
cove	2
courts	2
cough	2
cornice	2
corn	2
core	2
cooling	2
conversing	2
consummation	2
conscious	2
congenial	2
compassion	2
coming	2
coloured	2
colour	2
college	2
collar	2
coarse	2
clutch	2
cliffs	2
cliff	2
cleave	2
clasp	2
clashing	2
claiming	2
clad	2
christianity	2
chose	2
childlike	2
childish	2
chide	2
cherished	2
charm	2
chalcedony	2
chains	2
chaff	2
centuries	2
cedars	2
ceasing	2
cease	2
cavernous	2
cauldron	2
cathedral	2
cast	2
careless	2
career	2
called	2
cage	2
buy	2
butterfly	2
butterflies	2
burnt	2
bullets	2
bulk	2
brought	2
bronzy	2
brief	2
bridal	2
breezy	2
breathless	2
breasts	2
bread	2
brandish	2
boys	2
boyish	2
bower	2
bounded	2
boulder	2
bosomed	2
borrow	2
bore	2
bones	2
bone	2
blush	2
blossoms	2
bloomed	2
bloody	2
bloodless	2
block	2
blindly	2
blight	2
blends	2
blending	2
bleeds	2
bleed	2
bleared	2
bleak	2
blaspheming	2
blare	2
blame	2
bis	2
bewilderingly	2
beware	2
benumbed	2
bents	2
benevolence	2
bending	2
bend	2
belts	2
believe	2
beholds	2
begrimed	2
began	2
bees	2
beat	2
beard	2
beam	2
bathe	2
bas	2
baring	2
barbarossa	2
ban	2
balm	2
ball	2
baleful	2
awoke	2
awakening	2
avenging	2
avail	2
atmosphere	2
athirst	2
asunder	2
askance	2
arriving	2
array	2
arising	2
arisen	2
ardour	2
arch	2
apples	2
apparel	2
appal	2
anxious	2
anthem	2
annoy	2
amassed	2
aloft	2
almost	2
alluringly	2
alluring	2
allows	2
alike	2
aisles	2
ailing	2
agonising	2
ages	2
agelong	2
afraid	2
affright	2
afford	2
aethereal	2
according	2
abyss	2
abysmal	2
abortive	2
abideth	2
abides	2
abhorred	2
abbey	2
?)	2
...	2
),	2
!)	2
■\yho	1
•'	1
|arabic4digit|	1
zany	1
youths	1
youngest	1
younger	1
you've	1
you're	1
you'll	1
you'd	1
yokes	1
yoke	1
yes	1
yerdure	1
yen	1
yawning	1
yawn	1
wrote	1
wrongs	1
wronged	1
written	1
writhing	1
writhest	1
writhes	1
writhen	1
wrist	1
wrinkling	1
wrinkled	1
wrestling	1
wrestles	1
wrestled	1
wresting	1
wrench	1
wreckers	1
wrecked	1
wreaths	1
wreathing	1
wreath	1
wrathful	1
woven	1
wove	1
wounds	1
wound	1
worthy	1
worst	1
worshippeth	1
worshipped	1
wornout	1
worms	1
wormfretted	1
wormeaten	1
worldly	1
works	1
workman	1
working	1
woos	1
wools	1
wool	1
woodwork	1
woodpigeon	1
wonders	1
wonderful	1
won	1
wolfish	1
woes	1
woeful	1
wlierein	1
wizened	1
wizard	1
wives	1
witnessed	1
withers	1
withering	1
wither	1
witching	1
wistful	1
wish	1
wipe	1
winkelried	1
winglike	1
winedark	1
windy	1
winding	1
windily	1
windflower	1
windfiower	1
wimpling	1
wimple	1
wills	1
willing	1
wildwood	1
wildly	1
wilding	1
wilders	1
widows	1
widowed	1
widely	1
wicket	1
wicked	1
whorl	1
wholesome	1
whoever	1
whitening	1
whited	1
whirled	1
whirl	1
whim	1
wherewithal	1
wherever	1
whereupon	1
whereunto	1
whereon	1
whereat	1
whenever	1
whelms	1
wheels	1
wheel	1
wheaten	1
wheat	1
whatsoever	1
wharf	1
westering	1
wending	1
wells	1
welled	1
well-to-do	1
welfare	1
welcomed	1
welcome	1
weighty	1
weightier	1
weighs	1
week	1
weeds	1
wedding	1
wed	1
weaving	1
weaves	1
weaver	1
weatherworn	1
wearing	1
wearies	1
wearied	1
wear	1
weaponed	1
wealthy	1
weal	1
weaker	1
we're	1
wbo	1
wayward	1
ways	1
wayfarers	1
wavy	1
waveworn	1
wavereth	1
wavered	1
wavegreen	1
watersheen	1
waterlight	1
watereth	1
watchful	1
watched	1
watch	1
wash	1
wary	1
warrior	1
warranted	1
warms	1
ward	1
wants	1
wantoning	1
waning	1
waned	1
wanderer	1
wallowing	1
walled	1
walked	1
wakes	1
waken	1
wailed	1
waifs	1
waggish	1
wag	1
wafted	1
waft	1
wab	1
vulture	1
vowed	1
vouchsafed	1
votaries	1
vorn	1
voracious	1
vivant	1
visiting	1
visible	1
viscous	1
virtuous	1
virginal	1
violated	1
vile	1
views	1
vied	1
vie	1
victoriously	1
victorious	1
victims	1
vice	1
vestige	1
vested	1
vest	1
vessels	1
vermin	1
veritably	1
verify	1
verge	1
verdured	1
ventriloquist	1
venial	1
vengeful	1
vellum	1
vein	1
vegetable	1
veering	1
veered	1
vaunt	1
vaults	1
vaster	1
varying	1
vary	1
variegating	1
variegated	1
varied	1
variance	1
vapours	1
vantage	1
vans	1
vanquished	1
vanquish	1
vanishest	1
vanishes	1
van	1
vampire	1
valv£d	1
valve	1
valour	1
vale	1
vaguely	1
vacillates	1
uttering	1
utter	1
usurper	1
uses	1
urgent	1
urged	1
uproarious	1
uproar	1
uppermost	1
upheaved	1
upheave	1
upheaped	1
unworthy	1
unwonted	1
unwondering	1
unwieldy	1
unwearying	1
unwearied	1
unveiling	1
unveil	1
untravelled	1
untossed	1
untersberg	1
unsweet	1
unsouled	1
unskilful	1
unshamed	1
unroofed	1
unrolled	1
unrest	1
unresponding	1
unremembered	1
unregenerate	1
unrefreshing	1
unravelling	1
unquenchable	1
unnourished	1
unnoted	1
unnamed	1
unmurmuring	1
unmoved	1
unmasked	1
unloved	1
unlink	1
unknowing	1
union	1
unimperious	1
unheeding	1
unheard	1
unhealing	1
unhasting	1
unhappy	1
unglutted	1
unfurled	1
unfortunates	1
unfolds	1
unfolding	1
unflinching	1
unfathomable	1
unfamiliar	1
unfair	1
unfaded	1
unexpectedly	1
uneventful	1
unerringly	1
undying	1
unduly	1
undulation	1
undulates	1
undoing	1
undertakes	1
undefiled	1
undazzled	1
unction	1
unconstellated	1
unconditioned	1
uncompromising	1
uncoloured	1
uncoiling	1
unclouded	1
unclose	1
unclean	1
uncivil	1
uncertain	1
unbroken	1
unbreathing	1
unboded	1
unawares	1
unavailing	1
unaspiring	1
unafraid	1
umbrage	1
ugly	1
u	1
tyrannous	1
twirled	1
twinkles	1
twinkle	1
twined	1
twiligbt	1
twigs	1
twenty	1
twelve	1
turmoil	1
turbid	1
turban	1
tuning	1
tumbril	1
tumbles	1
tufted	1
trussed	1
trumpet	1
trucks	1
trove	1
troubles	1
troth	1
trolls	1
trodden	1
trivial	1
triumphantly	1
trips	1
trinkets	1
trinity	1
trifles	1
trifle	1
tries	1
trickling	1
trickle	1
tribute	1
trial	1
tremulously	1
tremendous	1
trembling	1
trembled	1
trellised	1
treat	1
treasury	1
treading	1
tread	1
treacherous	1
trea	1
travelling	1
travails	1
transported	1
translucency	1
transcendant	1
tranquilly	1
trance	1
trampling	1
tramp	1
train	1
trailed	1
trail	1
tradition	1
trades	1
tracts	1
track	1
traced	1
townhouses	1
towards	1
touching	1
tottering	1
tossed	1
torturers	1
torture	1
torrent	1
torches	1
toppling	1
tonnes	1
toned	1
tollings	1
tolerant	1
tokens	1
token	1
toilsome	1
toiling	1
toiled	1
toddy	1
tittering	1
titans	1
tireurs	1
tinkling	1
tingle	1
tinging	1
tinged	1
tilted	1
tilled	1
tile	1
tightening	1
tighten	1
tigers	1
ties	1
tie	1
tides	1
tidal	1
thymetuft	1
thyme	1
thus	1
thurifer	1
thunders	1
thunderpeals	1
thrusts	1
thrusting	1
throve	1
throned	1
throes	1
throbs	1
throb	1
thrilled	1
threatens	1
threading	1
threadbare	1
thrall	1
thoughts	1
thorn	1
thj	1
thistles	1
thirsting	1
thinned	1
thickly	1
thicket	1
thero	1
thern	1
theo	1
themselves	1
themes	1
thanks	1
thanked	1
teuton	1
test	1
terrifically	1
terrific	1
terraced	1
terpander	1
terms	1
termed	1
tenderhearted	1
tenderest	1
tended	1
tenantless	1
tempestuously	1
telling	1
tei'rible	1
teeming	1
tearless	1
tearing	1
tearfully	1
te	1
tbrec	1
tavern	1
taunt	1
taste	1
task	1
tarried	1
tardy	1
tapers	1
tangling	1
tangle	1
tamed	1
talons	1
taller	1
talks	1
talk	1
taking	1
tainted	1
taint	1
tact	1
table	1
systems	1
swound	1
swords	1
swooning	1
swollen	1
swirl	1
swings	1
swinging	1
swimming	1
swim	1
sweltering	1
swelled	1
sweeps	1
sweep	1
sweat	1
swath	1
swart	1
swans	1
swam	1
swallowed	1
swallow	1
swait	1
sustaining	1
suspended	1
survive	1
surveys	1
surprised	1
surplus	1
surly	1
surging	1
surge	1
surcharged	1
suppressed	1
supine	1
superstructure	1
superior	1
superhuman	1
sunsmitten	1
sunset	1
sunnily	1
sunniest	1
sunken	1
sunk	1
sung	1
sundering	1
sundered	1
summon	1
summit	1
sullenly	1
suit	1
suicide	1
suffusion	1
suffuse	1
suffers	1
suffered	1
sufferance	1
sues	1
sudra	1
suddenly	1
sudden	1
succeeding	1
subtler	1
submit	1
sublimely	1
subject	1
styes	1
stupid	1
stupefying	1
stung	1
stumbling	1
stumbles	1
stubborn	1
strut	1
struggling	1
struggled	1
struggle	1
structure	1
struck	1
strown	1
strove	1
stroke	1
striding	1
stride	1
stricken	1
strewing	1
strewed	1
stress	1
strengthening	1
streamlet	1
streaming	1
straying	1
strawberry	1
strangely	1
stranding	1
strait	1
strains	1
straining	1
straightens	1
stormy	1
stormlike	1
stormful	1
storing	1
storied	1
stooping	1
stonecrop	1
stolid	1
stitch	1
stirred	1
stilled	1
stifle	1
stiffening	1
stiffened	1
stiff	1
steps	1
stepped	1
stench	1
stems	1
stem	1
steeps	1
steeping	1
steely	1
stealthy	1
steadfast	1
stays	1
stayed	1
stately	1
starvest	1
starveling	1
startling	1
start	1
starry	1
starred	1
starlight	1
stark	1
standing	1
stamp	1
stalks	1
stalking	1
stairs	1
stains	1
stainless	1
stained	1
staggers	1
stacks	1
stab	1
st	1
squandereth	1
squalor	1
spume	1
sprouted	1
sprite	1
sprinkling	1
sprinkled	1
springtime	1
springing	1
sprighted	1
sprent	1
spread	1
sprawling	1
sprang	1
spots	1
sportsman	1
sporting	1
spoke	1
spoils	1
spoil	1
splendours	1
spits	1
spite	1
spirituous	1
spires	1
spins	1
spilled	1
spheres	1
spells	1
speed	1
spectres	1
spectre	1
spectral	1
special	1
speakers	1
speak	1
spasm	1
sparkle	1
spare	1
spar	1
spal	1
spain	1
spades	1
sowed	1
sow	1
southern	1
south	1
sour	1
soup	1
sounded	1
sorrows	1
sorrowing	1
sorrowful	1
sorrel	1
sorer	1
sophistic	1
sop	1
sooner	1
sonorous	1
songful	1
somnolence	1
solve	1
solutions	1
solitudes	1
solemnised	1
sole	1
soids	1
softest	1
softer	1
softened	1
sob	1
soaring	1
soar	1
snowflake	1
snowcloud	1
snorts	1
sniffs	1
snatches	1
snapped	1
snaky	1
snakes	1
snake	1
smoulder	1
smothers	1
smothering	1
smote	1
smoothing	1
smoking	1
smokes	1
smite	1
smiling	1
smell	1
smart	1
slung	1
slumbrously	1
slumbers	1
slumbered	1
sloped	1
slippery	1
slip	1
slimy	1
slime	1
slight	1
slide	1
slid	1
slenderly	1
sleet	1
sleepy	1
sleeps	1
slaying	1
slayeth	1
slayer	1
slaving	1
slaveship	1
slavery	1
slaver	1
slaughtered	1
slanting	1
slander	1
slaking	1
slakeless	1
skyward	1
skull	1
skirts	1
skill	1
skiey	1
skeletons	1
sitting	1
sips	1
sip	1
sinners	1
sinks	1
sinking	1
sink	1
single	1
singer	1
sinful	1
simpers	1
simoom	1
simmers	1
simmer	1
silvers	1
silvern	1
silvergrey	1
silvered	1
silken	1
sign	1
sights	1
sightless	1
sidles	1
sidelong	1
sickening	1
sick	1
si	1
shyly	1
shuffling	1
shrunk	1
shroud	1
shrinks	1
shrilly	1
shrilled	1
shrieks	1
shrewder	1
shown	1
showman	1
showered	1
shower	1
show	1
shoulders	1
short	1
shoreside	1
shopkeeping	1
shook	1
shoes	1
shoeless	1
shivers	1
shivering	1
ships	1
shiny	1
shines	1
shimmered	1
shielded	1
sherds	1
shepherd	1
shelving	1
sheltering	1
shellac	1
sheer	1
sheeny	1
sheddings	1
shedding	1
sheathed	1
shattering	1
shattered	1
shatter	1
shark	1
shared	1
shapes	1
shames	1
shamefast	1
shallow	1
shakes	1
shadowing	1
shades	1
sex	1
settle	1
setting	1
serviceable	1
serves	1
served	1
serried	1
serpents	1
sepulchre	1
sepulchral	1
sentinel	1
sent	1
sensibility	1
senses	1
sends	1
send	1
semblance	1
selves	1
self-interest	1
seize	1
seine	1
seethingly	1
seerneth	1
seemly	1
seemeth	1
seeking	1
sedulous	1
sedge	1
secretly	1
secrete	1
secrecy	1
sec	1
seaweed	1
seawater	1
seatrough	1
seasonable	1
season	1
seashore	1
seared	1
searching	1
searched	1
search	1
seaplume	1
seagroves	1
seafoam	1
scum	1
scrofulous	1
scribbling	1
screams	1
scrawled	1
scrawl	1
scraping	1
scowling	1
scowl	1
scour	1
scorning	1
scorned	1
scorching	1
scorched	1
scoff	1
scintillating	1
scimitar	1
scenes	1
scattereth	1
scattered	1
scatter	1
scarlet	1
scare	1
scaped	1
scale	1
saws	1
saviours	1
saveth	1
saves	1
savage	1
saunters	1
sauntering	1
saturnine	1
saturate	1
satisfying	1
satisfied	1
satiate	1
sarnphired	1
sardonic	1
sappho	1
sank	1
sanely	1
sane	1
sanctuary	1
san	1
salzburg	1
salvation	1
salvage	1
saluting	1
salutes	1
salute	1
saltcellar	1
sallow	1
saintship	1
saints	1
saintliest	1
saint	1
sahara	1
sage	1
sacrificial	1
sacrifice	1
sacrament	1
sacks	1
sabbath	1
s	1
ruthlessly	1
rusty	1
rustles	1
rung	1
rumour	1
rumble	1
ruleth	1
ruled	1
ruinous	1
ruffles	1
ruffle	1
ruffians	1
rue	1
ruddy	1
ruddies	1
ruby	1
rubies	1
rubens	1
roved	1
rove	1
rough	1
rot	1
rosebuds	1
rosebower	1
rope	1
roots	1
rooks	1
roof	1
rood	1
romantic	1
rolls	1
rochefoucauld	1
robin	1
roars	1
roameth	1
roamed	1
roadway	1
road	1
rlorious	1
riving	1
riven	1
rivals	1
rivalry	1
risest	1
risen	1
rioting	1
riot	1
ringlets	1
ringing	1
rills	1
rillets	1
rill	1
rights	1
rifted	1
rift	1
rifle	1
rides	1
rider	1
rhymes	1
rhyme	1
rhone	1
reward	1
revolution	1
reviving	1
reviled	1
reverently	1
reverent	1
reverberating	1
revenging	1
revels	1
revelling	1
revelled	1
revelation	1
returns	1
retreats	1
retort	1
retiring	1
resume	1
restored	1
resting	1
restful	1
resteth	1
responsively	1
resplendent	1
respite	1
respire	1
respectable	1
respectability	1
resounded	1
resorts	1
resort	1
resonant	1
resolving	1
resigns	1
resign	1
resembling	1
required	1
reprobate	1
reposing	1
reply	1
replunge	1
replies	1
replete	1
repenting	1
repelling	1
repeating	1
repasts	1
reopens	1
renew	1
rends	1
removing	1
remove	1
remoulding	1
remorse	1
remonstrance	1
remnants	1
remembrances	1
remembering	1
remains	1
remainest	1
reluctantly	1
relish	1
relieving	1
relieve	1
relegated	1
released	1
relaxed	1
rejoices	1
reiterated	1
reinstate	1
rehearsed	1
regis	1
region	1
regilded	1
regarding	1
regal	1
refused	1
refuge	1
reft	1
refreshed	1
refrain	1
refluent	1
reflects	1
reflecting	1
reflected	1
refined	1
reek	1
reeds	1
reduce	1
recurrence	1
recording	1
record	1
reconstitution	1
reconcilest	1
reconcile	1
recoils	1
recoiling	1
reclines	1
recline	1
reckless	1
recesses	1
receding	1
receded	1
recalls	1
recall	1
rebuffed	1
rebounding	1
rebound	1
rebels	1
rebellowing	1
rebellions	1
rebel	1
reassumeth	1
reassume	1
reason	1
rears	1
reared	1
rear	1
reaping	1
reap	1
really	1
real	1
reaching	1
rattle	1
rat	1
rash	1
rarer	1
ranges	1
ranged	1
rancour	1
ramparts	1
rampart	1
rampant	1
ramble	1
ram	1
rally	1
raising	1
raises	1
rains	1
rained	1
raiments	1
rags	1
raftered	1
radicals	1
radical	1
radiate	1
racers	1
rabble	1
rabbit	1
quivers	1
quivering	1
quick	1
questions	1
question	1
quest	1
quench	1
quavers	1
quavered	1
quarters	1
quaff	1
q	1
pygmalion	1
putting	1
putrescent	1
putrefying	1
pursuit	1
purls	1
purity	1
purify	1
purfume	1
purest	1
pureness	1
puppet	1
punished	1
pungent	1
pulling	1
pulled	1
pull	1
pule	1
publicans	1
psyche	1
prudence	1
prowls	1
prowling	1
providence	1
provided	1
proven	1
proved	1
proudly	1
protruding	1
protection	1
prosperity	1
propriety	1
prophets	1
prophecy	1
property	1
proper	1
promethean	1
prolong	1
prolific	1
profusion	1
profoundly	1
profit	1
profano	1
production	1
produce	1
proclaims	1
proclaim	1
procession	1
prisons	1
printed	1
prince	1
primrose	1
prig	1
prickly	1
prick	1
price	1
prevailing	1
presumptuous	1
presumes	1
presume	1
pressure	1
presiding	1
presage	1
prematurely	1
preluding	1
prefer	1
precincts	1
prean	1
pre	1
prayer	1
prayed	1
prates	1
prate	1
praising	1
praised	1
praetorian	1
powerful	1
powdery	1
poverty	1
pours	1
pouring	1
pourest	1
potsherd	1
potential	1
posts	1
possible	1
possibility	1
possibilities	1
possesses	1
possessed	1
position	1
portrayals	1
portrayal	1
portraiture	1
portraits	1
portly	1
pored	1
pore	1
population	1
poppy	1
poplar	1
poorly	1
ponderously	1
pondering	1
pollute	1
political	1
politely	1
polished	1
poisoning	1
poised	1
points	1
pointing	1
pointed	1
poets	1
ply	1
plunder	1
plundei	1
plumy	1
plumes	1
plumed	1
plume	1
plumage	1
ploughs	1
plighted	1
plethoric	1
pleasures	1
pleasuee	1
please	1
pleas	1
plaything	1
plausible	1
platitude	1
platform	1
plate	1
plash	1
plants	1
planted	1
plantain	1
plans	1
planks	1
planet	1
planes	1
plains	1
placidly	1
placed	1
pitying	1
pitoously	1
pitilessly	1
pitifully	1
pit	1
pirates	1
pips	1
pipes	1
piouse	1
pinched	1
pillows	1
pillory	1
pillared	1
pilgrimage	1
piles	1
piled	1
pilasters	1
pierrot	1
pierce	1
piece	1
picture	1
picks	1
pick	1
phrasing	1
phosphorescent	1
phosphor	1
philosophic	1
phidian	1
phallic	1
petrel	1
petite	1
petal	1
pet	1
pervading	1
pervades	1
perturbed	1
persuade	1
personal	1
person	1
perplexity	1
perplexed	1
perpendicular	1
periwinkle	1
periodical	1
perils	1
perilous	1
perilled	1
perfumed	1
perforce	1
perdition	1
pensively	1
pennons	1
pedestal	1
pearls	1
peacefully	1
pawned	1
pavements	1
pauxgexesis	1
pauses	1
paupers	1
paul	1
patted	1
patronise	1
patronage	1
pathetic	1
pate	1
pastures	1
passionflower	1
passes	1
partling	1
parting	1
parson	1
parnasse	1
park	1
parisian	1
pariahs	1
pariah	1
parents	1
parental	1
pare	1
pard	1
parching	1
parasitic	1
paralysing	1
paralysed	1
paphian	1
pap	1
pants	1
pant	1
pansies	1
panic	1
panes	1
pander	1
pandemonium	1
panacea	1
pampered	1
pamper	1
pals	1
palpitating	1
pallid	1
pall	1
paler	1
palely	1
paled	1
palaver	1
palatial	1
palaces	1
palaced	1
pair	1
pageantry	1
page	1
paces	1
paced	1
pace	1
p	1
oxen	1
owls	1
overwrought	1
overwhelms	1
overwhelming	1
overtired	1
oversea	1
overpowering	1
overpower	1
overlying	1
overlean	1
overhead	1
overgrown	1
overflow	1
overdriven	1
overboard	1
overblown	1
outside	1
outcast	1
ourselves	1
ounger	1
otir	1
otherwhere	1
orphans	1
oriental	1
organs	1
organise	1
ordured	1
ordering	1
oranges	1
oracle	1
opulence	1
oppressed	1
opalline	1
opallescent	1
opalescent	1
oozing	1
ooze	1
olympian	1
olives	1
oldish	1
oftener	1
ode	1
oceanward	1
oceanlike	1
oceanborne	1
obtrudes	1
obstruction	1
observing	1
observes	1
obscurities	1
obscured	1
obscure	1
obeyed	1
oath	1
oases	1
oarweed	1
oars	1
oak	1
nymph	1
nursery	1
nurse	1
nun	1
nudge	1
noxious	1
novel	1
nourishment	1
nourishes	1
notice	1
notes	1
nostrils	1
nosegay	1
northeastern	1
north	1
noon	1
noiselessly	1
noise	1
nodding	1
nod	1
nobles	1
nobleman	1
nobility	1
noav	1
nipping	1
niornent	1
nimble	1
nile	1
niagara	1
news	1
newly	1
never-failing	1
netted	1
nets	1
nestled	1
nested	1
nervous	1
nervi	1
nerves	1
nerveless	1
nepenthe	1
neighbouring	1
neighbourhoods	1
neighbourhood	1
needing	1
needful	1
necessary	1
nebulously	1
neath	1
nears	1
nearing	1
nearest	1
ncit	1
nc	1
navies	1
nave	1
naughty	1
natures	1
natural	1
natal	1
nascent	1
narrowing	1
narcotic	1
nape	1
nameless	1
named	1
nail	1
mysteriously	1
mysteries	1
myriads	1
musket	1
musingly	1
mused	1
murniurs	1
murmurously	1
murderous	1
murdering	1
munch	1
mumble	1
multiply	1
multiplied	1
ms	1
mr	1
mowing	1
mow	1
movest	1
moveless	1
mourning	1
mounteth	1
moulding	1
moulders	1
moulded	1
motley	1
motions	1
motionless	1
moths	1
motes	1
mossgreen	1
mossful	1
mortals	1
mopping	1
moonwhite	1
moonless	1
moody	1
moodily	1
months	1
mont	1
monsters	1
monotony	1
monotonously	1
monkeys	1
monday	1
monarchs	1
moments	1
momently	1
molest	1
moil	1
modulations	1
modulating	1
modulated	1
modest	1
models	1
mocking	1
mobrule	1
moat	1
moans	1
mnrdering	1
mj'steries	1
mitylene	1
mitrailleuse	1
mistrust	1
mister	1
misgrowth	1
misgiving	1
miser	1
miry	1
mirrors	1
mirrored	1
mint	1
miniver	1
ministering	1
ministered	1
mined	1
mince	1
minarets	1
mimosa	1
million	1
millinery	1
mill	1
milk	1
military	1
mile	1
mildest	1
milan	1
mightier	1
midway	1
microcosm	1
miasma	1
metz	1
methymnian	1
methinks	1
mete	1
metal	1
mermaiden	1
mercury	1
merciful	1
mephistopheles	1
menacing	1
members	1
member	1
melting	1
melted	1
melodious	1
mellifluent	1
meekness	1
medley	1
meditative	1
mechanical	1
meat	1
measures	1
measured	1
meant	1
meaningless	1
meaning	1
meaner	1
meander	1
meal	1
mazily	1
mazes	1
maybeam	1
maturing	1
matted	1
mating	1
masters	1
mast	1
masonry	1
mask	1
mary	1
marvellously	1
marvellous	1
martinet	1
martial	1
mart	1
mars	1
married	1
maroon	1
marmoreal	1
market	1
mark	1
marjoram	1
mariners	1
marie	1
margin	1
margcaux	1
map	1
mantles	1
manner	1
manly	1
manifold	1
maniacal	1
manhood	1
mangled	1
manful	1
manacled	1
malthus	1
malison	1
malign	1
malice	1
maim	1
mail	1
maids	1
maidens	1
maidenhair	1
mahogany	1
magnificent	1
magnanimity	1
magical	1
magic	1
madrigal	1
mabel	1
lynx	1
lynmouth	1
ly	1
luxuries	1
lustred	1
lush	1
lured	1
lurch	1
lumbers	1
lumber	1
lulls	1
lullabies	1
lull	1
lucky	1
luckier	1
luck	1
lucid	1
loyalty	1
lowlily	1
lowland	1
lowest	1
lowered	1
lowborn	1
lovelocks	1
loveliest	1
loveless	1
loveladen	1
lounging	1
loungers	1
louder	1
loth	1
lorn	1
lore	1
lords	1
lop	1
longs	1
longings	1
longed	1
loneliness	1
loll	1
loitering	1
loiter	1
loins	1
logs	1
lofty	1
loftier	1
lodge	1
locust	1
locks	1
locked	1
local	1
loathing	1
loathed	1
loads	1
load	1
llung	1
lively	1
livelong	1
littering	1
listlessly	1
listener	1
lis	1
lir	1
lion	1
link	1
lining	1
lingered	1
ling	1
linen	1
lineaments	1
linden	1
limply	1
limp	1
limit	1
lilies	1
lilac	1
lightness	1
lightheaded	1
lightens	1
lifting	1
lifeless	1
lids	1
lichened	1
lichen	1
libertine	1
liberal	1
libation	1
liaves	1
lewd	1
levin	1
letting	1
lethargy	1
lethal	1
lessening	1
length	1
legs	1
legal	1
leaving	1
leash	1
learned	1
leaping	1
leapeth	1
leagtiering	1
leaflets	1
leafless	1
leafing	1
lazarettes	1
lays	1
laws	1
lawny	1
lawns	1
lawn	1
lavishing	1
laving	1
laves	1
lavender	1
laurelled	1
laughed	1
lattices	1
latter	1
lathers	1
latch	1
lashless	1
lashed	1
lapses	1
lapping	1
lapped	1
languorous	1
languor	1
languish	1
languidly	1
lanes	1
landscape	1
landed	1
lamps	1
lament	1
lambent	1
lamb	1
lafitte	1
lachrymose	1
lacework	1
lacerated	1
lacerate	1
labyrinths	1
labyrinthine	1
labyrinth	1
kushful	1
kulers	1
known	1
knowing	1
knoweth	1
knives	1
knits	1
knife	1
knelt	1
kiss	1
kinsman	1
kingly	1
kingdoms	1
kingdom	1
kingcups	1
kindling	1
kindle	1
keys	1
kew	1
kesentful	1
keeper	1
kathleen	1
justice	1
just	1
jungle	1
junes	1
judgement	1
judge	1
jubilee	1
jubilations	1
jubilation	1
joyless	1
joyed	1
jesters	1
jeer	1
jaws	1
jasmine	1
jarred	1
jar	1
jammed	1
jackal	1
iy	1
ivied	1
itches	1
italy	1
issuing	1
irony	1
iridescent	1
iranian	1
invoke	1
inviting	1
invite	1
invested	1
intrudes	1
intoning	1
intones	1
intertangling	1
interpolated	1
intermission	1
interminable	1
interlaced	1
interfere	1
intent	1
intense	1
intelligence	1
integrity	1
instinct	1
instead	1
inspired	1
insisting	1
insignificant	1
inside	1
inscription	1
inscribe	1
insanity	1
insanely	1
insane	1
inquire	1
inoonwhite	1
innocents	1
innocently	1
innermost	1
inner	1
inlays	1
inlaying	1
inland	1
inheritors	1
inherited	1
inheritance	1
inharmonious	1
inhales	1
inhaled	1
inhale	1
inhabiting	1
inhabiteth	1
inhabit	1
infuriate	1
informed	1
influences	1
inflate	1
infixed	1
infants	1
infancy	1
inexorable	1
indulges	1
indolent	1
indistinct	1
indiscriminate	1
indigo	1
indefinite	1
indefinable	1
incurled	1
incuriously	1
incumbent	1
incubus	1
incredulous	1
increase	1
incontinent	1
inclined	1
incessant	1
incarnation	1
incarnate	1
incapables	1
inanimate	1
improvident	1
impress	1
impotence	1
impossible	1
impossibilities	1
importunate	1
imploring	1
implacably	1
impetuously	1
impenetrable	1
impends	1
impearled	1
impatient	1
immensities	1
immaculate	1
imitates	1
imbrue	1
imbibing	1
imbibed	1
imbecile	1
imagining	1
imagined	1
imaged	1
illustrious	1
illusive	1
illusions	1
illumiug	1
illumining	1
illuming	1
illumined	1
illumes	1
illimitable	1
ilex	1
ijehold	1
ignored	1
ignorant	1
ignorance	1
ignominious	1
ie	1
idol	1
idlers	1
ideas	1
iconoclast	1
i'm	1
i'.reaks	1
hypocrite	1
hymnals	1
hyena	1
hydras	1
hyacinth	1
hut	1
hustling	1
hustle	1
hush	1
hurtle	1
hurry	1
hurrah	1
hurlingham	1
hurl	1
hunters	1
hunched	1
hummingbird	1
hummer	1
humid	1
humbler	1
humankind	1
hum	1
huckster	1
howling	1
howled	1
howl	1
howbeit	1
hovering	1
hover	1
household	1
housefront	1
hose	1
horrid	1
horrent	1
horny	1
horn	1
horizontal	1
hordes	1
hoping	1
hopeth	1
hopeful	1
hoped	1
hooting	1
hoodwinks	1
homeliness	1
homeliest	1
homage	1
holm	1
hollowed	1
holily	1
holding	1
hoarsely	1
hoards	1
hoar	1
ho	1
hissingly	1
hissed	1
hirn	1
hird	1
hind	1
highest	1
hierarchies	1
hide	1
hesitating	1
hesitates	1
heroical	1
heretics	1
herd	1
herbs	1
henceforth	1
hen	1
helvetia	1
helplessly	1
helping	1
helmet	1
helm	1
hells	1
heirloom	1
heir	1
heeds	1
heedless	1
hedgerow	1
hectoring	1
hecatombs	1
hebe	1
heavingly	1
heavier	1
heavenward	1
heavenlier	1
heated	1
hearthstone	1
heartbroken	1
heaps	1
heaped	1
healers	1
healed	1
heal	1
heads	1
headlands	1
headed	1
hazy	1
hazels	1
hay	1
hawthorns	1
havresack	1
havoc	1
havens	1
haunting	1
hater	1
hated	1
hatchway	1
haste	1
harvestmen	1
hart	1
harpy	1
harms	1
harmonious	1
harmonies	1
harm	1
harlot	1
harebell	1
hare	1
hardy	1
hardest	1
harbours	1
happened	1
hangman	1
hamlet	1
hallelujahs	1
hallelujah	1
hale	1
halcyon	1
hails	1
gusty	1
gust	1
gushed	1
gurgling	1
gunwale	1
guile	1
guided	1
guide	1
guests	1
guess	1
guarding	1
growths	1
growled	1
groves	1
grovelling	1
grovel	1
grot	1
grope	1
groan	1
grizzly	1
grinning	1
grind	1
grimed	1
grime	1
grilling	1
grieve	1
grief	1
greeted	1
greet	1
greenwood	1
greening	1
greenery	1
greener	1
greedily	1
greed	1
graze	1
gravity	1
graveyard	1
gravestone	1
graver	1
graven	1
graveclothes	1
grapegreen	1
granite	1
grandsires	1
grandeurs	1
graciously	1
gracious	1
graces	1
graceless	1
gracefully	1
government	1
gothic	1
gossamer	1
gorged	1
gore	1
going	1
goblets	1
goaded	1
gnarled	1
glutted	1
glumes	1
glue	1
glozenian	1
glowering	1
glower	1
glowed	1
gloss	1
glorifying	1
glories	1
gloomy	1
glooms	1
glooming	1
globes	1
gloats	1
glittering	1
glistering	1
glistered	1
glimpse	1
glides	1
gleamy	1
glassed	1
glaring	1
glances	1
glanced	1
glamour	1
glade	1
gives	1
given	1
gire	1
girdlicg	1
girdled	1
gird	1
gigadibs	1
gifted	1
giddy	1
giants	1
ghouls	1
ghiss	1
ghastlier	1
gethsemane	1
germs	1
germander	1
gentlemen	1
genial	1
generosity	1
generations	1
general	1
gems	1
gazing	1
gazer	1
gaul	1
gaudy	1
gather	1
garniture	1
garnet	1
gardens	1
garble	1
garbage	1
game	1
gambols	1
galilee	1
gains	1
gained	1
gain	1
gable	1
futile	1
fusing	1
furtive	1
further	1
furs	1
furnish	1
furled	1
furl	1
fur	1
funnel	1
function	1
fumefed	1
fulvous	1
fulls	1
fullgrown	1
fulfils	1
fulfilling	1
fuelled	1
fudge	1
fruited	1
frosted	1
frost	1
frore	1
fronting	1
fronteth	1
frond	1
fringes	1
friendship	1
fresher	1
freshen	1
frenzied	1
frenchwomen	1
freeman	1
freeborn	1
frayed	1
fray	1
fraud	1
fratricidal	1
fraternal	1
frank	1
franc	1
frame	1
fragments	1
fragile	1
fourth	1
fountainlike	1
foundations	1
fought	1
foster	1
fortitude	1
fort	1
forsook	1
formidably	1
forlornly	1
forgot	1
foresee	1
forehead	1
forebodes	1
foreboded	1
forbids	1
forbid	1
footmen	1
footfall	1
foot	1
foolish	1
foodless	1
folly	1
followed	1
follies	1
foamy	1
foamwhite	1
foamsmile	1
foams	1
flyblown	1
fluttered	1
fluting	1
flusters	1
flushing	1
flush	1
flows	1
flowery	1
flowerbell	1
flout	1
flooding	1
flooded	1
floated	1
flirted	1
flighted	1
flickers	1
flesh	1
fleeing	1
flecked	1
flaunts	1
flatters	1
flat	1
flask	1
flashed	1
flare	1
flaps	1
flanked	1
flank	1
flamelike	1
flamboyant	1
flakes	1
flake	1
flageolets	1
fitful	1
fit	1
fissure	1
fisher	1
fish	1
firs	1
firmament	1
firm	1
fireflies	1
finish	1
finer	1
filthy	1
filial	1
figure	1
fiercer	1
fibres	1
fiasbing	1
fevered	1
feud	1
fetish	1
festooning	1
ferocious	1
fernwrought	1
ferns	1
fern	1
fenced	1
female	1
fellowship	1
feigned	1
feelers	1
feeding	1
featured	1
feathery	1
feast	1
fearing	1
fawns	1
favourites	1
favoured	1
favour	1
faults	1
fatuities	1
fatten	1
fathers	1
fatherland	1
fated	1
fat	1
fastening	1
fashions	1
fashionable	1
fashion	1
fascination	1
farthing	1
fares	1
farers	1
fans	1
fanning	1
fanned	1
fane	1
fancy	1
fancies	1
fancied	1
fan	1
familial	1
fame	1
falteringly	1
faltering	1
faltereth	1
falsetto	1
faiths	1
faithful	1
fairily	1
faintness	1
fails	1
fadeth	1
facts	1
fact	1
facing	1
faceligbt	1
f	1
eyne	1
eyeless	1
exult	1
exuberant	1
explores	1
explored	1
explore	1
exploded	1
explaining	1
explain	1
expire	1
expansive	1
expanded	1
expand	1
existing	1
existence	1
exiles	1
exhilarating	1
exhausts	1
exhaled	1
exhale	1
exclamations	1
excellence	1
exceeding	1
everywhere	1
everyday	1
everliving	1
evaporated	1
evanishment	1
evanishing	1
evanescent	1
etiquette	1
eternally	1
estranged	1
established	1
espied	1
especial	1
escape	1
errors	1
erring	1
err	1
eros	1
ernpetalled	1
ering	1
erect	1
erased	1
ephemeral	1
eound	1
eocco	1
enwreathe	1
enwound	1
environing	1
envious	1
envied	1
entreat	1
entrance	1
entrammel	1
entrailed	1
enthusiasm	1
enthralled	1
enterprise	1
entered	1
enter	1
ensign	1
enshroud	1
ensanguined	1
enrapturing	1
enormous	1
ennobling	1
enmossed	1
enlightened	1
enlace	1
englishmen	1
english	1
enfolding	1
enemies	1
endures	1
endurance	1
endless	1
ended	1
endeared	1
encumbering	1
encroaching	1
enclose	1
encircled	1
enchants	1
enamel	1
emulous	1
empyrean	1
empty	1
emprise	1
emperors	1
emerged	1
emerge	1
embrowned	1
embroilment	1
embracing	1
embower	1
embossed	1
embattled	1
emanate	1
emaciated	1
elysian	1
elves	1
elsewhere	1
eloquent	1
elms	1
elements	1
elects	1
elders	1
elate	1
eighteen	1
eider	1
egyptians	1
egret	1
eglantine	1
effeminate	1
effacing	1
effaced	1
eevealing	1
eeeling	1
education	1
eddying	1
ed	1
ecstatical	1
ecstasies	1
economy	1
economic	1
eclipse	1
echo	1
ebony	1
eating	1
eat	1
easterns	1
ease	1
earthward	1
earned	1
earn	1
eared	1
eagerly	1
e	1
dwindle	1
dwelling	1
dwelled	1
dwarfed	1
dwarf	1
dulse	1
duller	1
dullard	1
due	1
ducal	1
dubious	1
drudges	1
drudgery	1
drowsier	1
drowning	1
drown	1
drouth	1
droused	1
drops	1
droops	1
droning	1
drones	1
drone	1
drives	1
driven	1
dripping	1
drip	1
drinking	1
drink	1
drifting	1
drift	1
dries	1
dribble	1
drew	1
dreamy	1
dreamily	1
dreamfully	1
dreamful	1
drawls	1
drawling	1
draining	1
drained	1
dragon	1
drag	1
draff	1
dozing	1
doze	1
doyelike	1
dovelike	1
dove	1
doubt	1
dost	1
doors	1
dooms	1
don't	1
domineering	1
dominant	1
dolls	1
dolefully	1
dog	1
doffed	1
doctor	1
divinities	1
divinely	1
divideth	1
divided	1
divide	1
dives	1
diverse	1
ditty	1
disused	1
disuse	1
distribution	1
distraction	1
distracted	1
distorted	1
distinguished	1
distinguish	1
distinction	1
distinct	1
distaste	1
distant	1
distaff	1
dissonant	1
dissolved	1
dissemble	1
disquieted	1
displayed	1
dispersed	1
disorders	1
dismasted	1
dislustred	1
disjoins	1
disinherited	1
dishonoured	1
dishing	1
disgrace	1
disentangling	1
disdaining	1
disdainful	1
discovery	1
disconsolate	1
discoloured	1
discloses	1
disclose	1
disclaims	1
discharge	1
discerns	1
disarrayed	1
disarray	1
disappointment	1
disappear	1
dirge	1
dips	1
dionysos	1
dinners	1
dinner	1
dined	1
dimpling	1
dimpled	1
dimple	1
dimmed	1
diminish	1
dilating	1
dilate	1
dight	1
diffusion	1
differ	1
dictatorial	1
diamond	1
dial	1
diabolic	1
dewed	1
dewdrop	1
devours	1
devon	1
devise	1
device	1
devastating	1
deums	1
dethrone	1
destroyer	1
desolation	1
desolating	1
designless	1
deserves	1
desecrated	1
desecrate	1
descry	1
descending	1
derision	1
derideth	1
deprecating	1
deploy	1
departed	1
denying	1
denuded	1
densely	1
denizen	1
den	1
demure	1
demons	1
democrat	1
demands	1
delving	1
delusion	1
deluding	1
deliverer	1
delighted	1
delicately	1
delay	1
deity	1
deigning	1
deigned	1
degraded	1
deftly	1
deflower	1
defined	1
defiling	1
defiles	1
defilement	1
defiant	1
defiance	1
deer	1
deepest	1
deeper	1
deepens	1
deepening	1
deeming	1
decorously	1
decoration	1
declining	1
declines	1
declension	1
declare	1
decks	1
deck	1
december	1
deceived	1
debtors	1
debarred	1
dearly	1
dearer	1
deafened	1
dazzling	1
dawning	1
dastard	1
darwin	1
dartling	1
dart	1
darlings	1
darkly	1
darkens	1
darkening	1
daring	1
dares	1
dangers	1
danger	1
dancing	1
danced	1
damp	1
damned	1
damn	1
dame	1
dale	1
daisy	1
daily	1
cypresses	1
cynic	1
cutlasses	1
curved	1
curses	1
cursed	1
currents	1
current	1
curious	1
cure	1
curate	1
cup	1
cunning	1
cumulus	1
cumbrous	1
cumbersomely	1
cumbered	1
cultured	1
culpable	1
culled	1
cuffed	1
cub	1
crying	1
crusted	1
crust	1
crumble	1
cruelty	1
cruelly	1
cruellest	1
crucify	1
crucified	1
crozier	1
crowns	1
crowded	1
crow	1
crouched	1
crosses	1
croon	1
crooked	1
croft	1
croaks	1
croaking	1
crimsons	1
criminals	1
criminal	1
crew	1
creviced	1
cresses	1
crept	1
creeper	1
creeds	1
credit	1
creative	1
creates	1
created	1
crawl	1
crave	1
cramped	1
crag	1
craftsman	1
craftman	1
craft	1
cradled	1
coyly	1
cowed	1
courtly	1
courtier	1
courtesans	1
court	1
couched	1
cottagers	1
cottager	1
cot	1
cost	1
corses	1
corrupt	1
corrugated	1
corridors	1
coronals	1
coronal	1
cormorant	1
cordage	1
cord	1
corbel	1
copy	1
coppices	1
cope	1
coot	1
coos	1
coolness	1
cooled	1
coo	1
convulsive	1
convulsing	1
convulsed	1
convoluted	1
conversed	1
contumely	1
control	1
contract	1
contorted	1
continent	1
contented	1
contemptuous	1
contemning	1
contamination	1
constant	1
consoling	1
consoler	1
considering	1
consecrate	1
conquerors	1
conquering	1
conquered	1
conquer	1
congregate	1
confusing	1
confusedly	1
confronts	1
confront	1
conflicting	1
confirmation	1
confidingly	1
confident	1
confidence	1
confessed	1
condor	1
condition	1
condescension	1
condescended	1
condescend	1
condcuctnding	1
concurrence	1
concerning	1
conceive	1
concealing	1
conceal	1
comrade	1
compliment	1
complaint	1
complain	1
complacent	1
competition	1
compels	1
compelling	1
compelled	1
companion	1
companies	1
communist	1
communion	1
commonweal	1
commonplace	1
commingling	1
commend	1
command	1
comfort	1
comes	1
comely	1
columned	1
colours	1
collusion	1
collared	1
collapsed	1
coil	1
coffins	1
coffin	1
coffers	1
coast	1
co	1
clutches	1
clutched	1
clustering	1
clustered	1
clumsy	1
club	1
clover	1
cloudy	1
cloudlike	1
cloudlets	1
clothing	1
clothes	1
closing	1
closes	1
closer	1
closely	1
cloistral	1
cloister	1
cloak	1
climbs	1
climbed	1
clicked	1
cleverer	1
clever	1
cleft	1
clearing	1
clearer	1
cleared	1
clay	1
class	1
clasped	1
clarions	1
clarion	1
clank	1
clanging	1
clanged	1
clang	1
clamorously	1
clamorous	1
clamber	1
claims	1
cities	1
citadel	1
circuitous	1
circling	1
circle	1
cinnamon	1
chuckle	1
chrysolite	1
christians	1
christendom	1
chrism	1
chosen	1
cholera	1
choice	1
chkist	1
chivalry	1
chin	1
chimes	1
chilling	1
chestnut	1
chested	1
chest	1
cherub	1
cherishes	1
cherish	1
cheerily	1
cheerful	1
cheer	1
cheeiy	1
cheap	1
chasms	1
chase	1
charnel	1
charms	1
charmed	1
charges	1
charged	1
chanted	1
chant	1
channels	1
changing	1
changes	1
changed	1
champion	1
champaign	1
chamomile	1
chamber	1
challenged	1
challenge	1
chalice	1
chain	1
chafing	1
chafed	1
chafe	1
cerulean	1
ceremonies	1
cerements	1
century	1
censer	1
celebrating	1
ceiling	1
ce	1
cax'p	1
caverned	1
cavalcade	1
caution	1
cathedrals	1
cataclysm	1
casual	1
castrate	1
caste	1
casrulean	1
casque	1
casket	1
cascade	1
cart	1
carrying	1
carry	1
carrion	1
carries	1
carriage	1
carnal	1
caress	1
cares	1
careful	1
careering	1
carcasses	1
carcase	1
carbuncle	1
captive	1
captivate	1
capital	1
cape	1
cap	1
canvas	1
cant	1
canst	1
cannon	1
cannibal	1
cankerworm	1
canker	1
candle	1
cancer	1
canaille	1
can't	1
camelias	1
camel	1
cambric	1
calvinist	1
calmly	1
callous	1
cajoles	1
cain	1
caerulean	1
cadences	1
byron	1
buttresses	1
buttressed	1
butlers	1
butchery	1
burns	1
burnish	1
burn	1
burdensome	1
burdened	1
buoying	1
bumpkin	1
bullock	1
bullet	1
bulbul	1
built	1
build	1
buds	1
bubble	1
brutes	1
brute	1
brutal	1
brushing	1
brushed	1
brows	1
browed	1
brook	1
brooding	1
brooded	1
broad	1
britons	1
bristling	1
bristles	1
brisk	1
briny	1
brink	1
brings	1
brimming	1
brilliants	1
brilliant	1
brightness	1
bridle	1
bridge	1
brick	1
brethren	1
breezes	1
breeding	1
breed	1
breaths	1
breatheth	1
breasting	1
breaking	1
break	1
brazen	1
braves	1
branches	1
bramble	1
brake	1
braided	1
braceleted	1
boyhood	1
bows	1
bowing	1
bowered	1
bowed	1
bow	1
bourgeois	1
bounds	1
boulders	1
bough	1
bored	1
border	1
boor	1
booms	1
boom	1
books	1
bony	1
bonnet	1
bond	1
bon	1
bolt	1
boles	1
boils	1
boiling	1
bodings	1
bodily	1
boasts	1
boastful	1
boast	1
boards	1
board	1
blushing	1
blurred	1
blur	1
blues	1
blotted	1
bloodier	1
bloat	1
blissful	1
blisses	1
blinding	1
blighted	1
blifil	1
blessing	1
bleeding	1
blasts	1
blasting	1
blasphemous	1
blankly	1
bland	1
blanched	1
blanch	1
blacks	1
bivine	1
bitten	1
biting	1
bit	1
bisque	1
bismarck	1
bisexual	1
birthright	1
birthday	1
birch	1
bind	1
bills	1
billowy	1
bighteousness	1
bidding	1
bidden	1
bewraying	1
bewilderment	1
bewildered	1
bevealing	1
betwixt	1
betide	1
best	1
beslavering	1
berlin	1
bent	1
benefit	1
bemains	1
belt	1
bellowing	1
belike	1
believers	1
belfry	1
beleaguered	1
beholden	1
behaviour	1
beguiles	1
beguile	1
begins	1
begin	1
befouled	1
beething	1
bedridden	1
become	1
beauties	1
beastly	1
bears	1
beared	1
beak	1
beacon	1
bbeeze	1
bazeilles.*	1
bays	1
bauble	1
battlements	1
batten	1
battalions	1
bask	1
baseless	1
bartholomew	1
bars	1
barriers	1
barren	1
barrels	1
barnmns	1
barley	1
bark	1
bargain	1
barely	1
bar	1
banquet	1
bannered	1
balustrade	1
baltic	1
baldest	1
bald	1
balconies	1
baffles	1
baffle	1
bad	1
backward	1
bacchanals	1
babies	1
babbled	1
b	1
azea.el	1
aye	1
awry	1
awfulness	1
awakes	1
awaken	1
awaits	1
await	1
avowed	1
avho	1
avhile	1
avhat	1
averred	1
ave	1
avalanche	1
avails	1
autumnal	1
autumn	1
authority	1
auroral	1
aurora	1
aud	1
attitudes	1
attic	1
attention	1
attempt	1
attain	1
atremble	1
atingle	1
athanasian	1
astonishment	1
astonished	1
aste	1
assurance	1
assumed	1
assume	1
assuaging	1
assist	1
assembling	1
assemblage	1
assaults	1
assault	1
assailed	1
aspire	1
asphodel	1
asperses	1
aspects	1
aspect	1
asons	1
asks	1
asking	1
asked	1
aside	1
ascends	1
artillery	1
articulate	1
arrogant	1
arrogance	1
arrives	1
arrived	1
arrive	1
arrested	1
arrest	1
arras	1
arrangement	1
arraignest	1
aroused	1
aromatic	1
aromas	1
arnold	1
armour	1
armies	1
aristocratic	1
aristocrat	1
arion	1
arid	1
arguments	1
arcaded	1
arab	1
apsidal	1
approaching	1
appeareth	1
appeared	1
appear	1
appealing	1
apparition	1
apparelled	1
appals	1
apotheosized	1
aphrodite	1
apathy	1
anywise	1
anthems	1
answers	1
anonymous	1
anodyne	1
annihilating	1
ankles	1
ankle	1
animate	1
anger	1
anarchy	1
anarchs	1
anarchic	1
amused	1
amen	1
ambrosial	1
ambles	1
ambient	1
ambergris	1
amazon	1
amaying	1
alva	1
although	1
alter	1
almond	1
almighty	1
ally	1
allusion	1
allurements	1
allure	1
alloy	1
allowed	1
allotted	1
alliance	1
alley	1
alleviate	1
alit	1
alert	1
alehouse	1
alarms	1
alarm	1
aixeeheiligkn	1
airier	1
aimless	1
aim	1
ails	1
ailed	1
ail	1
agonises	1
agonise	1
aglow	1
aglister	1
aghast	1
agags	1
aflower	1
afire	1
afield	1
affrighted	1
affirms	1
affinity	1
affectionate	1
afever	1
aeolian	1
adventurous	1
advantage	1
advanced	1
advance	1
adultery	1
adrift	1
adornment	1
adoring	1
adored	1
adore	1
admittance	1
addressing	1
adamantine	1
act	1
achieved	1
aches	1
accoutrement	1
accord	1
accomplished	1
acclamation	1
access	1
accents	1
acacia	1
abysm	1
abuse	1
absorbing	1
absolution	1
absently	1
abruptly	1
abrupt	1
abnormal	1
ableeding	1
able	1
abiding	1
abbot	1
abashed	1
aar	1
^yith	1
]•	1
]	1
?.	1
?'	1
?"	1
>nowy	1
.,	1
.)	1
*?	1
)'	1
'?"	1
")	1
"&	1
!.	1
!"....	1
