,	790
the	737
.	593
and	363
of	281
a	210
in	206
to	178
;	173
that	140
—	128
|romannumeral|	125
|'s|	112
with	94
but	85
i	82
his	82
|arabic2digit|	73
over	70
as	65
!	63
for	62
'	58
is	57
they	56
he	56
on	55
from	54
my	53
her	53
its	52
all	44
life	43
by	43
was	41
then	41
it	41
heart	40
are	40
me	39
when	38
there	37
oh	35
be	34
would	33
yet	32
this	32
like	32
had	32
ever	32
their	31
at	31
while	29
not	29
where	27
thy	27
thus	27
no	27
night	26
light	25
"	25
were	24
thou	24
soul	24
so	24
now	24
may	24
?	24
what	23
long	23
which	22
through	22
death	22
we	21
till	21
still	21
deep	21
can	21
or	20
vale	19
spirit	19
one	19
day	19
:	19
thee	18
more	18
him	18
could	18
an	18
tis	17
though	17
she	17
oft	17
how	17
have	17
dark	17
bright	17
beauty	17
who	16
upon	16
sun	16
some	16
low	16
half	16
far	16
away	16
sad	15
passed	15
many	15
lone	15
even	15
down	15
love	14
here	14
glory	14
frog	14
fell	14
eyes	14
rose	13
nought	13
nor	13
lay	13
lake	13
knew	13
you	12
years	12
woe	12
wild	12
well	12
voice	12
vain	12
tide	12
tell	12
sadness	12
once	12
hope	12
heaven	12
gone	12
golden	12
fate	12
ere	12
dim	12
dead	12
winds	11
tomb	11
them	11
tears	11
should	11
seemed	11
neath	11
man	11
grief	11
grave	11
gloom	11
fair	11
each	11
come	11
bloom	11
."	11
*'	11
ye	10
whose	10
time	10
sunset	10
soldier	10
soft	10
silence	10
shadows	10
see	10
sea	10
pain	10
never	10
lonely	10
if	10
hath	10
forever	10
desolate	10
cold	10
both	10
air	10
world	9
will	9
too	9
thine	9
sweet	9
stood	9
soon	9
shore	9
moon	9
lies	9
land	9
know	9
irene	9
hear	9
has	9
flowers	9
came	9
brow	9
above	9
(	9
why	8
up	8
two	8
turned	8
true	8
thoughts	8
than	8
tale	8
sorrow	8
since	8
seen	8
ring	8
pale	8
our	8
old	8
o	8
mountain	8
might	8
loved	8
let	8
heard	8
great	8
full	8
fall	8
dust	8
dread	8
did	8
beneath	8
again	8
.)	8
words	7
within	7
twas	7
summer	7
smile	7
sight	7
shall	7
scarce	7
pride	7
perchance	7
other	7
onward	7
ocean	7
none	7
must	7
mortal	7
hour	7
home	7
hand	7
grew	7
fled	7
face	7
dying	7
doomed	7
country	7
chieftain	7
broken	7
breath	7
bow	7
bosom	7
been	7
bear	7
ah	7
|arabic1digit|	6
youth	6
withered	6
winter	6
went	6
wenonda	6
weary	6
those	6
these	6
take	6
stream	6
stars	6
star	6
sped	6
song	6
slowly	6
sleep	6
skies	6
silent	6
shine	6
shadowy	6
power	6
near	6
mystery	6
mourn	6
mother	6
mirror	6
mind	6
meet	6
loud	6
last	6
high	6
gold	6
gladness	6
flows	6
fling	6
every	6
dream	6
do	6
distant	6
died	6
course	6
clime	6
chain	6
broad	6
beyond	6
beside	6
anguish	6
alone	6
aching	6
wisdom	5
weeping	5
waves	5
watched	5
visions	5
view	5
turn	5
thought	5
things	5
tear	5
sunlight	5
such	5
strife	5
splendour	5
spell	5
spake	5
southern	5
songs	5
sigh	5
seem	5
sang	5
sailor	5
round	5
rise	5
rich	5
plain	5
pity	5
pass	5
part	5
oneydo	5
most	5
memory	5
magic	5
lustre	5
linger	5
leaves	5
iliad	5
grows	5
good	5
forth	5
flower	5
first	5
faith	5
faint	5
eye	5
evening	5
dusky	5
depths	5
deeds	5
dear	5
dawn	5
claim	5
chill	5
cell	5
calm	5
burden	5
bound	5
bore	5
below	5
beams	5
back	5
arose	5
**	5
|arabic5+digit|	4
your	4
wrapped	4
wind	4
wide	4
west	4
water	4
vigil	4
vast	4
vague	4
understand	4
twilight	4
trees	4
trace	4
told	4
toil	4
together	4
tall	4
swept	4
streams	4
strange	4
straightway	4
story	4
spoke	4
spirits	4
son	4
something	4
sky	4
sinking	4
side	4
shrank	4
shining	4
shadow	4
shades	4
save	4
sat	4
said	4
rocks	4
rest	4
region	4
reason	4
quiet	4
purple	4
pines	4
peace	4
paused	4
pall	4
own	4
out	4
oppressed	4
mouth	4
moan	4
mighty	4
melodies	4
meadows	4
maiden	4
maid	4
madness	4
lydia	4
lowly	4
longer	4
lives	4
keeping	4
joy	4
into	4
human	4
horace	4
held	4
height	4
head	4
haste	4
hast	4
grasp	4
god	4
give	4
gentle	4
geese	4
gazed	4
gave	4
found	4
fought	4
fond	4
foe	4
flit	4
few	4
fervent	4
fear	4
false	4
falling	4
fade	4
earth	4
ear	4
dreary	4
dreams	4
dove	4
does	4
dews	4
delight	4
deeply	4
decked	4
dashed	4
current	4
clear	4
chief	4
cast	4
care	4
calling	4
burning	4
broke	4
bride	4
breast	4
breaking	4
born	4
bold	4
blue	4
blowing	4
bloomed	4
birds	4
billows	4
believe	4
before	4
beam	4
autumn	4
around	4
archway	4
anon	4
along	4
aloft	4
alissa	4
zeus	3
zephyr	3
wise	3
wintery	3
white	3
wherever	3
wept	3
weight	3
weep	3
wealth	3
way	3
wave	3
waters	3
waning	3
wan	3
waiting	3
voices	3
vision	3
used	3
us	3
untold	3
unto	3
unknown	3
twould	3
twere	3
trust	3
tree	3
towering	3
token	3
tired	3
thick	3
tempest	3
talked	3
swung	3
sweeping	3
sunny	3
strove	3
stretched	3
springtime	3
spring	3
speaks	3
southward	3
sound	3
sought	3
sombre	3
solitude	3
softly	3
slumber	3
slept	3
silver	3
shower	3
show	3
ships	3
shines	3
sere	3
senses	3
sense	3
secret	3
scenes	3
scattered	3
scan	3
saw	3
sank	3
rustic	3
rope	3
rolling	3
rivulet	3
river	3
returns	3
restless	3
repose	3
remember	3
reign	3
red	3
realm	3
rage	3
radiant	3
races	3
pleasure	3
phantoms	3
perished	3
perfume	3
patriot	3
paradise	3
pang	3
open	3
only	3
olympus	3
ode	3
notes	3
northern	3
nature	3
name	3
mourned	3
morning	3
misty	3
mist	3
mingled	3
mine	3
midnight	3
mid	3
melt	3
meant	3
mantle	3
lover	3
living	3
linked	3
late	3
lament	3
known	3
king	3
infinite	3
indians	3
impart	3
i'll	3
hushed	3
hurled	3
hours	3
hopes	3
hopeless	3
honoured	3
holds	3
hill	3
higher	3
heights	3
heavy	3
guise	3
grove	3
grim	3
green	3
greeks	3
grant	3
glows	3
gloomy	3
gleaming	3
given	3
gilded	3
gates	3
free	3
fountains	3
flow	3
flood	3
flight	3
fill	3
feet	3
feel	3
farewell	3
fame	3
falls	3
fallen	3
fairy	3
evermore	3
eve	3
eternity	3
enthrals	3
embrace	3
early	3
dyed	3
dwelled	3
dreadful	3
draught	3
doth	3
done	3
divine	3
distress	3
dismal	3
dirges	3
die	3
diamond	3
dell	3
deck	3
daughter	3
darkness	3
cup	3
crossed	3
crest	3
couch	3
comes	3
cloud	3
chloe	3
cherished	3
cheek	3
cannot	3
cabin	3
bush	3
burns	3
brokenhearted	3
brake	3
bowed	3
boding	3
blood	3
bitter	3
began	3
beauteous	3
bearing	3
banners	3
aye	3
aside	3
arms	3
ardour	3
another	3
angel	3
alas	3
aglow	3
^	3
-	3
*	3
|arabic3digit|	2
young	2
yonder	2
yields	2
yield	2
yellow	2
yearning	2
year	2
wounded	2
wound	2
would'st	2
wore	2
woods	2
wondrous	2
wonder	2
wings	2
wing	2
window	2
whatever	2
weeds	2
web	2
wear	2
weak	2
we'll	2
warning	2
war	2
wandered	2
wand	2
walls	2
vow	2
vine	2
very	2
veiling	2
vaunting	2
valour	2
valorous	2
valley	2
vacant	2
upturned	2
uprose	2
upreared	2
upheaved	2
unsung	2
unseen	2
unrolled	2
unheeding	2
understood	2
uncertain	2
twill	2
twice	2
troubled	2
tribe	2
translations	2
tower	2
touch	2
tossing	2
torrents	2
took	2
tone	2
tn	2
tinted	2
times	2
tidings	2
throne	2
throb	2
threw	2
threescore	2
three	2
thinking	2
thing	2
thetis	2
tenderness	2
tender	2
tenant	2
tempting	2
tempests	2
talmud	2
t	2
sweetness	2
sway	2
surging	2
sure	2
sunshine	2
sunlit	2
struggling	2
stranger	2
strangely	2
straight	2
storm	2
stone	2
steep	2
stately	2
state	2
start	2
st	2
spread	2
speeding	2
speak	2
south	2
souls	2
soothe	2
somewhere	2
snow	2
slumbering	2
slow	2
sleeping	2
single	2
singing	2
simple	2
sighs	2
shrivelled	2
should'st	2
ship	2
shattered	2
share	2
setting	2
set	2
sepulchral	2
sentry	2
seized	2
seems	2
scroll	2
scheme	2
scene	2
say	2
same	2
sadly	2
rule	2
ruin	2
robed	2
revenge	2
returning	2
returned	2
resistless	2
relieve	2
reflection	2
receding	2
rebel	2
read	2
reach	2
rays	2
ray	2
rapid	2
range	2
raised	2
purpose	2
presume	2
prelude	2
praying	2
prayed	2
pray	2
potion	2
post	2
portray	2
portals	2
plunged	2
playing	2
placed	2
pipe	2
pinion	2
picture	2
phantom	2
peaceful	2
opened	2
ones	2
off	2
oak	2
nothing	2
note	2
northland	2
noontide	2
nigh	2
neither	2
nay	2
nation	2
nameless	2
mystical	2
mystic	2
mysteries	2
music	2
much	2
moving	2
moved	2
mournfully	2
mountains	2
mould	2
motion	2
morrow	2
morn	2
moons	2
moment	2
modest	2
mock	2
moaning	2
mission	2
misery	2
mild	2
men	2
measure	2
mayest	2
mankind	2
majestic	2
lured	2
loyalist	2
lowered	2
lovers	2
lovelier	2
louder	2
lot	2
lost	2
loss	2
lorelei	2
looking	2
lo	2
little	2
lit	2
lines	2
lightly	2
lifted	2
lie	2
liberty	2
less	2
length	2
legend	2
left	2
lawrence	2
laughed	2
lashed	2
larger	2
languish	2
languid	2
language	2
lands	2
kronos	2
knows	2
kissed	2
kept	2
keep	2
just	2
itself	2
indian	2
impetuous	2
illustrious	2
ill	2
idle	2
i've	2
i'd	2
hush	2
homer	2
hide	2
hid	2
hence	2
helmet	2
hector	2
heavens	2
heartsick	2
having	2
haunts	2
haunted	2
hatred	2
hate	2
harp	2
happy	2
hapless	2
hair	2
guards	2
growth	2
growing	2
grey	2
greet	2
gods	2
glowing	2
glow	2
glittering	2
gleamed	2
glass	2
glade	2
glad	2
giving	2
gives	2
giant	2
gently	2
genius	2
gem	2
gathering	2
gain	2
future	2
funeral	2
fulfilled	2
fright	2
friends	2
freedom	2
fragrance	2
fount	2
forest	2
fore'er	2
force	2
footsteps	2
fondly	2
following	2
follow	2
foaming	2
flying	2
float	2
fleeting	2
flashed	2
flash	2
fires	2
fire	2
finger	2
fettered	2
father	2
fates	2
fancy	2
fairly	2
fading	2
escaping	2
enshrouds	2
endless	2
endeavour	2
end	2
enchantment	2
emotion	2
emblem	2
elf	2
echoes	2
echo	2
ebbing	2
east	2
eager	2
dune	2
dull	2
driven	2
dreamlike	2
drain	2
doubt	2
doom	2
dominion	2
dogs	2
distempered	2
disappeared	2
dire	2
dimly	2
dewed	2
despair	2
desire	2
departed	2
depart	2
deign	2
deer	2
deeper	2
deem	2
decline	2
days	2
dawning	2
dash	2
dare	2
dale	2
crying	2
cruel	2
crag	2
could'st	2
control	2
contains	2
contain	2
condole	2
complains	2
clouds	2
close	2
clod	2
cloak	2
cling	2
climes	2
cliff	2
clasps	2
clad	2
childhood	2
child	2
charge	2
chance	2
chamber	2
certain	2
canto	2
calls	2
burnished	2
breathing	2
breathe	2
brave	2
book	2
blooms	2
bliss	2
blessed	2
blent	2
blasts	2
bird	2
bier	2
best	2
being	2
behold	2
behind	2
bed	2
becomes	2
beat	2
beach	2
battle	2
bathed	2
ask	2
art	2
arrows	2
arrow	2
arrayed	2
army	2
aright	2
appear	2
any	2
anger	2
anew	2
among	2
am	2
always	2
almost	2
alike	2
albeit	2
ages	2
age	2
afar	2
adds	2
accord	2
accents	2
about	2
.'	2
''	2
■"	1
|arabic4digit|	1
zone	1
yourself	1
yore	1
yon	1
yestermorn	1
yes	1
yearned	1
yawning	1
xhere	1
written	1
writhing	1
wringing	1
wretchedness	1
wretched	1
wreck	1
wrath	1
wounds	1
worse	1
worn	1
word	1
wooing	1
wooed	1
woody	1
woodland	1
woodbine	1
wood	1
woo	1
wonted	1
wondered	1
woes	1
withstand	1
withhold	1
wither	1
wit	1
wish	1
winning	1
winged	1
wine	1
winding	1
win	1
willow	1
willing	1
wilder	1
whom	1
whiteness	1
whisper	1
whirled	1
wert	1
wells	1
welling	1
welcome	1
weirdness	1
weighed	1
weigh	1
weepest	1
weaves	1
weave	1
weather	1
wears	1
weariness	1
wax	1
waving	1
wavelets	1
watchful	1
watch	1
warriors	1
warn	1
wander	1
wall	1
wakes	1
wailing	1
wail	1
waged	1
vying	1
vows	1
von	1
visited	1
visage	1
vile	1
vigils	1
views	1
viewed	1
vie	1
victory	1
victim	1
vestages	1
vessel	1
vesper	1
verdure	1
verdant	1
vengeance	1
veil	1
vault	1
varying	1
vapid	1
uves	1
usa	1
urn	1
uprears	1
upper	1
unrest	1
unread	1
unpublished	1
unmindful	1
united	1
unhappy	1
unfurled	1
unfold	1
unequal	1
unembodied	1
undressed	1
undisturbed	1
undercurrent	1
under	1
unconsciously	1
unconscious	1
unavenged	1
unavailing	1
ululation	1
tyrants	1
twist	1
twining	1
twin	1
twang	1
turret	1
turns	1
turbulent	1
tt	1
troy	1
trojans	1
trojan	1
trodden	1
triumphant	1
triumph	1
tried	1
tribute	1
tribes	1
tremulous	1
trembling	1
treasure	1
travelled	1
transition	1
transcend	1
train	1
traditional	1
tradition	1
tracks	1
traced	1
top	1
tongue	1
title	1
tiny	1
tinsel	1
timid	1
timbers	1
timbered	1
tight	1
thrust	1
thrown	1
throat	1
thrilled	1
thousand	1
thou'dst	1
thou'd	1
thither	1
thistle	1
thirst	1
think	1
thieves	1
thickly	1
they've	1
they'll	1
thereupon	1
terrors	1
terror	1
tenement	1
tendrils	1
temptation	1
telling	1
tedious	1
task	1
tarry	1
taper	1
taken	1
t^hite	1
sword	1
swoop	1
swoon	1
swings	1
swing	1
swim	1
swift	1
swells	1
swelling	1
swell	1
sweep	1
sways	1
swamp	1
suspense	1
surround	1
surprise	1
surges	1
surf	1
surcease	1
sunk	1
sunbeams	1
sunbeam	1
summits	1
sullen	1
suggested	1
suffering	1
sudden	1
successfully	1
substance	1
sublime	1
sturdy	1
study	1
struggles	1
stretching	1
strengthens	1
street	1
streaming	1
strays	1
straying	1
strayed	1
strangeness	1
strand	1
strain	1
storms	1
stores	1
store	1
stooped	1
stoic	1
stirred	1
stillness	1
stern	1
steals	1
steal	1
stayed	1
staunch	1
station	1
startled	1
standing	1
stand	1
stalk	1
stage	1
springs	1
springing	1
spray	1
spot	1
spoken	1
spoil	1
spirits*	1
spires	1
spied	1
sphere	1
speed	1
speech	1
sparkling	1
sparkles	1
sparkle	1
sparing	1
spare	1
sovereign	1
sounding	1
solve	1
solomon	1
soliloquise	1
solemn	1
solace	1
snowy	1
smouldering	1
smothering	1
smothered	1
smoked	1
smiles	1
slumbrous	1
slope	1
slight	1
sliding	1
slew	1
slay	1
slaves	1
slave	1
slaughter	1
slanting	1
slain	1
skylight	1
skirmish	1
situated	1
sits	1
sister	1
siren	1
sire	1
sinks	1
singularly	1
sings	1
sing	1
sin	1
similar	1
silly	1
silently	1
sign	1
sighing	1
sick	1
shrinks	1
shrinking	1
shrill	1
shpped	1
showered	1
shouting	1
shouted	1
shoulders	1
short	1
shooting	1
shimmer	1
shepherds	1
sheet	1
sheen	1
shapes	1
shame	1
shalt	1
shallow	1
shallop	1
shake	1
shafts	1
shady	1
shadowless	1
sever	1
settled	1
settings	1
serves	1
serene	1
sent	1
semblance	1
selfsame	1
seize	1
seer	1
seeming	1
seek	1
seeing	1
secured	1
secure	1
secrets	1
secretly	1
secluded	1
seats	1
searching	1
seal	1
scorn	1
scoff	1
scared	1
scanned	1
says	1
sated	1
sand	1
sails	1
sailing	1
sailed	1
sages	1
sage	1
saddened	1
sacred	1
sable	1
ruthless	1
rushed	1
rush	1
run	1
ruina	1
rugged	1
rude	1
rove	1
room	1
roof	1
rood	1
rome	1
romaunt	1
roll	1
rod	1
rock	1
robes	1
roar	1
roamed	1
rn	1
rivers	1
risked	1
rising	1
ripening	1
ripened	1
rigid	1
right	1
rife	1
riding	1
riddle	1
rhythm	1
rhine	1
rh	1
reward	1
revels	1
return	1
retired	1
retire	1
resplendent	1
resound	1
resist	1
resign	1
rer	1
reproduced	1
reproduce	1
rend	1
removed	1
remorse	1
remaining	1
reigning	1
reigned	1
regimental	1
refrain	1
referred	1
reeds	1
recoiling	1
reclining	1
recked	1
received	1
recalls	1
recall	1
rebounding	1
rebellion	1
rears	1
reappear	1
realms	1
real	1
raze	1
rayless	1
raven	1
rattled	1
rasher	1
rare	1
ranges	1
rang	1
rainbow	1
rail	1
raging	1
rages	1
r^nce	1
r	1
quivering	1
quiver	1
quite	1
quickly	1
quickens	1
quella	1
queen	1
pyres	1
put	1
purpling	1
pure	1
pulse	1
propped	1
promise	1
prolong	1
profound	1
proclaiming	1
prize	1
prisoners	1
prince	1
prime	1
primaeval	1
price	1
preyed	1
prey	1
prevails	1
pressed	1
presages	1
precious	1
praised	1
praise	1
powerless	1
pours	1
pouring	1
poured	1
potent	1
poor	1
ponds	1
pondered	1
ponder	1
pond	1
pomp	1
poisonous	1
points	1
poems	1
poem	1
plumes	1
plume	1
plucked	1
pluck	1
pleasures	1
pleasing	1
pleasant	1
pleading	1
playfully	1
play	1
planned	1
plan	1
plaintive	1
placid	1
place	1
pitying	1
pillows	1
pillared	1
pigmy	1
pierced	1
pierce	1
pictures	1
pictured	1
phoebus	1
pesky	1
person	1
persia	1
perjured	1
perish	1
performed	1
peopled	1
people	1
pent	1
pensive	1
peninsula	1
pending	1
pen	1
peered	1
pearly	1
pearls	1
pearl	1
peak	1
pauper	1
patient	1
path	1
pate	1
past	1
passport	1
passion	1
passes	1
passages	1
parting	1
parted	1
parents	1
panther	1
palsied	1
palling	1
pallid	1
palace	1
paid	1
page	1
packet	1
paced	1
pace	1
overwhelming	1
overtake	1
overpowers	1
overgrown	1
overfraught	1
outstretched	1
outshine	1
outreaching	1
ours	1
ottawa	1
ot	1
ossium	1
oriole	1
orb	1
opening	1
onda	1
oer	1
occasion	1
obscurely	1
obscure	1
object	1
obedient	1
nurse	1
numbers	1
numbed	1
novel	1
notos	1
northward	1
north	1
noonday	1
noon	1
nodding	1
nod	1
nightfall	1
next	1
newness	1
new	1
neighbours	1
neglected	1
nectar	1
nearer	1
native	1
mystics	1
myrtle	1
mute	1
murmuring	1
murmured	1
murky	1
murderous	1
murdered	1
mules	1
moves	1
mourning	1
mournful	1
motley	1
motioni	1
moss	1
moral	1
moors	1
moonlight	1
moonbeam	1
mood	1
monument	1
monosyllables	1
mong	1
monarch	1
moments	1
modern	1
mockery	1
moated	1
moans	1
moaningly	1
moaneth	1
moaned	1
mists	1
missed	1
mischance	1
mirth	1
mirrored	1
minister	1
mingling	1
mindful	1
midst	1
middle	1
mid-air	1
metastasio	1
message	1
merry	1
merrily	1
mermaids	1
merit	1
mercy	1
memories	1
memorial	1
melody	1
mellow	1
meets	1
meekly	1
meek	1
measures	1
meaner	1
mean	1
meadow	1
mead	1
mazy	1
may'st	1
matters	1
materially	1
matchless	1
master	1
mask	1
marshalled	1
mark	1
mantled	1
manhood	1
mandate	1
makes	1
make	1
mainland	1
maidens	1
magnolias	1
maecenas	1
madly	1
made	1
mad	1
lyre	1
lying	1
lurid	1
lulled	1
loyalists	1
lower	1
loves	1
lovely	1
loveliest	1
loudly	1
lose	1
loose	1
looms	1
looks	1
lookest	1
look	1
loo	1
longs	1
longing	1
longest	1
locks	1
loath	1
ll	1
lived	1
live	1
literary	1
lips	1
lingering	1
lined	1
limpid	1
lilied	1
lights	1
lifeless	1
lidded	1
lfain	1
lesson	1
lessening	1
lengthens	1
legion	1
led	1
leave	1
learn	1
leaping	1
league	1
leaflet	1
leafless	1
leaders	1
leaden	1
lead	1
lazily	1
laugh	1
lamp	1
lamentation	1
lain	1
laid	1
lady	1
labouring	1
knave	1
kiss	1
kinsman	1
kings	1
kingly	1
kingdoms	1
kill	1
jupiter	1
jumps	1
joys	1
jove	1
journey	1
jewels	1
jewelled	1
jaws	1
japanese	1
j	1
ivy	1
italian	1
iq	1
inwardly	1
invisible	1
intrude	1
introduction	1
interwove	1
instil	1
instead	1
instant	1
inspire	1
insatiate	1
inquiring	1
inmost	1
inherits	1
inflame	1
indies	1
india	1
increasing	1
impromptu	1
immortals	1
imitated	1
imaged	1
ilia	1
ife	1
icebound	1
ice	1
hying	1
hyacinth	1
hushing	1
husband	1
huron	1
hung	1
humble	1
hues	1
hovering	1
hovered	1
host	1
horsehair	1
horror	1
horrible	1
horned	1
hops	1
hopelessly	1
honours	1
homeward	1
homeric	1
holy	1
hollow	1
hold	1
hke	1
hives	1
hit	1
hissing	1
himself	1
hilltops	1
hills	1
hidden	1
hi	1
hexameter	1
hesperus	1
hesper	1
herself	1
hers	1
hermit	1
hereafter	1
hemlocks	1
helplessness	1
helplessly	1
helmeted	1
heine	1
heeding	1
heavenly	1
hearts	1
heartless	1
hearth	1
hearted»	1
haze	1
hardy	1
hard	1
harbour	1
happiness	1
happening	1
happened	1
hands	1
hamlet	1
halo	1
gushing	1
gurgling	1
guilt	1
guiding	1
guess	1
grown	1
grow	1
ground	1
greeted	1
greek	1
greater	1
graves	1
grassy	1
grass	1
grand	1
grace	1
gory	1
goose	1
goodly	1
going	1
goddess	1
goading	1
go	1
glorious	1
globe	1
gloaming	1
glimmer	1
gliding	1
gleams	1
glancing	1
glance	1
gladsome	1
gladly	1
gild	1
gifts	1
gift	1
ghosts	1
ghostly	1
ghost	1
ghastly	1
get	1
german	1
georgian	1
generous	1
gems	1
gazing	1
gay	1
garlands	1
gardens	1
gaping	1
gan	1
gallic	1
gall	1
gainsay	1
gaining	1
fury	1
furlough	1
furled	1
fulfil	1
fruit	1
frowning	1
frogs	1
fringe	1
frigid	1
frightful	1
freshness	1
fresh	1
frenzied	1
french	1
freezes	1
francois	1
fragrant	1
fountain	1
formian	1
formed	1
form	1
forlorn	1
forgotten	1
forgot	1
forgetfulness	1
foretold	1
foretells	1
forests	1
forer	1
forego	1
footfall	1
foot	1
fold	1
foeman	1
fly	1
flushed	1
flush	1
flung	1
flown	1
floral	1
floor	1
flood-tide	1
flocks	1
floats	1
floated	1
flinty	1
flickering	1
flew	1
fleet	1
flattery	1
flashing	1
flared	1
flapping	1
flap	1
flamed	1
flag	1
fixed	1
fitting	1
fitful	1
firmly	1
firm	1
finished	1
fills	1
fighting	1
fiery	1
fields	1
fever	1
fetter	1
fervour	1
fence	1
fellow	1
feels	1
feeling	1
feed	1
feebly	1
feeble	1
fed	1
feature	1
fearful	1
fathers	1
fated	1
faster	1
fast	1
farmer	1
fancied	1
faltering	1
faithless	1
faithful	1
fairies	1
fairer	1
faintly	1
fain	1
fails	1
fail	1
faces	1
faced	1
fable	1
exulting	1
explore	1
explain	1
expanding	1
evil	1
evanescent	1
eternal	1
estimation	1
envious	1
entreating	1
enshroud	1
engulfed	1
enfold	1
endure	1
ended	1
enclosed	1
enclose	1
enclasp	1
encircling	1
encircles	1
enchanting	1
enchanted	1
encampment	1
enamoured	1
empty	1
empire	1
ember	1
embattled	1
elm	1
elfin	1
elder	1
either	1
eftsoons	1
eddied	1
ed	1
ebon	1
ebbed	1
ebb-tide	1
ebb	1
eaves	1
eave	1
ease	1
earthly	1
earthborn	1
dwelling	1
dwellest	1
dwell	1
duty	1
dusty	1
dusk	1
durst	1
dun	1
drum	1
drops	1
dropped	1
drop	1
droops	1
drooping	1
drooped	1
drifts	1
drift	1
drew	1
dregs	1
drearily	1
drear	1
dreaming	1
dreamed	1
dreaded	1
drawn	1
drama	1
drained	1
dragon	1
doves	1
door	1
dome	1
doleful	1
divide	1
ditties	1
dissolve	1
disport	1
dirge	1
dipped	1
dimmer	1
dilate	1
dewy	1
devotion	1
device	1
devastation	1
destruction	1
destiny	1
despite	1
despise	1
desolation	1
desert	1
descry	1
descried	1
descending	1
descended	1
depress	1
denies	1
demon	1
delusive	1
delirium	1
delighted	1
delicious	1
delicate	1
deigned	1
defies	1
defied	1
deepest	1
deed	1
decree	1
declines	1
declined	1
decks	1
deceive	1
deathlike	1
dealt	1
dazzling	1
dazzled	1
dayspring	1
dawned	1
dashes	1
darts	1
darkly	1
darkling	1
darkle	1
darkened	1
dared	1
dank	1
danger	1
dancing	1
dances	1
dance	1
damp	1
cutting	1
curved	1
curtain	1
currents	1
crown	1
crests	1
crept	1
creation	1
cranes	1
crags	1
covered	1
courses	1
counciled	1
council	1
cot	1
corpse	1
cornfield	1
core	1
corals	1
coppee	1
cool	1
cooing	1
contentment	1
contention	1
contemplative	1
consumes	1
consort	1
consign	1
considered	1
consented	1
conscious	1
conquered	1
confused	1
concord	1
composed	1
complaint	1
complain	1
compelled	1
compages	1
commonly	1
commands	1
coming	1
combs	1
combing	1
combat	1
comb	1
columbia	1
colours	1
coldly	1
colder	1
coat	1
clustering	1
closing	1
closed	1
clogged	1
clinging	1
cleave	1
clearly	1
cleared	1
clay	1
clasped	1
clasp	1
clangour	1
clamour	1
claims	1
claimed	1
city	1
citron	1
churchyard	1
chime	1
chilly	1
children	1
cherish	1
chequered	1
cheering	1
checks	1
checked	1
check	1
che	1
chase	1
charms	1
charm	1
chanting	1
changes	1
changed	1
chainless	1
centred	1
centre	1
ceaseless	1
cease	1
caves	1
caverns	1
caught	1
catch	1
casts	1
casks	1
casement	1
case	1
cares	1
career	1
captain	1
cantos	1
canadian	1
canadia7i	1
canada	1
called	1
call	1
calai	1
cad	1
bygone	1
bushes	1
burst	1
burdened	1
buoyancy	1
buds	1
budding	1
bud	1
bubble	1
brows	1
brought	1
brooks	1
brooklet	1
brook	1
bristling	1
bringing	1
brightly	1
brightened	1
brief	1
breezes	1
breeze	1
breathes	1
breathed	1
breaks	1
break	1
brazen	1
brain	1
boy	1
bowers	1
bower	1
boundless	1
bough	1
bottom	1
borrow	1
bonds	1
bolted	1
bogs	1
bog	1
body	1
boat	1
boast	1
blush	1
blown	1
bloodshed	1
blighted	1
blew	1
bled	1
blasting	1
blasted	1
blast	1
blade	1
birth	1
bewildered	1
between	1
better	1
betrayed	1
bestrewn	1
bespeak	1
bend	1
beloved	1
believed	1
belief	1
beheld	1
bee	1
beautiful	1
beaming	1
bay	1
bauble	1
battles	1
based	1
base	1
barren	1
bar	1
banks	1
banished	1
bands	1
badge	1
bade	1
babe	1
babbling	1
azure	1
awful	1
aweary	1
awe	1
aware	1
avenge	1
autumnal	1
aught	1
attempt	1
atone	1
asunder	1
assent	1
aspired	1
aspect	1
asked	1
ascended	1
artist	1
argo	1
argent	1
arched	1
arch	1
apulia	1
appeared	1
apollo	1
apart	1
angered	1
angels	1
ancient	1
anchor	1
amiss	1
america	1
ambuscade	1
ambrosial	1
ambition	1
ambient	1
amber	1
amazed	1
altered	1
already	1
alpine	1
aloud	1
aloof	1
allured	1
allotment	1
airs	1
aim	1
aid	1
agony	1
ago	1
agfain	1
aged	1
ag	1
affrayed	1
affirmed	1
adversity	1
addressing	1
addressed	1
add	1
adapted	1
action	1
abide	1
abated	1
aa/hen	1
^'	1
]	1
\	1
>	1
..	1
)	1
'*	1
''*■	1
"^	1
"*	1
