,	6621
the	2544
and	2066
.	1112
of	962
;	952
to	921
!	868
in	786
his	726
|'s|	646
a	642
with	539
that	490
he	466
her	455
thy	395
on	394
but	392
?	375
is	359
not	302
she	287
i	282
for	272
'	271
from	262
thou	261
when	242
like	239
:	219
over	196
no	196
as	195
by	187
all	187
where	184
my	168
or	167
was	166
who	163
shall	163
still	162
their	158
be	158
him	151
yet	145
while	144
thee	143
love	138
what	131
heart	131
then	129
at	123
it	120
though	114
they	114
oh	112
are	111
more	105
will	103
man	102
there	98
which	97
long	94
heaven	94
me	93
how	88
death	86
too	82
if	81
"	81
ye	80
soul	79
enoch	79
whose	76
have	75
hath	75
nor	74
here	74
poor	73
our	73
its	73
this	72
see	71
may	70
eyes	70
eye	70
tears	69
day	69
one	68
now	68
hand	68
again	68
woe	66
had	66
can	65
so	63
cold	63
sad	62
well	61
beneath	61
(	60
light	59
could	59
sweet	58
old	58
th	57
would	55
through	55
than	55
lo	55
earth	55
vain	54
pain	54
name	54
life	54
god	54
child	54
)	54
we	53
never	53
hope	53
every	53
why	52
thought	52
fire	52
once	51
d	51
wild	50
night	50
last	50
cheek	50
were	49
grave	49
come	49
let	48
fear	48
ever	48
home	46
beauty	46
!'	45
weep	44
pride	44
oft	44
them	43
flowers	43
time	42
into	42
hear	42
even	42
did	42
flower	41
an	41
your	40
sky	40
breast	40
wave	39
might	39
men	39
lost	39
die	39
born	39
voice	38
rose	38
pale	38
died	38
storm	37
feet	37
fair	37
deep	37
dark	37
bright	37
blind	37
tear	36
heard	36
years	35
till	35
soon	35
smile	35
meet	35
loved	35
look	35
green	35
despair	35
dead	35
thine	34
side	34
power	34
mary	34
hands	34
father	34
near	33
brow	33
art	33
sleep	32
sea	32
proud	32
own	32
mother	32
hopeless	32
away	32
sun	31
spirit	31
slow	31
nature	31
know	31
forth	31
bosom	31
tell	30
past	30
head	30
gloom	30
form	30
each	30
came	30
age	30
youth	29
wray	29
true	29
senena	29
many	29
feel	29
dust	29
alone	29
.'	29
words	28
stone	28
seemed	28
saw	28
read	28
morn	28
fate	28
england	28
blue	28
snow	27
must	27
most	27
lone	27
left	27
hour	27
high	27
face	27
ere	27
dream	27
cloud	27
air	27
*	27
wretch	26
wing	26
up	26
save	26
rest	26
live	26
half	26
good	26
dread	26
down	26
darkness	26
boy	26
blessed	26
|romannumeral|	25
woes	25
without	25
stream	25
should	25
shore	25
say	25
rock	25
human	25
grey	25
do	25
dear	25
curse	25
behold	25
whom	24
wept	24
way	24
upon	24
tomb	24
these	24
stood	24
scorn	24
mind	24
low	24
land	24
joy	24
fell	24
far	24
book	24
blood	24
black	24
wings	23
strong	23
some	23
ocean	23
mute	23
little	23
king	23
grief	23
young	22
tree	22
toil	22
such	22
speak	22
sin	22
shame	22
rise	22
mercy	22
looked	22
gold	22
felt	22
evil	22
cannot	22
bid	22
around	22
alas	22
."	22
worm	21
wind	21
white	21
sorrow	21
slaves	21
silent	21
seems	21
rocks	21
mountain	21
living	21
lay	21
hast	21
go	21
flame	21
first	21
dreams	21
cottage	21
below	21
before	21
trade	20
tis	20
things	20
silence	20
sees	20
said	20
none	20
make	20
lord	20
horror	20
hell	20
hearts	20
days	20
clouds	20
children	20
best	20
you	19
wan	19
taught	19
praise	19
o	19
hate	19
guilt	19
gone	19
gloomy	19
free	19
deeds	19
bread	19
been	19
bed	19
am	19
waste	18
want	18
truth	18
thoughts	18
sound	18
sought	18
sons	18
song	18
seen	18
rich	18
prayer	18
passion	18
mountains	18
made	18
labour	18
knows	18
hill	18
hark	18
hair	18
freedom	18
fallen	18
called	18
bear	18
ancient	18
above	18
wide	17
us	17
slave	17
sister	17
shook	17
shadow	17
henley	17
hears	17
golden	17
friend	17
eternal	17
dying	17
door	17
changed	17
call	17
brain	17
bends	17
ah	17
|arabic1digit|	16
waves	16
victim	16
turned	16
thus	16
sublime	16
smiled	16
slept	16
sire	16
shed	16
self	16
poverty	16
only	16
moon	16
lips	16
infant	16
humble	16
happy	16
fled	16
desert	16
burning	16
bloom	16
angel	16
warm	15
vale	15
tried	15
throne	15
spring	15
spoke	15
sightless	15
shake	15
sent	15
seem	15
red	15
pensive	15
new	15
morning	15
memory	15
looks	15
lies	15
hills	15
hide	15
full	15
found	15
fly	15
dreadful	15
breath	15
behind	15
back	15
angels	15
?'	15
worth	14
world	14
wise	14
winter	14
weeping	14
vainly	14
told	14
times	14
souls	14
smiles	14
skill	14
sighs	14
shade	14
scene	14
raised	14
plain	14
music	14
meek	14
lived	14
laid	14
knew	14
kiss	14
haste	14
great	14
giant	14
feels	14
feared	14
doom	14
dog	14
deathless	14
charles	14
bowed	14
blush	14
blast	14
arm	14
amid	14
alice	14
word	13
winds	13
weak	13
wake	13
village	13
vile	13
unseen	13
troubled	13
those	13
terror	13
tale	13
since	13
seeks	13
scarce	13
pay	13
pauper	13
pass	13
lip	13
lifeless	13
less	13
late	13
jane	13
ill	13
husband	13
hours	13
hard	13
hail	13
glad	13
frown	13
forgive	13
fall	13
eden	13
dwelled	13
crime	13
comes	13
clay	13
cast	13
canst	13
better	13
arms	13
appears	13
adieu	13
!"	13
worlds	12
war	12
wall	12
town	12
tongue	12
star	12
spread	12
speaks	12
son	12
sight	12
sigh	12
set	12
rage	12
race	12
pure	12
pity	12
peace	12
mourn	12
mine	12
midnight	12
loves	12
leaves	12
leaf	12
kissed	12
joys	12
immortal	12
hung	12
gentle	12
gaze	12
gave	12
future	12
friends	12
frame	12
food	12
foam	12
fixed	12
fiery	12
fast	12
fame	12
faded	12
eternity	12
drink	12
divine	12
dies	12
crowd	12
country	12
close	12
bird	12
bade	12
aged	12
worse	11
worn	11
woman	11
within	11
wilt	11
went	11
two	11
took	11
thunder	11
thing	11
strength	11
strange	11
stern	11
spare	11
roam	11
right	11
parish	11
pangs	11
page	11
other	11
need	11
misery	11
marble	11
loud	11
locks	11
ice	11
heavenly	11
grow	11
groan	11
give	11
gazed	11
find	11
fields	11
fears	11
fatal	11
dim	11
dewy	11
deed	11
daughter	11
both	11
bore	11
bliss	11
bless	11
billows	11
bids	11
between	11
bent	11
awe	11
winslow	10
widow	10
whisper	10
whirlwind	10
wealth	10
view	10
twas	10
tower	10
steel	10
start	10
solitude	10
shun	10
shalt	10
sabbath	10
round	10
rolled	10
roar	10
repose	10
pleased	10
perish	10
paid	10
nought	10
nigh	10
much	10
mean	10
main	10
lives	10
kind	10
heavy	10
grand	10
glow	10
glory	10
forms	10
forgiven	10
forget	10
foe	10
floor	10
flies	10
fiends	10
fed	10
ezra	10
early	10
dreamed	10
dost	10
deadly	10
contents	10
chain	10
ceased	10
buried	10
broad	10
breathe	10
bee	10
because	10
base	10
bard	10
ask	10
almost	10
aid	10
ago	10
accents	10
yonder	9
yesterday	9
yes	9
woods	9
woodbine	9
wood	9
weeps	9
walk	9
virtues	9
virgin	9
victims	9
very	9
vernal	9
tyrant	9
turn	9
try	9
tresses	9
trembling	9
tremble	9
temple	9
teach	9
tax	9
swift	9
strand	9
stay	9
stands	9
spirits	9
speech	9
sleeps	9
roof	9
primrose	9
prey	9
patriarch	9
paths	9
passed	9
next	9
matron	9
lowly	9
listening	9
led	9
lad	9
knee	9
kirk	9
just	9
j	9
isle	9
iron	9
image	9
ills	9
hues	9
honest	9
held	9
hapless	9
given	9
five	9
fingers	9
fern	9
features	9
faithful	9
evening	9
ear	9
drew	9
done	9
distant	9
dire	9
dew	9
curses	9
cried	9
corpse	9
burned	9
broken	9
break	9
bound	9
bones	9
bold	9
blow	9
blossoms	9
blasted	9
beyond	9
beside	9
bend	9
become	9
beauteous	9
armed	9
another	9
anguish	9
albert	9
year	8
wrong	8
wrath	8
worms	8
workhouse	8
wished	8
wintery	8
waters	8
uttered	8
unknown	8
unblessed	8
trembled	8
towards	8
thousand	8
think	8
sudden	8
stretched	8
stand	8
soft	8
snake	8
smote	8
small	8
slumbers	8
skies	8
sits	8
sings	8
sing	8
sighed	8
scorned	8
roll	8
rivers	8
return	8
repair	8
remain	8
quite	8
pray	8
place	8
pine	8
out	8
oak	8
noon	8
mortal	8
mock	8
lyre	8
longer	8
lonely	8
lightning	8
laws	8
known	8
kings	8
hue	8
horrid	8
himself	8
helpless	8
has	8
guiltless	8
glorious	8
gazing	8
gale	8
fragrance	8
fought	8
fool	8
flow	8
flood	8
flight	8
flash	8
fight	8
few	8
feed	8
feeble	8
fearless	8
erect	8
endure	8
doubt	8
doomed	8
does	8
depart	8
deem	8
dashed	8
darkest	8
daisy	8
cursed	8
conscience	8
common	8
closed	8
clasped	8
chill	8
change	8
cause	8
calls	8
brother	8
brook	8
broke	8
bring	8
bowers	8
bow	8
bought	8
blindness	8
blaze	8
blame	8
beloved	8
began	8
beams	8
battle	8
bare	8
anna	8
agony	8
ages	8
yon	7
wrongs	7
wronged	7
wretched	7
worst	7
wore	7
wondering	7
withered	7
winged	7
wear	7
wander	7
wakes	7
waked	7
vision	7
uplifted	7
tyrants	7
tread	7
torture	7
tells	7
teacher	7
talk	7
take	7
t	7
sword	7
sweetly	7
sweetest	7
sunny	7
summer	7
sufferer	7
strain	7
stormy	7
stones	7
sting	7
sternly	7
steals	7
stars	7
starry	7
splendour	7
sorrowing	7
soothe	7
smiling	7
slowly	7
sinks	7
shroud	7
shrieked	7
shriek	7
shakes	7
serpent	7
seldom	7
second	7
scenes	7
saddest	7
rushed	7
road	7
re	7
rain	7
proudly	7
prayed	7
pious	7
pause	7
parent	7
nay	7
named	7
moves	7
mourning	7
mournful	7
moor	7
moment	7
met	7
melt	7
lucid	7
lovely	7
loveliest	7
listen	7
limb	7
lift	7
lie	7
learned	7
learn	7
laughed	7
laugh	7
julia	7
house	7
hopes	7
homeless	7
hoar	7
heir	7
heath	7
health	7
hated	7
guest	7
growing	7
granite	7
grandeur	7
grace	7
glance	7
gay	7
garden	7
fresh	7
frail	7
forgot	7
flows	7
fierce	7
feeds	7
faithless	7
faint	7
fain	7
fading	7
envious	7
end	7
embrace	7
eagle	7
drop	7
dreads	7
doth	7
deplore	7
crowds	7
corn	7
childhood	7
charms	7
cease	7
captive	7
burns	7
burn	7
brought	7
brightening	7
brief	7
bride	7
brave	7
bough	7
blown	7
bitter	7
bell	7
beheld	7
beautiful	7
beam	7
azure	7
awful	7
arose	7
april	7
answer	7
alive	7
abode	7
yore	6
yields	6
wrought	6
written	6
worship	6
wonder	6
wolf	6
wildly	6
wherefore	6
weeds	6
wed	6
weakness	6
watched	6
watch	6
voices	6
voiceless	6
visit	6
visage	6
virtue	6
vengeance	6
veil	6
vast	6
unlike	6
under	6
unborn	6
turns	6
trembles	6
trees	6
torrent	6
tones	6
tone	6
throned	6
thoughtful	6
tempest	6
tall	6
sure	6
suffering	6
struggling	6
struck	6
strike	6
streets	6
stranger	6
steps	6
state	6
sorrows	6
solemn	6
soil	6
slumber	6
shrank	6
show	6
shine	6
shakespeare	6
serene	6
seek	6
secret	6
seas	6
score	6
savage	6
sank	6
run	6
rill	6
rhyme	6
rent	6
redbreast	6
reads	6
reached	6
ray	6
rave	6
quivering	6
quit	6
pressed	6
present	6
powers	6
pours	6
pomp	6
poet	6
plumes	6
plough	6
please	6
plant	6
perchance	6
paused	6
passing	6
parting	6
paradise	6
pallid	6
pall	6
pages	6
murmurs	6
murdered	6
move	6
morland	6
moorland	6
mill	6
mate	6
mantle	6
majestic	6
maiden	6
maid	6
lords	6
lock	6
length	6
lean	6
lays	6
law	6
knees	6
justice	6
jaw	6
innocence	6
hither	6
hence	6
hearth	6
headlong	6
hates	6
hannah	6
grove	6
greece	6
grasps	6
grasped	6
gleamed	6
ghastly	6
frost	6
foul	6
forest	6
fond	6
foes	6
finger	6
fine	6
feeling	6
famine	6
faces	6
erst	6
envy	6
dwells	6
dwell	6
due	6
drops	6
dropped	6
dismay	6
disdain	6
den	6
delayed	6
deeply	6
deems	6
dared	6
cruel	6
cromwell	6
crimson	6
crimes	6
cot	6
complain	6
coming	6
charm	6
chair	6
care	6
calmly	6
calm	6
broom	6
british	6
brighter	6
breeze	6
bower	6
bind	6
billow	6
believe	6
became	6
babe	6
awed	6
arise	6
ann	6
although	6
abroad	6
|arabic3digit|	5
wound	5
wolves	5
witness	5
wife	5
whence	5
west	5
welcome	5
weed	5
wedded	5
wast	5
wandering	5
wanderer	5
walked	5
wait	5
violet	5
verdant	5
vanquished	5
valour	5
valleys	5
urged	5
unworthy	5
unheard	5
turning	5
train	5
torn	5
tore	5
tide	5
thrush	5
throng	5
three	5
thorn	5
thick	5
themselves	5
terrier	5
task	5
talked	5
takes	5
suspended	5
sung	5
suffer	5
strove	5
streams	5
storms	5
stole	5
stain	5
st	5
squire	5
sounds	5
soldier	5
sold	5
sobbed	5
smoke	5
slain	5
sick	5
shunned	5
shower	5
shaking	5
shades	5
scream	5
sat	5
s	5
rural	5
ruin	5
rugged	5
rome	5
rolling	5
rival	5
righteous	5
returned	5
retreat	5
retire	5
restore	5
restless	5
reply	5
replied	5
remorse	5
remember	5
reign	5
pursued	5
prove	5
press	5
praised	5
pour	5
poisoned	5
plunged	5
played	5
perhaps	5
patient	5
path	5
part	5
often	5
odours	5
nose	5
neighbour	5
native	5
naked	5
muttered	5
muse	5
murmuring	5
moved	5
moss	5
mocked	5
mingled	5
minds	5
milton	5
mighty	5
merit	5
melted	5
melody	5
may'st	5
makes	5
loving	5
listened	5
lily	5
laughs	5
language	5
lady	5
know'st	5
k	5
icy	5
hymns	5
hungry	5
hundred	5
humbled	5
homeward	5
hollow	5
hoary	5
help	5
hamlet	5
guilty	5
guide	5
ground	5
groans	5
graves	5
grateful	5
grandsire	5
girt	5
genius	5
gaol	5
game	5
frowned	5
forlorn	5
forests	5
forehead	5
footsteps	5
foot	5
flashed	5
fever	5
feelings	5
feast	5
farthest	5
farewell	5
false	5
fairest	5
expected	5
exiled	5
eve	5
endured	5
eloquent	5
echoing	5
echoes	5
earthly	5
dusky	5
dry	5
droops	5
driven	5
draws	5
dogs	5
didst	5
dews	5
despot	5
despite	5
desolation	5
deplored	5
deemed	5
daughters	5
darkening	5
darkened	5
dangerous	5
danger	5
damp	5
cut	5
cure	5
cry	5
crowned	5
cries	5
constancy	5
climbs	5
clear	5
cheerful	5
changeless	5
chained	5
cavern	5
can'st	5
byron	5
buy	5
bursting	5
burst	5
built	5
briton	5
breathing	5
branches	5
brake	5
boys	5
boast	5
blows	5
bleed	5
betray	5
beat	5
bears	5
baseness	5
bank	5
baffled	5
bad	5
baby	5
avarice	5
assailed	5
ash	5
angry	5
already	5
alpine	5
along	5
adored	5
abhorred	5
?"	5
|arabic2digit|	4
write	4
wren	4
would'st	4
work	4
woo	4
wondered	4
withers	4
wish	4
wisdom	4
wine	4
whip	4
wheel	4
whatever	4
weekly	4
waved	4
water	4
warrior	4
wanders	4
walks	4
waits	4
vulgar	4
visions	4
violets	4
verse	4
vein	4
vapours	4
vales	4
upward	4
upraised	4
unutterable	4
trust	4
trouble	4
tranquil	4
traitor	4
tory	4
torturing	4
throbbing	4
thrive	4
thrall	4
thin	4
thief	4
themes	4
theme	4
thanks	4
terrible	4
ten	4
teeth	4
tearless	4
swords	4
swells	4
sweetness	4
sway	4
surprise	4
sunless	4
sunk	4
sunbeam	4
sullen	4
subdued	4
stunned	4
strung	4
struggle	4
stray	4
story	4
stooped	4
stoop	4
step	4
starts	4
starless	4
splendid	4
spite	4
spell	4
spares	4
sole	4
softly	4
skilled	4
skaiter	4
sit	4
sires	4
sir	4
sink	4
sinful	4
shrieking	4
shout	4
shone	4
shallow	4
shaded	4
severed	4
severe	4
seraph	4
senseless	4
seeking	4
scowl	4
scourge	4
scorning	4
school	4
saint	4
sadness	4
sadly	4
sable	4
russell	4
rush	4
runs	4
ruined	4
rude	4
rother	4
roses	4
robbers	4
rising	4
restored	4
resigned	4
repentant	4
remembrance	4
rejoiced	4
reigns	4
ready	4
reach	4
rancour	4
ran	4
raise	4
rags	4
rabid	4
quenched	4
prostrate	4
prepared	4
poison	4
poesy	4
poacher	4
plays	4
play	4
plants	4
placed	4
petals	4
peasant	4
paupers	4
palace	4
pace	4
others	4
open	4
offended	4
off	4
nursed	4
nothing	4
notes	4
north	4
nightly	4
nerves	4
neighbours	4
neglected	4
nations	4
mutters	4
murmur	4
murder	4
mourns	4
mourner	4
mourned	4
mould	4
mocks	4
mistress	4
miss	4
mightiest	4
mid	4
melts	4
meets	4
master	4
married	4
mark	4
manly	4
luxury	4
loyal	4
lover	4
loneliness	4
london	4
lofty	4
load	4
lizard	4
lingers	4
lingering	4
line	4
lightnings	4
lifted	4
leave	4
least	4
leaned	4
leafless	4
leads	4
lead	4
laura	4
lark	4
lap	4
lane	4
knaves	4
kill	4
joyless	4
john	4
itself	4
invoke	4
inquire	4
inly	4
indignant	4
idle	4
i'll	4
hush	4
husbands	4
hourly	4
hot	4
horrors	4
hoped	4
history	4
herself	4
hermit	4
havoc	4
harp	4
harmless	4
happier	4
hall	4
h	4
grown	4
groves	4
grinder	4
grim	4
griefs	4
grew	4
grass	4
gospel	4
gorse	4
gods	4
glows	4
glowing	4
glide	4
glen	4
gems	4
gate	4
gasped	4
gain	4
fruit	4
frozen	4
friendly	4
frantic	4
frailty	4
fragrant	4
forgotten	4
folds	4
floods	4
fit	4
fiercely	4
fathers	4
falls	4
faintly	4
fade	4
f	4
eyed	4
eyeballs	4
expire	4
equal	4
enough	4
enduring	4
embraced	4
eat	4
e	4
dungeon	4
droop	4
drear	4
dreaded	4
draw	4
drank	4
don	4
dizzy	4
dismal	4
disease	4
devotee	4
desponding	4
delight	4
deeper	4
dawn	4
dares	4
damned	4
curtains	4
crust	4
core	4
conscious	4
conquered	4
cock	4
clustered	4
clad	4
cheered	4
cheer	4
chase	4
changes	4
caught	4
britons	4
brings	4
brightness	4
brightly	4
bridal	4
boyhood	4
bows	4
bone	4
blushing	4
blossoming	4
bloomed	4
blight	4
birth	4
bill	4
bier	4
bidding	4
betrayed	4
bending	4
beggar	4
barren	4
bark	4
banks	4
awhile	4
autumn	4
athwart	4
appalled	4
answered	4
altar	4
almighty	4
allied	4
albeit	4
aghast	4
after	4
affection	4
afar	4
.)	4
zeal	3
youngest	3
yeoman	3
yellow	3
wrung	3
writes	3
wring	3
wretches	3
wounded	3
wouldst	3
worthless	3
works	3
wordless	3
woodbines	3
wondrous	3
wives	3
withdraw	3
wincobank	3
willing	3
wilds	3
widowed	3
whispering	3
whether	3
wheels	3
wet	3
weepest	3
week	3
weary	3
watery	3
warriors	3
wants	3
wanderers	3
wandered	3
wages	3
views	3
viewless	3
vest	3
verdure	3
veils	3
vanish	3
valley	3
utterance	3
urn	3
unutter'd	3
unstrung	3
unforgiven	3
unfelt	3
undone	3
unconscious	3
uncle	3
unchanged	3
umbered	3
type	3
twilight	3
twice	3
twelve	3
trusting	3
trumpet	3
trout	3
trode	3
triumphs	3
triumphant	3
triumph	3
tribute	3
tress	3
treacherous	3
travelled	3
transport	3
trampled	3
trace	3
townsman	3
towns	3
touch	3
toss	3
tortured	3
tiny	3
timid	3
tiger	3
ties	3
throws	3
thrown	3
throb	3
throat	3
thrice	3
thomas	3
thirty	3
third	3
thinks	3
therefore	3
thankful	3
thank	3
terrific	3
tenant	3
temples	3
taxed	3
taunt	3
taper	3
tame	3
sworn	3
sweets	3
sweeter	3
sustain	3
surely	3
sullenly	3
sublimity	3
subject	3
style	3
stung	3
strut	3
stroke	3
strive	3
stricken	3
straw	3
stops	3
stop	3
stoops	3
stooping	3
stirred	3
stillness	3
steeds	3
stately	3
startled	3
starting	3
stared	3
stare	3
stanedge	3
stamped	3
stainless	3
stained	3
spurned	3
spurn	3
spreads	3
spray	3
spot	3
spent	3
speed	3
speechless	3
spectre	3
spark	3
spake	3
spain	3
south	3
soothed	3
sojourn	3
sod	3
sob	3
soar	3
snowy	3
snows	3
sneer	3
smite	3
slumbering	3
slippery	3
sleeve	3
six	3
sinners	3
sinking	3
silvery	3
silly	3
silently	3
sighing	3
sickness	3
sickly	3
sickening	3
shut	3
shudders	3
shuddering	3
showers	3
shot	3
shock	3
shipwreck	3
shines	3
sheffield	3
sheds	3
sheaf	3
share	3
shadows	3
served	3
servants	3
servant	3
sense	3
seated	3
seat	3
screams	3
scorns	3
science	3
schiller	3
scattering	3
scarcely	3
sayest	3
sapphire	3
sands	3
sand	3
sail	3
sage	3
safety	3
saddening	3
sacred	3
rustic	3
ruins	3
rosy	3
root	3
room	3
roofing	3
roman	3
robe	3
robber	3
river	3
rien	3
richest	3
richer	3
richard	3
reverence	3
retain	3
rests	3
reptile	3
renew	3
remembered	3
remains	3
religion	3
relentless	3
release	3
reflection	3
raves	3
raven	3
rather	3
rare	3
rapture	3
r	3
quits	3
queen	3
quaff	3
purse	3
purple	3
prosper	3
prophecy	3
prolonged	3
proclaimed	3
prison	3
presence	3
prepares	3
portion	3
port	3
pope	3
poised	3
poets	3
poetry	3
plundered	3
plumy	3
plumed	3
plume	3
plumage	3
pleasure	3
pitying	3
pinions	3
pillowed	3
pillow	3
pilgrim	3
pile	3
phantoms	3
paved	3
pausing	3
pauses	3
pathway	3
pathetic	3
partridge	3
parted	3
pardon	3
paper	3
pang	3
palsied	3
pair	3
painted	3
paint	3
overthrown	3
outstretched	3
ought	3
oppressor	3
oppressed	3
oblivion	3
oaks	3
note	3
noiseless	3
noblest	3
nest	3
neglect	3
neck	3
napoleon	3
names	3
nameless	3
myriad	3
murderer	3
motion	3
mortals	3
moors	3
moonbeam	3
monarch	3
mockery	3
mixed	3
misfortune	3
mirror'd	3
millions	3
mild	3
methought	3
methinks	3
metacom	3
memorial	3
meekly	3
meekest	3
meanest	3
maternal	3
martyr	3
march	3
manhood	3
malice	3
malcontent	3
majesty	3
magic	3
magdalene	3
mad	3
m	3
lucy	3
lovk	3
lovest	3
loveliness	3
loss	3
longed	3
locksley	3
loathsome	3
listens	3
limbs	3
liberty	3
letters	3
lengthened	3
learning	3
law'd	3
laughter	3
languid	3
landed	3
knowledge	3
kneel	3
kingdom	3
kindred	3
kindly	3
killed	3
kept	3
keep	3
judgement	3
journey	3
jew	3
jem	3
ivy	3
issued	3
ire	3
intensest	3
insect	3
injured	3
infancy	3
independence	3
increased	3
impart	3
idiot	3
hyacinth	3
hut	3
hushed	3
hurled	3
hunger	3
humbling	3
huge	3
howling	3
hordes	3
honour	3
holy	3
hold	3
hoarded	3
hiss	3
highest	3
heirs	3
hedge	3
heaving	3
heavens	3
heartless	3
hearths	3
hazel	3
hawthorn	3
harsh	3
happiness	3
happiest	3
hampden	3
halls	3
guileless	3
grows	3
groaned	3
grind	3
gorgeous	3
gore	3
glories	3
gloaming	3
glittering	3
glimmers	3
gleams	3
gleam	3
gives	3
gird	3
ghost	3
gambler	3
gall	3
futurity	3
funeral	3
fulsome	3
froze	3
frowning	3
frosty	3
friendship	3
friendless	3
frequent	3
french	3
freed	3
fraud	3
fox	3
four	3
fortune	3
forgets	3
forgave	3
force	3
fondly	3
folly	3
followed	3
float	3
flesh	3
fleet	3
flashes	3
flag	3
firm	3
fiend	3
fearfully	3
fearful	3
farm	3
fan	3
famished	3
familiar	3
falsehood	3
falling	3
faith	3
failed	3
fail	3
factious	3
expression	3
expecting	3
existence	3
exclaimed	3
evermore	3
eustace	3
erin	3
envied	3
ended	3
embattled	3
elysian	3
eldest	3
eggs	3
edward	3
eager	3
drunk	3
drove	3
drinks	3
dreadless	3
dreading	3
distrust	3
distress	3
distance	3
dismayed	3
diamonds	3
dial	3
dewdrop	3
devil	3
dethroned	3
destined	3
despised	3
desperate	3
deserts	3
deserted	3
descends	3
dependance	3
dens	3
denied	3
demon	3
deluge	3
deigned	3
defied	3
decks	3
dearest	3
deaf	3
deadlier	3
darkly	3
darkens	3
daring	3
dare	3
dandy	3
dame	3
daisies	3
daily	3
curate	3
cup	3
crush	3
crown	3
crossed	3
crept	3
crawl	3
coward	3
cover	3
courts	3
course	3
converse	3
control	3
content	3
conquering	3
communion	3
comfort	3
colours	3
coldness	3
coldest	3
coeval	3
cobweb	3
clowns	3
clime	3
climbed	3
clasp	3
churchyard	3
chaste	3
chamber	3
chains	3
centre	3
cell	3
celandine	3
caves	3
casts	3
cart	3
carpet	3
cares	3
cancer	3
burden	3
builds	3
budding	3
brutes	3
brokenhearted	3
britain	3
brilliant	3
brightest	3
brighten	3
bridge	3
boundless	3
boroughmongering	3
booming	3
boom	3
bolus	3
body	3
blushes	3
blooms	3
blissful	3
bleeds	3
blazed	3
blasts	3
blank	3
blamed	3
bite	3
bereft	3
believed	3
begin	3
beggared	3
beg	3
becomes	3
beast	3
bay	3
bathed	3
barter	3
backward	3
b	3
awestruck	3
averted	3
avenging	3
avails	3
assail	3
aspire	3
asked	3
aside	3
ashes	3
ascends	3
armies	3
ardour	3
arched	3
appal	3
anxious	3
anew	3
amain	3
altered	3
aloud	3
alms	3
alike	3
ale	3
agonies	3
against	3
admonition	3
act	3
acquaintance	3
absent	3
abraham	3
abject	3
[	3
?,	3
.,	3
younglings	2
yell	2
yard	2
writhe	2
wrinkled	2
wrestle	2
wreath	2
worthy	2
wonted	2
wont	2
won	2
wolfish	2
woke	2
wizard	2
withstand	2
wither	2
wishes	2
wiped	2
winks	2
wingless	2
windows	2
win	2
wills	2
williams	2
wight	2
wier	2
wield	2
widower	2
whole	2
whoever	2
whispers	2
whispered	2
whirling	2
wherever	2
whenever	2
wheeling	2
wends	2
welcomed	2
weighs	2
weighed	2
weeks	2
weds	2
weaver	2
weariness	2
weal	2
waxed	2
waving	2
watches	2
wasted	2
wasps	2
washington	2
warning	2
wares	2
warbling	2
warbles	2
wanton	2
waned	2
walls	2
waking	2
waited	2
wail	2
wafture	2
vitals	2
victory	2
victor	2
vermin	2
verge	2
venomous	2
venerable	2
veins	2
veiled	2
vanished	2
used	2
urge	2
upturned	2
upstart	2
uprears	2
uplift	2
uplands	2
unwonted	2
unwelcome	2
unvanquish'd	2
unshaken	2
unmoved	2
unmatched	2
universal	2
unholy	2
unhappy	2
unearthly	2
undying	2
undismayed	2
undesired	2
unbow'd	2
unaltered	2
twitter	2
twin	2
twig	2
twenty	2
tusk	2
tumult	2
tube	2
trump	2
troubles	2
trodden	2
trod	2
triumphed	2
trills	2
trial	2
treads	2
treachery	2
travellers	2
traveller	2
transient	2
trample	2
tramper	2
traitors	2
tradition	2
tradesman	2
towers	2
towered	2
touched	2
tossed	2
tortures	2
top	2
tools	2
tonight	2
tongues	2
tomorrow	2
tolls	2
toll	2
together	2
toes	2
today	2
tilpd	2
tidings	2
thunders	2
thundering	2
thumb	2
throw	2
throve	2
throstle	2
thrones	2
thrives	2
thrilling	2
thorns	2
thinner	2
thigh	2
thaw	2
tenderest	2
tender	2
tend	2
tenantless	2
tawny	2
taunts	2
tail	2
sympathy	2
sympathise	2
syllable	2
sycamore	2
swim	2
swelter	2
swelled	2
swell	2
sweep	2
sweat	2
swan	2
swallowing	2
swain	2
suspense	2
surveyed	2
suppliant	2
sunset	2
sunday	2
sunbeams	2
sultry	2
succeeds	2
succeed	2
submit	2
submission	2
sublimely	2
subdue	2
stuart	2
strife	2
stride	2
strengthened	2
streak	2
strays	2
strayed	2
strangers	2
strangely	2
strained	2
stinks	2
stifled	2
sternness	2
sterling	2
steeped	2
steep	2
stealthy	2
steal	2
states	2
started	2
starred	2
stalks	2
stalk	2
stake	2
staggering	2
squireling	2
spurns	2
spotted	2
spotless	2
sports	2
spleeny	2
spends	2
spectres	2
spear	2
sparks	2
sown	2
sow	2
source	2
soundless	2
soulless	2
souled	2
sorrowed	2
sooth	2
sometimes	2
solitary	2
solemnly	2
solar	2
sojourned	2
sobs	2
soared	2
snatch	2
smooth	2
smoked	2
smiting	2
smites	2
smart	2
slumbered	2
sloth	2
slinks	2
slighted	2
sleepy	2
sleepless	2
slaughter	2
slandered	2
sisters	2
sinless	2
singing	2
simpering	2
signs	2
sides	2
shudder	2
shrill	2
shoulders	2
shortsighted	2
short-lived	2
shores	2
shoreless	2
shivering	2
sheltering	2
shaken	2
shadowy	2
severest	2
seven	2
sets	2
serve	2
serpents	2
serenely	2
sentence	2
sends	2
sell	2
seest	2
secure	2
secrets	2
seasons	2
seared	2
seal	2
seabirds	2
sculptured	2
sculpture	2
screened	2
scowls	2
scourged	2
scorched	2
scattered	2
scathed	2
scathe	2
scared	2
scaffold	2
sawyer	2
sawest	2
salutes	2
sake	2
sailless	2
saddened	2
rustle	2
rustics	2
rushes	2
rule	2
royal	2
rove	2
roots	2
roofs	2
rolls	2
rogue	2
rob	2
roaring	2
roads	2
rivilin	2
rises	2
risen	2
ripe	2
riot	2
ringlet	2
rigid	2
ride	2
reward	2
revisited	2
reverend	2
revered	2
returns	2
returning	2
retribution	2
retired	2
resumed	2
resounding	2
resolved	2
resignation	2
reproach	2
replies	2
repent	2
renown	2
rend	2
remove	2
remote	2
remembrances	2
remembers	2
reluctant	2
relieves	2
relic	2
released	2
relative	2
relate	2
rejoicing	2
rehearse	2
regions	2
regicide	2
regal	2
refuses	2
reft	2
reeling	2
reedy	2
reclined	2
recite	2
recall	2
rebellious	2
rebellion	2
reason	2
rears	2
reared	2
reaped	2
realms	2
rat	2
rapine	2
rank	2
rainbow	2
raged	2
rag	2
radiance	2
quivers	2
quiet	2
quick	2
questions	2
quenchless	2
quench	2
quelled	2
quaint	2
purity	2
purged	2
purest	2
purchased	2
punctual	2
provide	2
proved	2
proudest	2
prosperity	2
propped	2
prophets	2
prophetic	2
prophet	2
proof	2
pronounced	2
prompt	2
promise	2
profane	2
prison-house	2
printless	2
print	2
princes	2
prince	2
prime	2
priest	2
prevail	2
presage	2
preparing	2
prays	2
powerless	2
poured	2
posy	2
portentous	2
pondering	2
pollute	2
poem	2
ply	2
plunges	2
plucked	2
pluck	2
plenty	2
plead	2
plate	2
planted	2
planned	2
plan	2
plagues	2
plague	2
pittance	2
piteous	2
pipe	2
pink	2
pinion	2
pines	2
pilgrimage	2
piled	2
pigmy	2
pierced	2
picture	2
phidias	2
petrel	2
peterloo	2
peter	2
perusal	2
perjured	2
perished	2
perilous	2
peril	2
penury	2
pen	2
peer	2
peak	2
pea	2
pays	2
paying	2
patriot	2
paternal	2
passions	2
passionately	2
passer	2
parents	2
pared	2
pane	2
palmy	2
paler	2
pains	2
painful	2
owns	2
outrage	2
ordain	2
orbs	2
oppression	2
opposed	2
opens	2
older	2
objects	2
object	2
obey	2
nurse	2
numbers	2
nobler	2
nine	2
nimrod	2
nights	2
newly	2
newhaven	2
neat	2
nearest	2
natural	2
n	2
myself	2
muttering	2
mutely	2
murderous	2
murderess	2
multitudinous	2
mournfully	2
mount	2
moore	2
moonlight	2
montgomery	2
money	2
monarchs	2
moments	2
molest	2
modest	2
moans	2
moan	2
mists	2
mister	2
misrule	2
minstrels	2
minstrel	2
mingle	2
milk	2
miles	2
midway	2
merchants	2
menial	2
melodious	2
meeting	2
meekness	2
meantime	2
meanness	2
matthew	2
matilda	2
match	2
martial	2
marston	2
marriage	2
marked	2
margin	2
maple	2
manless	2
manfred	2
mane	2
mandate	2
making	2
maker	2
maimed	2
maids	2
maidens	2
madness	2
lying	2
lurk	2
lovers	2
lours	2
loudly	2
lore	2
lordly	2
loom	2
lonest	2
loins	2
loathing	2
loathes	2
lion	2
linger	2
limpid	2
lightly	2
lifts	2
lettered	2
letter	2
lessening	2
leaving	2
leapt	2
leaps	2
leaning	2
leagued	2
lave	2
laughing	2
laud	2
large	2
languished	2
lands	2
lame	2
lag	2
laborious	2
knife	2
kneeled	2
kisses	2
kinglings	2
kingdoms	2
kindness	2
kindled	2
keenness	2
keats	2
june	2
judge	2
joyous	2
joseph	2
jong	2
jones	2
joke	2
join	2
jewry	2
jedediah	2
jaws	2
isles	2
irish	2
involuntary	2
invisible	2
invasion	2
invade	2
interred	2
intent	2
intensity	2
intensely	2
insults	2
insulting	2
instructress	2
instinctively	2
instinct	2
instead	2
inspire	2
inscribe	2
insatiate	2
informs	2
inform	2
infinity	2
infinite	2
infernal	2
indian	2
independent	2
indeed	2
increase	2
incense	2
impression	2
impressed	2
imploring	2
impassioned	2
immortality	2
ignorance	2
idol	2
hymn	2
hymen	2
hurried	2
hunter	2
hunted	2
humblest	2
horse	2
horrible	2
horizon	2
hop	2
hoof	2
hooded	2
honours	2
holiest	2
hoards	2
hireling	2
hind	2
highway	2
highroad	2
higher	2
hideous	2
hid	2
hers	2
hero	2
hereafter	2
herds	2
henry	2
hen	2
heels	2
heaves	2
heaved	2
heave	2
hearted	2
hearest	2
hawk	2
haughty	2
hatred	2
harvest	2
harpy	2
harpies	2
harmonious	2
harmonies	2
harlot	2
hargrove	2
hares	2
hardest	2
hangs	2
hang	2
hammer	2
hamlets	2
haired	2
hadst	2
gushing	2
gushed	2
gun	2
guardian	2
grubs	2
growl	2
groat	2
grimly	2
grieves	2
greet	2
grasp	2
grandchild	2
goul	2
godlike	2
glimmering	2
gliding	2
gleaming	2
glassy	2
glaring	2
glare	2
glanced	2
gladness	2
gigantic	2
ghosts	2
gentlest	2
gem	2
gathered	2
gates	2
gasps	2
gaols	2
gaoler	2
fruits	2
frugal	2
frore	2
freshness	2
freshened	2
frenzy	2
freighted	2
freezing	2
freeze	2
freemen	2
fountain	2
forward	2
forty	2
formed	2
forgives	2
forgiveness	2
forge	2
foretelling	2
foreboding	2
fopling	2
fools	2
foodless	2
fondness	2
fondest	2
follow	2
folks	2
fold	2
foamy	2
foaming	2
fluttering	2
flushed	2
flung	2
floweret	2
flourish	2
flocks	2
floating	2
flings	2
fleeting	2
fleeces	2
flattering	2
flatterers	2
flattered	2
flatter	2
flamy	2
flake	2
fired	2
finds	2
final	2
films	2
fifty	2
fiendish	2
field	2
fevered	2
feudal	2
festival	2
fence	2
female	2
fells	2
feign	2
feedeth	2
feebly	2
feather	2
fat	2
fares	2
fangs	2
fanged	2
fancy	2
famous	2
falcon	2
fairer	2
fainting	2
eyeless	2
expiring	2
expands	2
execrate	2
everything	2
everlasting	2
erring	2
erewhile	2
equals	2
enters	2
english	2
engage	2
enfeebled	2
energy	2
endymion	2
endures	2
endurance	2
ends	2
endears	2
enamoured	2
elysium	2
else	2
elm	2
elliott	2
eld	2
eighty	2
eighteen	2
effect	2
ecstasy	2
eats	2
east	2
ease	2
earthborn	2
ears	2
earnest	2
earned	2
earliest	2
dwelling	2
dwarfd	2
dungeons	2
dungeon'd	2
dun	2
duly	2
druid	2
dross	2
drooping	2
drooped	2
dripping	2
drawn	2
dragged	2
downcast	2
dower	2
dove	2
dome	2
doctor	2
divorced	2
divinity	2
divide	2
disturbed	2
distracted	2
disparted	2
disgraced	2
disgrace	2
disdains	2
disdained	2
discord	2
dis	2
dirge	2
direst	2
dignity	2
dey	2
dewdrops	2
detraction	2
destroyer	2
destitution	2
destiny	2
despots	2
despairing	2
despaired	2
desolate	2
desire	2
depressed	2
deny	2
denies	2
demons	2
demigods	2
dell	2
delicious	2
degraded	2
degenerate	2
defying	2
defiled	2
defiance	2
defeated	2
deepening	2
decree	2
decline	2
deck	2
decay	2
debtor	2
debauch	2
dearn	2
de	2
dawned	2
date	2
darest	2
dam	2
cureless	2
cunning	2
culled	2
crystal	2
crushed	2
crowns	2
cropped	2
critics	2
crisp'd	2
crest	2
crags	2
craft	2
cradled	2
cracked	2
coy	2
cowslips	2
cowards	2
courtly	2
courtier	2
could'st	2
couched	2
corruption	2
coronet	2
corncrake	2
cords	2
cord	2
cook	2
convulsively	2
convulsive	2
convulsed	2
conversed	2
contrite	2
contention	2
contemned	2
conquers	2
conflicting	2
conflict	2
confessed	2
condemned	2
con	2
compared	2
companion	2
command	2
column	2
colour	2
coffined	2
coffin	2
coach	2
clown	2
cloudless	2
clings	2
climes	2
cliffs	2
claims	2
claim	2
city	2
cinder	2
christ	2
chin	2
chimneys	2
chillness	2
chilled	2
childless	2
childish	2
chide	2
cherished	2
cheap	2
chat	2
chastens	2
chased	2
chaos	2
chantrey	2
chance	2
chainless	2
certain	2
ceaseless	2
caxton	2
caverned	2
cave	2
cavalier	2
casting	2
casement	2
carven	2
caress	2
careless	2
car	2
cap	2
cancel	2
callest	2
cain	2
caesar	2
buyer	2
busy	2
bush	2
bursts	2
bud	2
brows	2
bretland	2
breezy	2
bred	2
breathless	2
breathed	2
breaks	2
brazen	2
bravest	2
brand	2
boon	2
bondman	2
bomb	2
bom	2
bolt	2
board	2
blossom	2
bloomy	2
bloodless	2
bloat	2
blithe	2
blighted	2
blew	2
blessing	2
blend	2
bled	2
blade	2
bitterness	2
bitterest	2
birds	2
birch	2
bile	2
big	2
bible	2
betters	2
benighted	2
bench	2
bells	2
beholds	2
begun	2
beguile	2
begs	2
beggary	2
bedrid	2
bearing	2
bearers	2
beadle	2
battles	2
battlefield	2
bared	2
bards	2
barber	2
barbarian	2
banquet	2
banners	2
bane	2
balm	2
ball	2
baillie	2
babbler	2
aye	2
awoke	2
awake	2
awaits	2
averse	2
avail	2
autumnal	2
audacious	2
aud	2
atrocious	2
asylum	2
astonished	2
assumes	2
ass	2
aspect	2
asp	2
asks	2
arrived	2
arrayed	2
array	2
army	2
arch	2
approaching	2
applied	2
apple	2
appear	2
appeals	2
apparition	2
appals	2
antiquity	2
answering	2
annual	2
animated	2
ample	2
amorous	2
ambitious	2
alternate	2
alteration	2
aloof	2
allow	2
alien	2
algiers	2
alehouse	2
aim	2
agitated	2
affrighted	2
affright	2
adventurous	2
advancing	2
adoration	2
admits	2
admire	2
actors	2
acres	2
aching	2
abandoned	2
\	2
>	2
/	2
-	2
'.	2
%	2
~	1
zone	1
zealously	1
youngster	1
younger	1
yielding	1
yielded	1
yield	1
yews	1
yewden	1
yew	1
yesterdays	1
yells	1
yell'd	1
yearns	1
yearning	1
yearned	1
yearn	1
yea	1
yclept	1
yawns	1
y	1
wrty	1
wrote	1
wronger	1
writing	1
wrinkle	1
wrestled	1
wrench	1
wreck	1
wreathes	1
wreathed	1
wray'f	1
wrap	1
wrangler	1
worthier	1
worshipping	1
worshipped	1
worldlings	1
worldling	1
workshop	1
working	1
wordsworth	1
wordlings	1
wooes	1
wooer	1
wooed	1
woodnotes	1
woodlark	1
woodland	1
wooden	1
woodcock	1
women	1
womb	1
wolfe	1
wold	1
woeful	1
withstood	1
withkrjkd	1
withhold	1
withering	1
withdrew	1
witching	1
witched	1
witch	1
wishing	1
wishful	1
wisely	1
wiry	1
wire	1
wipes	1
winnowed	1
wingfd	1
window	1
winco	1
willow	1
wiles	1
wildness	1
wilderness	1
wildered	1
wights	1
widowhood	1
whotoil'd	1
whoop	1
wholiv'st	1
whither	1
whites	1
whiteness	1
whiten	1
whistles	1
whistle	1
whiskers	1
whips	1
whines	1
whims	1
whimpering	1
whiggish	1
whelms	1
whelming	1
whelm	1
wheelworn	1
wheat	1
whatsoever	1
wexford	1
western	1
wert	1
wentworth	1
weltering	1
well-known	1
welded	1
welcomes	1
weight	1
weeper	1
ween	1
weave	1
wears	1
wearied	1
weaponless	1
weaker	1
wavering	1
watts	1
waterloo	1
waterfall	1
watching	1
watchful	1
watchest	1
watcher	1
wasting	1
wastes	1
wars	1
warring	1
warred	1
warmth	1
warmest	1
warily	1
ward	1
warbler	1
warbled	1
wanes	1
wanderings	1
wand	1
wallow	1
wallflowers	1
wallflower	1
wallers	1
waller	1
wakeful	1
wain	1
waged	1
wage	1
vvhose	1
vultures	1
vulgarities	1
voyaging	1
voyaged	1
vowed	1
vow	1
votary	1
votaries	1
vomits	1
vollied	1
volleys	1
void	1
voiced	1
vocal	1
vixen	1
visual	1
visits	1
visitor	1
violin	1
villa	1
vilest	1
viler	1
vigour	1
vigorous	1
view'st	1
vie	1
victorious	1
vice	1
vibrated	1
vexed	1
vestal	1
venturous	1
venice	1
vauntings	1
vaunting	1
vaunt	1
vaulting	1
vaulted	1
vault	1
vassal	1
vapoury	1
vapour	1
vanquish	1
vanity	1
value	1
vainest	1
vacant	1
uuutter'd	1
utters	1
uttering	1
utility	1
usurper	1
usurp	1
useless	1
usefully	1
useful	1
urchin	1
uptear	1
uprose	1
uproots	1
uprooted	1
upper	1
uplooking	1
uplifts	1
upland	1
uphold	1
upheld	1
upbraiding	1
upbraid	1
upborne	1
unwritten	1
unwisely	1
unwilling	1
unwept	1
unweapon'd	1
unvenal	1
unveil	1
untroubled	1
untrodden	1
untransform'd	1
untrampled	1
until	1
untenanted	1
untaxing	1
untamed	1
unsung	1
unsorrowing	1
unsophisticated	1
unsocial	1
unskilled	1
unsepulchr'd	1
unsearchable	1
unroofs	1
unroofed	1
unrolled	1
unrivalled	1
unresisting	1
unrequited	1
unreproved	1
unrepining	1
unremitting	1
unrehears'd	1
unrefreshing	1
unrefined	1
unreetor'd	1
unrecorded	1
unread	1
unquestioned	1
unpreferr'd	1
unpoetical	1
unplumed	1
unperceived	1
unpartaken	1
unpaidish	1
unnumbered	1
unnoted	1
unnatural	1
unnara'd	1
unmurmuring	1
unmindful	1
unmeet	1
unmarried	1
unmarked	1
unmanned	1
unlucky	1
unlooked	1
unless	1
unled	1
unlearn	1
unkindness	1
universe	1
united	1
unite	1
unison	1
union	1
uninstruct	1
uninstinct	1
unimpaired	1
unimmortal	1
uniascrib'd	1
unhinged	1
unhallowed	1
ungrateful	1
unfurled	1
unfound	1
unfortunate	1
unfold	1
unfit	1
unfeeling	1
unfailing	1
unerring	1
unending	1
unechoed	1
undrawn	1
undisturbed	1
undiscovered	1
undeserved	1
understood	1
undemonizer	1
undefiled	1
undeceived	1
uncurs'd	1
uncreate	1
uncouth	1
uncontrolled	1
unconsoled	1
unconcious	1
uncoil'd	1
unclouded	1
unclosed	1
unclimb'd	1
unchanz'd	1
unbroken	1
unbounded	1
unborrowed	1
unblown	1
unbidden	1
unbeginning	1
unaton'd	1
unappalled	1
unailing	1
unadorned	1
un	1
umpire	1
u	1
tyranny	1
tyne	1
twisted	1
twined	1
twich'd	1
tvie	1
tussock'd	1
turkey	1
tumultuous	1
tumbling	1
tulip	1
tuition	1
tufted	1
trusty	1
trusts	1
truly	1
troy	1
tropes	1
trolled	1
triump'd	1
trip	1
tries	1
trice	1
tribunal	1
tressed	1
trepidation	1
tremors	1
tremendous	1
trembler	1
treeless	1
trebly	1
treble	1
treasurer	1
treason	1
treadmills	1
treadmill	1
travels	1
travelling	1
trasted	1
trash	1
transports	1
transported	1
transparent	1
transitory	1
transformer	1
transform	1
transferred	1
transcript	1
transcend	1
transatlantic	1
tranquilly	1
tranquillized	1
tranced	1
tram	1
trailing	1
tragic	1
traffic	1
traducer	1
trading	1
traders	1
trader	1
tracks	1
track	1
tracery	1
traced	1
townward	1
tower'st	1
toward	1
toussaint	1
toues	1
touching	1
totters	1
tottering	1
tossing	1
torse	1
torrid	1
torrents	1
tormentor	1
torment	1
torch	1
tops	1
toothless	1
tooth	1
tongueless	1
tombstones	1
tombstone	1
tokay	1
toils	1
toiled	1
tmmown	1
titling	1
titan	1
tisshe	1
tired	1
tipped	1
tinged	1
tinge	1
timely	1
tilter	1
thyself	1
thyme	1
thygenerous	1
thwarted	1
thunderstorm	1
thund'rous	1
thumps	1
thud	1
thte	1
thrust	1
throughout	1
thriving	1
thrill	1
thrift	1
threw	1
threshold	1
threatens	1
threadbare	1
thousands	1
thoughtless	1
thou&t	1
thorny	1
thon	1
thk	1
thither	1
thirteen	1
thirst	1
thih	1
thieves	1
thicker	1
thickening	1
thickened	1
thesunbeams	1
thenceforth	1
thence	1
theirs	1
thehope	1
theft	1
the'new	1
thaws	1
thatto	1
thatched	1
thatch	1
thankless	1
thames	1
thalestrian	1
text	1
terse	1
terrors	1
tenfold	1
tenderness	1
tempted	1
tempt	1
tempestuous	1
temperance	1
temper	1
telling	1
tell'st	1
teems	1
teem	1
teat	1
tearful	1
teardrop	1
teaching	1
tc	1
taxing	1
taw	1
taunting	1
tasted	1
taste	1
tasso	1
tartar	1
tarnished	1
tara'd	1
tapped	1
tapers	1
tankersley	1
tankard	1
tamer	1
tamed	1
taller	1
tales	1
talent	1
taking	1
taint	1
tain'd	1
tadmore	1
tadmor	1
tactics	1
tace	1
tablets	1
tablet	1
table	1
synonyme	1
sympathised	1
sympathetic	1
symbol'd	1
sylvan	1
swore	1
swoons	1
swooning	1
swoll'n	1
swings	1
swine	1
swindler	1
swilled	1
swiin	1
swiftly	1
sweeps	1
sweeping	1
sweats	1
swear	1
swayed	1
swamps	1
swam	1
swallowed	1
sustained	1
suspicion	1
suspects	1
suspected	1
surviving	1
survived	1
survive	1
survey	1
surly	1
surges	1
surgeon	1
surge	1
surface	1
suppress	1
supplied	1
supplication	1
superior	1
superhuman	1
superb	1
sunshine	1
suns	1
sundered	1
summit	1
summers	1
sultan	1
sulphury	1
sulky	1
suit	1
suggested	1
sufficient	1
suffice	1
suffers	1
sufferest	1
succeedsthatplunge	1
submitting	1
submitted	1
sublimest	1
subjugated	1
subjected	1
subduing	1
sty'd	1
sty	1
stupor	1
stuns	1
stumps	1
stumping	1
stumble	1
stuffed	1
stuff	1
study	1
studs	1
stubborn	1
struttle	1
struggles	1
strown	1
stroll	1
strives	1
striven	1
stripling	1
stringless	1
string	1
strikes	1
strewn	1
strewed	1
stretch	1
stress	1
strengthen	1
street	1
streaming	1
stratford	1
straps	1
strap	1
strangling	1
strangled	1
stormiest	1
stories	1
store	1
stony	1
stoic	1
stockdove	1
stock	1
stitched	1
stirs	1
stints	1
stink	1
stings	1
stillest	1
stiffens	1
stiffening	1
stiffened	1
stiffen'd	1
stiff	1
steward	1
sternest	1
sterile	1
stem	1
steeper	1
steed	1
steam	1
steak	1
stayed	1
stay'st	1
statues	1
station	1
statesman	1
stateliness	1
stateliest	1
starves	1
starved	1
starve	1
starvation	1
stares	1
standard	1
stamp	1
stalwart	1
staggers	1
stag	1
staff	1
stacks	1
stab	1
squirrel	1
squattering	1
squall	1
squalid	1
spy	1
spurriers	1
sprung	1
sprout	1
sprites	1
sprinkling	1
springs	1
sprang	1
spouse	1
sportive	1
sporting	1
sport	1
spoon	1
spoken	1
spoils	1
spoil	1
splinters	1
spleen	1
spiry	1
spire	1
spindling	1
spilled	1
sphere	1
spendthrift	1
spend	1
spenceiiian	1
speedwell	1
spectators	1
spectacles	1
speckled	1
speck	1
speaking	1
speaker	1
sparry	1
spangles	1
span	1
spade	1
space	1
sowed	1
sovereign	1
sov'reignty	1
southey	1
southern	1
sourest	1
sour	1
sounded	1
sort	1
sorse	1
sore	1
sordid	1
soothing	1
soonest	1
sonnet	1
songs	1
solid	1
solemnities	1
softness	1
softened	1
sofa	1
sodden	1
sockets	1
sobbing	1
soars	1
soaring	1
snutd	1
snug	1
snufl'd	1
snuffy	1
snowstorm	1
snowgate	1
snow-white	1
snook	1
sneering	1
sneaks	1
snatched	1
snarl	1
snared	1
snaky	1
snakes	1
snaked	1
snailsden	1
sn?ile	1
smitten	1
smack	1
slyly	1
sly	1
slunk	1
slumbrous	1
slot	1
sloops	1
sloe	1
sliving	1
slips	1
slipper	1
slimy	1
slight	1
sliding	1
slide	1
sleet	1
sleeping	1
sleepers	1
sleeper	1
slay	1
slated	1
slapest	1
slack	1
skulked	1
skinless	1
skilful	1
skiff	1
skeletons	1
skeleton	1
sixty	1
sinner	1
single	1
singed	1
sinew'd	1
simples	1
simoom	1
simon	1
silvered	1
silver	1
silt	1
silky	1
silks	1
silken	1
silenced	1
signed	1
sigh'st	1
sidney	1
sickles	1
si	1
shyer	1
shy	1
shuts	1
shuffles	1
shrunk	1
shrub	1
shrouds	1
shroudless	1
shrinks	1
shrink	1
shrines	1
shrieks	1
shrewish	1
shows	1
showery	1
shovell'd	1
shouting	1
shouted	1
shouldst	1
shouldering	1
shoulder'dme	1
shortened	1
short	1
shop	1
shoots	1
shodoics	1
shipwrecked	1
ships	1
shipless	1
ship	1
shining	1
shiloh	1
shield	1
shew'st	1
sherwood	1
shepress'd	1
shelter	1
shelley	1
shell	1
sheets	1
sheet	1
sheaths	1
sheath	1
shaved	1
shattered	1
shatt	1
shares	1
sharer	1
shared	1
shape	1
shameful	1
shallows	1
shajt	1
shah	1
shady	1
shadowed	1
shadeless	1
sewed	1
severn	1
severely	1
sever	1
settle	1
session	1
servile	1
serf	1
sere	1
seraphic	1
sequestered	1
sepulchre	1
sepulchral	1
separation	1
sentenced	1
send	1
selfish	1
self-love	1
seized	1
seize	1
seer	1
seeming	1
seemest	1
seeketh	1
seekest	1
seedling	1
seed	1
sedition	1
sedately	1
sedate	1
seaward	1
seamen	1
seaman	1
scrutiny	1
scrutinise	1
scrub	1
scribbler	1
screaming	1
screamed	1
scrawled	1
scrating	1
scowling	1
scoundrel	1
scott	1
scotchman	1
scotch	1
scorners	1
scorner	1
scorn'st	1
scorn'dby	1
scored	1
scorching	1
scooped	1
scom'd	1
schoon'd	1
schools	1
scents	1
scentless	1
scatter	1
scare	1
scar	1
scanty	1
scans	1
scandal	1
scale	1
scalding	1
scald	1
scabbard	1
savilles	1
saturday	1
satraps	1
satire	1
satin	1
sateless	1
satan	1
sapient	1
sang	1
sandy	1
sanctified	1
samuel	1
sampsons	1
samiel	1
same	1
salve	1
salute	1
salient	1
sale	1
saith	1
saints	1
saintly	1
saintlike	1
sailor	1
saidst	1
saffron	1
safe	1
sadder	1
saddens	1
sadden'deye	1
sacrilege	1
sacrifice	1
sack	1
ruts	1
ruthless	1
ruthesfrgoad	1
rustles	1
rust	1
russian	1
rushing	1
rush'cj	1
rumour	1
ruminates	1
ruling	1
ruinous	1
ruggedly	1
rug	1
rue	1
ruddy	1
ruby	1
rubies	1
rowls	1
row	1
roused	1
rouse	1
roundhead	1
rough	1
rot	1
rosiest	1
roseberry	1
rooted	1
rogues	1
roe	1
rockinghams	1
rocked	1
robert	1
robed	1
robbed	1
roamed	1
roach	1
rivera	1
rivalless	1
rivalled	1
rite	1
riseth	1
ript	1
ripple	1
ripened	1
rings	1
ringer	1
ring	1
rills	1
rights	1
rightly	1
rifts	1
rifted	1
rifle	1
ridiculous	1
ridge	1
rides	1
richardson	1
ribs	1
rhyraeless	1
rhyming	1
rhymes	1
rewarded	1
revolution	1
reverie	1
reverently	1
reverenced	1
revenge	1
reveals	1
retrenched	1
retracting	1
retorted	1
retiring	1
retires	1
retains	1
retail	1
resurrection	1
resumes	1
restorer	1
ress	1
resplendent	1
respects	1
respect	1
resound	1
resistless	1
resigns	1
resign	1
reside	1
reserved	1
research	1
requires	1
require	1
republic	1
reptiles	1
reproves	1
reproved	1
representation	1
represent	1
reposed	1
repenting	1
repels	1
repeated	1
repay	1
rentless	1
renowned	1
renovating	1
renovate	1
renewing	1
renewed	1
rends	1
rending	1
removed	1
remotest	1
remember'st	1
remained	1
relenting	1
relaxing	1
rejoin	1
rejoice	1
reigned	1
reign'st	1
regret	1
region	1
regicides	1
regarded	1
refuse	1
refreshed	1
reform	1
reflections	1
reflecting	1
reflected	1
refined	1
reels	1
reel	1
reek	1
redwing	1
redemption	1
redeemed	1
reddens	1
reddened	1
recumbent	1
recreant	1
recorded	1
record	1
reconciled	1
recollected	1
recoil	1
recognise	1
reclines	1
reckless	1
recited	1
recitation	1
recent	1
receives	1
receive	1
recedes	1
recalls	1
recall'st	1
recalfd	1
rebel	1
rear*d	1
reaps	1
realties	1
realm	1
reality	1
reader	1
ravished	1
raving	1
ravenous	1
raved	1
rattling	1
rattlesnake	1
rattan'd	1
rarest	1
rapturous	1
raptures	1
raptured	1
rappee	1
ranks	1
rankling	1
rang	1
ramp	1
raleigh	1
raining	1
railing	1
rafted	1
radiant	1
radcliffe	1
rack	1
racing	1
rabble	1
quoth	1
quoit	1
quivered	1
quill	1
quickly	1
questioned	1
question	1
quarries	1
quaking	1
quake	1
quailed	1
quaffd	1
quack	1
qtell	1
q	1
pyms	1
pym	1
puts	1
push	1
pursues	1
pursue	1
purses	1
purposes	1
purpling	1
purify	1
purge	1
purchaser	1
purchase	1
punished	1
pummell'd	1
pulses	1
pulse	1
pulsation	1
pull	1
puffed	1
public	1
psalm	1
prudes	1
prudery	1
prude	1
prowls	1
prowler	1
prowled	1
provoked	1
providence	1
proves	1
protruded	1
protect	1
prostrated	1
prosperous	1
prose	1
prone	1
prometheus	1
prolong	1
profusion	1
profound	1
profligate	1
procreation	1
proclaims	1
privileged	1
privation	1
private	1
prints	1
printers	1
printer	1
printed	1
primrosy	1
priceless	1
prevent	1
pretty	1
pretender	1
pretence	1
presume	1
pressure	1
prepare	1
prene	1
prejudice	1
prefer	1
precise	1
precipice	1
precious	1
precepts	1
preaching	1
preached	1
preach	1
prayers	1
prattle	1
prates	1
pranks	1
practised	1
powerful	1
powdery	1
pouring	1
pounds	1
pouch	1
potent	1
potatoes	1
pot	1
postscript	1
possibility	1
portrayed	1
portraits	1
portrait	1
portia	1
porter	1
portals	1
porch	1
populous	1
poplar	1
ponder	1
polyanthus	1
polled	1
pole	1
poisons	1
poisonous	1
poisonest	1
points	1
pointing	1
pointed	1
point	1
poetics	1
poetic	1
poems	1
pockets	1
poaching	1
pnrply	1
pluto	1
plundering	1
plucks	1
ploughmen	1
ploughed	1
plotting	1
plot	1
plodding	1
plied	1
plenteous	1
plebians	1
plebeian	1
pleasing	1
pleader	1
plea	1
playmates	1
plato	1
plashy	1
plantagenet	1
plans	1
plane	1
plaintive	1
plaint	1
plains	1
plaining	1
placing	1
places	1
placeman	1
pla	1
pitiless	1
pities	1
pitied	1
pirates	1
pirate	1
piped	1
pint	1
pinks	1
pining	1
pinch	1
pillows	1
pillars	1
pillared	1
pillar	1
piety	1
pierce	1
pier	1
pictures	1
pictured	1
physician	1
phantom	1
pewit	1
pew	1
petty	1
petrified	1
petrific	1
petall'd	1
pestilence	1
pest	1
perused	1
perturbed	1
perturb	1
perth	1
person	1
perseveres	1
perplexity	1
perplexed	1
perforce	1
perdition	1
perdicted	1
perched	1
perch	1
peopled	1
people	1
pensile	1
pens	1
penny	1
penitence	1
pendent	1
pendant	1
pencilled	1
pence	1
penance	1
penal	1
pelting	1
peerless	1
peeps	1
peeping	1
peep	1
pedestrian	1
pedantic	1
peck	1
pebble	1
pearly	1
pearls	1
pearl	1
peal	1
peach	1
peaceful	1
pawned	1
pavement	1
paupery	1
paunch	1
patron	1
patriots	1
patiently	1
patience	1
pathless	1
patent	1
pate	1
patchwork	1
patched	1
pasts	1
passionate	1
passeth	1
partook	1
particulars	1
partial	1
parthenon	1
parson	1
parnassian	1
pare	1
pardoned	1
parching	1
parcheth	1
parched	1
panting	1
pant	1
pannier	1
pandemonium	1
pampered	1
pamper	1
palpitating	1
palms	1
pallidly	1
palest	1
palac'd	1
paired	1
painting	1
paine	1
pageantry	1
pack	1
p	1
oy	1
owning	1
owned	1
owl	1
owenson	1
overwhelming	1
overmatch	1
overlooks	1
overlooked	1
overhung	1
overcome	1
overcast	1
outstares	1
outsiders	1
outshone	1
outshine	1
outliving	1
outlaws	1
outlasting	1
outlandish	1
outcurl'd	1
outcast	1
ourselves	1
ours	1
otter	1
ossian	1
osprey	1
orphan	1
organs	1
orchards	1
opprobrium	1
opprobrious	1
oppose	1
opie	1
opiate	1
ophir	1
operation	1
opened	1
opals	1
onoft	1
omnipresent	1
omnipotent	1
omens	1
oil	1
offspring	1
offering	1
odorous	1
odes	1
occupation	1
obtain	1
obstruct	1
obscurity	1
obscure	1
objectless	1
obeyed	1
oat	1
oary	1
oaken	1
o'neil	1
o'erwearied	1
o'erlook'st	1
nuptial	1
numidian	1
numerous	1
ntive	1
nourished	1
nostrils	1
northumbrian	1
northern	1
norfolk	1
nook	1
noodles	1
nonsense	1
nominee	1
nod	1
nobles	1
noble	1
nnuion'd	1
nipple	1
niobe	1
nightward	1
nightshade	1
nightmare	1
nightingale	1
nick	1
nervous	1
nerved	1
nerve	1
neon	1
neighbouring	1
needs	1
needest	1
nectarine	1
nearer	1
nciture	1
navy	1
navigate	1
navies	1
nativity	1
nation	1
naples	1
napeleon	1
naming	1
nail	1
naiads	1
mystery	1
mysteries	1
myrtle	1
mutter	1
mustered	1
musing	1
mushroom	1
muscles	1
murmurings	1
murmurest	1
murmer	1
murderers	1
muffled	1
mud	1
mowed	1
mow	1
moving	1
mouth	1
mourners	1
mountainous	1
mountain'd	1
mound	1
moulders	1
moulder	1
moth	1
moscow	1
morthern	1
mortgagee	1
moreland	1
moral	1
mor	1
moonstruck	1
moonless	1
monument	1
month	1
monsters	1
monster	1
monopoly	1
monfort	1
moneyed	1
monday	1
modulated	1
moaning	1
moaned	1
misty	1
mistook	1
mistakes	1
misspent	1
missed	1
misgave	1
misfortunes	1
miserably	1
mischief	1
mischance	1
miscej	1
misapplied	1
misanthrope	1
mirror	1
miranda	1
minutes	1
minute	1
mint	1
minstrelsy	1
minions	1
mingles	1
million	1
milkmaid	1
milkboy	1
mile	1
milder	1
mightyconqueror	1
mightiness	1
mightier	1
mien	1
mice	1
mi*ht	1
meteors	1
meteor	1
messengers	1
messenger	1
mess	1
merey	1
merciless	1
mental	1
mend	1
menace	1
memphis	1
melodies	1
meld	1
melancholy	1
meetest	1
meeken'd	1
medea	1
mechanics	1
mechanic	1
measuring	1
means	1
meanly	1
meal	1
meads	1
meadow	1
maze	1
maws	1
mawe	1
maturing	1
maturely	1
matured	1
mature	1
matter	1
matchless	1
masts	1
mastiff	1
masterpiece	1
mast	1
massive	1
masons	1
mason	1
masks	1
marygold	1
marvel	1
marsh	1
marry	1
marr'st	1
marl	1
marksman	1
marks	1
market	1
mariamne	1
marches	1
marbles	1
mar	1
map	1
manufacturing	1
mantled	1
mansion	1
manliness	1
mankind	1
maniac	1
manes	1
mammy	1
mammon	1
malthus	1
malignant	1
malign	1
malady	1
maintains	1
mail	1
magnificently	1
magnificence	1
madman	1
maddening	1
maddened	1
madam	1
macedon	1
mace	1
lyres	1
luther	1
lust	1
lusian	1
lurked	1
lurid	1
lured	1
lumes	1
lowliest	1
lowest	1
lowers	1
lower	1
loviest	1
lovesick	1
lovelier	1
loveless	1
loveage	1
lov&smeek	1
loured	1
lour	1
loth	1
lote	1
lot	1
losing	1
loses	1
lose	1
loose	1
looking	1
lookest	1
longs	1
long'st	1
loneliest	1
lolls	1
loiters	1
loiter	1
lodging	1
lodger	1
loaf	1
loaded	1
loach	1
livid	1
literary	1
lit	1
listless	1
listenest	1
listeners	1
listener	1
lisped	1
lisp	1
link	1
lingerest	1
lines	1
limps	1
limp	1
lime	1
lilted	1
lilies	1
lilac	1
likest	1
likes	1
liked	1
lights	1
lightness	1
lightless	1
lighter	1
lighted	1
lier	1
lied	1
lickgrub	1
lichen	1
licensed	1
licence	1
libertine	1
liberal	1
liars	1
liager'd	1
lever	1
letty	1
lethbridge	1
lesson	1
lent	1
lengthen	1
lends	1
lend	1
legless	1
legion	1
led^forth	1
leash	1
learnedly	1
leaping	1
leap	1
leam	1
leagured	1
leafy	1
leafing	1
leaden	1
lea	1
lawless	1
laugh'st	1
lauds	1
latticed	1
later	1
lasting	1
larch	1
languor	1
laneous	1
landscape	1
landmarks	1
landmark	1
lance	1
lamp	1
laments	1
lambton	1
lambert	1
lamb	1
lake	1
laden	1
lace	1
labours	1
labourer	1
laboured	1
ktteh	1
krect	1
kour	1
knit	1
knew'st	1
knell	1
kneels	1
kneeling	1
knave	1
kingly	1
kingling	1
kindling	1
kindles	1
kinderscout	1
kilpst	1
kicked	1
kick	1
key	1
kerne	1
kerchief	1
keepsake	1
keenly	1
keen	1
kale	1
justly	1
jury	1
jugurtha	1
jpy	1
joyful	1
joyed	1
joy'st	1
journeys	1
journeying	1
journeyest	1
joins	1
joining	1
joined	1
johnson	1
joe	1
jf	1
jesus	1
jest	1
jeflferies	1
jealous	1
jay	1
jasmine	1
jared	1
james	1
jam	1
jack	1
iymptora	1
ivied	1
itconquer'donce	1
isthmus	1
ister	1
island	1
irreverent	1
irremeable	1
ireton	1
ireland	1
invites	1
invincible	1
invention	1
invading	1
inured	1
introduction	1
intoxication	1
intervene	1
interruption	1
interrupted	1
interpreter	1
intermitting	1
intense	1
intended	1
intelligence	1
intellectual	1
insulted	1
insult	1
instructs	1
instruction	1
instructing	1
instructed	1
instruct	1
instant	1
inspired	1
insolent	1
insignificance	1
insight	1
insensate	1
inscription	1
inscribed	1
inquisition	1
inquiries	1
inquired	1
innocent	1
inmates	1
inland	1
inlaid	1
injustice	1
injurious	1
iniquity	1
inill'd	1
inhale	1
inhabitest	1
ingratitude	1
ingenious	1
ing	1
inflict	1
inflamed	1
infirmity	1
infinitely	1
infectious	1
infants	1
inevitable	1
inerrable	1
ineffectual	1
industry	1
industrious	1
indolence	1
indistinct	1
indignity	1
indifference	1
incurred	1
incident	1
incensed	1
incarnadin'd	1
inbred	1
inaction	1
imputed	1
imps	1
improvement	1
imprisonment	1
imprisoned	1
impregnable	1
impotent	1
impossible	1
import	1
imploreth	1
implores	1
implored	1
implore	1
impetuous	1
impatiently	1
impatient	1
impassion	1
imparts	1
immutability	1
immured	1
immitigable	1
immensity	1
imitated	1
imitate	1
imaginings	1
illustrious	1
illustrates	1
illusion	1
illumination	1
illumes	1
illumed	1
illume	1
illness	1
illegitimate	1
ill-fated	1
il'heaten	1
il	1
ijtt	1
iiere	1
ignite	1
idles	1
identical	1
icicle	1
hyacinthine	1
hurtles	1
hurrying	1
hurries	1
hurrah	1
hurl	1
hunts	1
hunt	1
hungers	1
humming	1
humbler	1
humankind	1
howls	1
howled	1
however	1
hovers	1
hovel	1
housewife	1
housetops	1
houseless	1
hounding	1
hostile	1
horses	1
horned	1
horn	1
horatio	1
hooted	1
hood	1
honoured	1
honeysuckl'd	1
honeyed	1
honesty	1
homes	1
homer	1
homage	1
holm	1
hollischart	1
holland	1
holier	1
holiday	1
holds	1
hogarth	1
hoarse	1
hoarfrost	1
historic	1
historian	1
histie	1
hissing	1
hissed	1
hispania	1
hisanxiety	1
hire	1
hip	1
hinted	1
himhope	1
hilltops	1
hillock	1
highland	1
hidden	1
hibernia	1
hew	1
hesitates	1
heroic	1
herod	1
hern	1
hermitage	1
herded	1
herculean	1
herbless	1
herald	1
hemmed	1
hemlock	1
hem	1
helvetia	1
helra'd	1
helped	1
helmet	1
helm	1
heliconian	1
height	1
heel	1
heedless	1
hector	1
hectic	1
hecla	1
hebrew	1
heavily	1
heavier	1
heavenward	1
heated	1
heat	1
hearty	1
heartstrings	1
heartier	1
hearken	1
hearing	1
heaped	1
heal	1
heads	1
headless	1
heading	1
haze	1
hayes	1
having	1
haunted	1
haunt	1
hatless	1
hastened	1
harvests	1
hartley	1
harshly	1
harrowed	1
harness	1
harmony	1
harlotry	1
hare	1
harcourt	1
harbinger	1
haply	1
hangman	1
hampdens	1
halts	1
hallows	1
hallowed	1
hallamshire	1
hallam	1
hairs	1
hails	1
hailed	1
haggardness	1
hadtouch'd	1
hacks	1
guts	1
gust	1
gunthwaite	1
gums	1
gulfs	1
guitar	1
guineas	1
guileful	1
guile	1
guides	1
guards	1
guardians	1
guarded	1
grunt	1
gruffly	1
growth	1
growpd	1
growling	1
groundsel	1
groats	1
groaning	1
gripe	1
grins	1
grinned	1
grinds	1
grin	1
greyhounds	1
greets	1
greeting	1
greenwood	1
greener	1
greeks	1
greedy	1
greedier	1
greatly	1
greatest	1
greater	1
grazing	1
graver	1
graved	1
gratitude	1
grates	1
gratefully	1
grated	1
grate	1
grassy	1
grasshopper	1
grasping	1
grape	1
grants	1
grandson	1
grander	1
grainless	1
gracious	1
graces	1
graceful	1
graced	1
gowns	1
governed	1
gory	1
gorgon	1
gorged	1
gorge	1
gordon	1
goods	1
goodness	1
goodbye	1
golgotha	1
goldsmith	1
goldring	1
goes	1
goblet	1
goatherds	1
goad	1
gnawing	1
gnawed	1
gnats	1
gnat	1
gnarled	1
glynne	1
glutton	1
glut	1
glossop	1
glossin	1
glorying	1
gloriously	1
glorified	1
gloomily	1
gloomiest	1
gloomier	1
globe	1
gloating	1
glitter	1
glistering	1
glistens	1
glens	1
glee	1
glares	1
glared	1
glancing	1
gladly	1
glade	1
gladdening	1
gladden	1
giving	1
girls	1
girl	1
girding	1
gin	1
gilt	1
giles	1
gilds	1
gilded	1
gild	1
gig	1
gifts	1
gift	1
gets	1
get	1
geometry	1
gently	1
genteel	1
genial	1
generous	1
generations	1
gazes	1
gazer	1
gavest	1
gauzy	1
gauze	1
gaul	1
gathers	1
gather	1
gastly	1
garment	1
gaping	1
gaped	1
gaolor	1
gan	1
gambling	1
gamblers	1
galen	1
gadding	1
gables	1
g	1
furzy	1
furze	1
fury	1
further	1
furpd	1
furnish	1
furled	1
furies	1
funerals	1
funds	1
fun	1
fumed	1
fuff'd	1
fuddle	1
froz'n	1
frowns	1
frosts	1
frosted	1
front	1
fro	1
frisk	1
fringed	1
frigid	1
fried	1
fresher	1
freshens	1
freshen	1
freezes	1
freethinker	1
freeman	1
freehold	1
freak	1
fray	1
fraught	1
fraudful	1
fratricidal	1
fraternity	1
frames	1
fragile	1
fr^m	1
foxglove	1
fowl	1
fount	1
found'st	1
foun	1
foully	1
fortunes	1
fortress	1
fortnight	1
fortitude	1
forsake	1
formal	1
forgiving	1
forgetfulness	1
forgetful	1
forestall	1
foresee	1
forelocks	1
foreign	1
foregoes	1
forefathers	1
ford	1
forced	1
forbidding	1
forbidden	1
forbid	1
foray	1
for.alice	1
fop	1
footstool	1
footstep	1
footsore	1
foodful	1
following	1
foliage	1
folded	1
foil	1
fob	1
fn	1
flying	1
fluttered	1
flutter	1
flute	1
flush	1
flunky	1
flowkr	1
florist	1
florentine	1
florence	1
floral	1
flooded	1
flock	1
flint	1
fling	1
flew	1
fleshless	1
fleetest	1
fledged	1
flea	1
flayed	1
flaunts	1
flaunting	1
flattery	1
flaskering	1
flashing	1
flash'cl	1
flank	1
flaming	1
flames	1
flamed	1
flakes	1
fix	1
fitzwilliam	1
fist	1
fish	1
firstborn	1
firs	1
firmament	1
fireside	1
fires	1
fingered	1
finest	1
fines	1
fillip	1
file	1
figured	1
fights	1
fifth	1
fiercer	1
fieldsand	1
fieldfare	1
fickle	1
feverish	1
fetters	1
fettered	1
fetter	1
festering	1
fervour	1
fervently	1
fervent	1
ferocity	1
ferdoosi	1
fenced	1
fen	1
felon	1
fellow	1
felled	1
feelingly	1
feeding	1
feeder	1
feeblest	1
featured	1
feathery	1
fearn	1
fearing	1
fawn	1
favourites	1
favourite	1
favoured	1
favour	1
fatten	1
fatness	1
fates	1
farms	1
farmer	1
fare	1
fantastic	1
fanshawe	1
fang'd	1
fang	1
fane	1
fandango	1
fancied	1
familiarity	1
famed	1
faltering	1
falsest	1
falsely	1
falpn	1
falkirk	1
falchion	1
fairfax	1
fainter	1
fails	1
failings	1
failing	1
faction	1
faced	1
fabled	1
eyelids	1
eyebrows	1
exult	1
extremes	1
extreme	1
extirpate	1
extended	1
exquisite	1
expressive	1
expressed	1
expounder	1
expound	1
exposed	1
expired	1
expects	1
expectation	1
exordium	1
exist	1
exiles	1
exile	1
exhausted	1
exhaled	1
execration	1
excursion	1
exclaims	1
exclaiming	1
exclaim	1
exchequer	1
excess	1
except	1
exalt	1
evils	1
evidence	1
everywhere	1
everblooming	1
events	1
europe	1
euripides	1
eulogise	1
ethereal	1
etersial	1
esteem	1
essays	1
esquire	1
escaped	1
ersineshis	1
errors	1
erred	1
erectness	1
equestrian	1
equalled	1
epitaph	1
eorse	1
enviers	1
entrance	1
entombed	1
enthusiast	1
entered	1
enslaved	1
enriched	1
enquires	1
enfranchised	1
enemy	1
endless	1
endeared	1
emulates	1
emulate	1
empty	1
empire	1
emerald	1
embroidery	1
embroiders	1
embodied	1
emblems	1
eloquence	1
elms	1
elliot	1
eliott	1
eleven	1
elements	1
elder	1
elbow	1
eke	1
eglantine	1
effusions	1
effuse	1
efforts	1
effectual	1
education	1
edifice	1
edgeworth	1
edged	1
eddying	1
ecstasies	1
eclipse	1
echo	1
ecclesfield	1
eating	1
eastward	1
eastern	1
eased	1
earthy	1
earthworm	1
earthquake	1
earns	1
earn	1
eaglet	1
eagles	1
dwindled	1
dwarfish	1
dwarf	1
dusked	1
duration	1
dunghill	1
dumb	1
dully	1
dug	1
ducks	1
duck	1
drum	1
druids	1
drugs	1
drowsy	1
drowned	1
drives	1
driv'ler	1
drifted	1
dreamy	1
dreamless	1
dreaming	1
dreamful	1
draymen	1
drawing-room	1
drawer	1
draught	1
draper	1
drama	1
drags	1
drag	1
dr*m	1
dozed	1
doze	1
downy	1
doubts	1
double	1
dot	1
dosing	1
doric	1
donkey	1
dole	1
dogged	1
doctrine	1
divulge	1
divinely	1
divided	1
divested	1
ditty	1
disturb	1
districts	1
distracting	1
distinctly	1
distills	1
disteraper'd	1
dissolve	1
dispute	1
disproves	1
dispossess	1
displeased	1
displays	1
displaying	1
displayed	1
disowned	1
disobey	1
dismission	1
dismiss	1
dish	1
disguise	1
disembodied	1
diseased	1
disdainful	1
disdain'st	1
discredit	1
discontented	1
discontent	1
disclose	1
discern	1
disc	1
disbelieve	1
disastrous	1
disasters	1
disarrayed	1
disarray	1
disappear	1
dirtiest	1
dirk	1
direr	1
dipped	1
dip	1
dingy	1
dine	1
dimples	1
dimpled	1
dimly	1
dimensionless	1
dilates	1
dilated	1
dignify	1
diest	1
didactic	1
diadem	1
di	1
devout	1
devouring	1
devoured	1
devour	1
devotion	1
devotely	1
devoted	1
devilish	1
dethroning	1
detests	1
determined	1
detects	1
destruction	1
destroys	1
destitute	1
despotic	1
despoiled	1
despairs	1
desk	1
deserving	1
deserves	1
deserved	1
desecrated	1
desecrate	1
described	1
descending	1
descended	1
descend	1
dervise	1
deride	1
deraigod	1
depute	1
depths	1
depth	1
depress	1
depraved	1
depopulation	1
deploy	1
deplores	1
dependant	1
departing	1
deny'st	1
denuded	1
denbigh	1
demoniac	1
demon'd	1
democracy	1
demeanour	1
demands	1
delver	1
delved	1
delve	1
delusion	1
deliver	1
delights	1
delighted	1
delicate	1
delays	1
dejection	1
deity	1
deigns	1
deign	1
degradation	1
defrauded	1
definite	1
defile	1
defies	1
deferred	1
defend	1
defeat	1
defame	1
defaced	1
deepest	1
deepens	1
deedful	1
dedication	1
dedicate	1
decreed	1
declines	1
declined	1
decision	1
deciding	1
decent	1
deceives	1
deceived	1
deceive	1
decayed	1
debts	1
debtors	1
debarred	1
deatj	1
deathlike	1
deathful	1
dearth	1
deafened	1
deadliest	1
dazzles	1
dazzled	1
dayspring	1
dateless	1
dashing	1
dashes	1
dart	1
darnal	1
darkling	1
darker	1
dappled	1
dante	1
dangers	1
danced	1
dance	1
damped	1
dale	1
dagger	1
dad	1
d^oppm	1
cuts	1
curtained	1
curtain	1
currency	1
curled	1
curl	1
cures	1
cups	1
culloden	1
cuckoo	1
cub	1
csesar	1
crusted	1
crusoe	1
crunsh'd	1
crumpled	1
cruelty	1
crowning	1
crowded	1
crow	1
crouches	1
cross	1
cropp'cl	1
croose	1
crooked	1
cronies	1
crone	1
croft	1
critic	1
crisp	1
crippled	1
cripple	1
cringe	1
crier	1
crescent	1
credit	1
creatures	1
creative	1
cream	1
crawling	1
crave	1
crasus	1
crash	1
cranshy	1
cranshing	1
crams	1
cramp	1
cragg'd	1
crag	1
cradle	1
crack	1
crabbe	1
coxcombs	1
cowslip	1
cowper	1
cowers	1
cowering	1
cowardice	1
cow	1
coved	1
cov'd	1
courteous	1
court	1
courageous	1
courage	1
counts	1
countries	1
counterfeited	1
count	1
coughs	1
coughing	1
couch	1
cotton	1
corrupt	1
coronal	1
cornlaw	1
cornice	1
corner	1
cornelia	1
corked	1
cordials	1
corae	1
cora'st	1
copes	1
cope	1
coot	1
coos	1
cooed	1
convulsion	1
convulse	1
convicted	1
convict	1
convert	1
convene	1
controlled	1
contrived	1
contrive	1
contrast	1
contractor	1
continued	1
continue	1
contentious	1
contempt	1
contemporaries	1
contemn	1
consumptive	1
consumed	1
consume	1
consort	1
consigned	1
consequences	1
conqueror	1
conquer	1
connubial	1
congregation	1
congregated	1
confused	1
confirmation	1
condition	1
condescend	1
concluding	1
concious	1
comrades	1
compound	1
compose	1
compo	1
complaint	1
complains	1
complaining	1
complained	1
competence	1
compete	1
compelled	1
compassionate	1
compassed	1
comparative	1
company	1
communes	1
communed	1
commune	1
comet	1
comest	1
combined	1
combat	1
comb	1
columns	1
columbine	1
colt	1
coloured	1
colon	1
collision	1
coleridge	1
coldly	1
coke	1
coins	1
coin	1
coils	1
coif	1
coerced	1
cobbler	1
coat	1
coaeh	1
coaches	1
coachee	1
cluster	1
clung	1
club	1
cloudy	1
clouded	1
cloudberry	1
clothes	1
closing	1
clocks	1
clock	1
climber	1
climb	1
cliff	1
clerk	1
clenched	1
clearing	1
clean	1
clayton	1
claws	1
clattering	1
classic	1
clasps	1
clasping	1
clare	1
clapping	1
clanking	1
clangs	1
clamour	1
civil	1
cities	1
circumstance	1
circumference	1
circumcised	1
circling	1
circles	1
circle	1
cinderous	1
church	1
chrysalis	1
christian	1
chosen	1
chords	1
choose	1
choking	1
choked	1
choicest	1
choice	1
chivalry	1
chisel	1
chink	1
chimes	1
chilpd	1
chilly	1
chills	1
childood	1
cheyk	1
cherish'o	1
cheers	1
cheeks	1
checks	1
cheated	1
cheat	1
chatterton	1
chastening	1
chasm	1
chasing	1
charnel	1
charmers	1
charity	1
charities	1
chariotted	1
charged	1
character	1
chapmen	1
chaplets	1
chaplet	1
chant	1
channelled	1
changeth	1
changeful	1
chancery	1
champions	1
champion'd	1
champion	1
champ'd	1
chambers	1
chamberlain	1
chalked	1
chaffinch	1
chaff	1
certes	1
certainty	1
certainly	1
cerecloth	1
central	1
cellar'd	1
cellar	1
celestial	1
ceilings	1
cbang'd	1
cay	1
cawthorne	1
caverns	1
cautious	1
caution	1
caustic	1
causelessly	1
caused	1
catliffe	1
catholic	1
cathedral	1
catching	1
catch	1
castrator	1
cash	1
carves	1
carved	1
carnation'd	1
careworn	1
caressed	1
cared	1
caractacus	1
capital	1
cantwell	1
cant	1
cannon	1
canklow	1
cancelled	1
campbell	1
calvert	1
calmness	1
calling	1
calculation	1
calcined	1
calamity	1
cadi	1
bygone	1
buys	1
buxom	1
butterfly	1
buthehadshndderings	1
bute	1
butchery	1
butcher	1
busts	1
bustling	1
bust	1
busily	1
burdened	1
bulwarks	1
bullet	1
bulk	1
building	1
build	1
buiden'd	1
bucket	1
browned	1
brown'd	1
brown	1
brotherhood	1
broouay	1
brooray	1
broomy	1
broods	1
brooch	1
broil	1
britonness	1
britannian	1
britannia	1
bristling	1
briny	1
bringest	1
brine	1
brindley	1
brightens	1
brightened	1
bridegroom	1
bricklayer	1
bribed	1
briar	1
breton	1
breezes	1
breech	1
breathes	1
breakneck	1
bray'st	1
bray	1
brawling	1
brawl	1
bravely	1
brat	1
brands	1
brandished	1
branded	1
bramble	1
brains	1
bradshaw	1
bracken	1
boyish	1
bowmen	1
bowlings	1
bow'ddown	1
bow'd*	1
bovvers	1
bouse	1
bounteous	1
bounds	1
bounding	1
boughs	1
bottled	1
bottle	1
bothwell	1
bother	1
bosoms	1
boroughmonger	1
bordering	1
bora	1
boor	1
booms	1
bondsman	1
bondage	1
boisterous	1
boil	1
bog	1
boding	1
bodies	1
boat	1
boasts	1
boar	1
bluish	1
bluely	1
bluebells	1
blowing	1
blossomy	1
blossomed	1
bloody	1
block	1
bloated	1
blinding	1
blinded	1
blighting	1
bless'ddays	1
blent	1
blends	1
bleeding	1
blazonries	1
blazing	1
blasphemer	1
blankets	1
blacksmith	1
blackguard	1
blackens	1
blackening	1
blackbird	1
bit	1
bis	1
birthright	1
bipeds	1
billowy	1
billow'd	1
billed	1
bilketh	1
bilious	1
bigots	1
bideth	1
bewildered	1
bewailed	1
betty	1
bestrides	1
bestride	1
bestial	1
besiege	1
bequeath	1
beneafh	1
bemoaned	1
bellying	1
bellowing	1
bellona	1
bellied	1
bell'd	1
belinda	1
believing	1
belied	1
being	1
begone	1
begged	1
beggars	1
beef	1
beech	1
bedside	1
bedim	1
bedford	1
beckonest	1
beckoned	1
beck	1
beautifully	1
beauitful	1
beats	1
beating	1
beamed	1
beacon	1
bayonets	1
bawl	1
bautiful	1
battled	1
battered	1
bathe	1
basks	1
basked	1
bask	1
basely	1
bartering	1
barrenness	1
barrack	1
barks	1
barked	1
bargain	1
bareheaded	1
barebones	1
bantam	1
bankruptcy	1
bankrupt	1
banker	1
baneful	1
bandage	1
band	1
balmerino	1
baleful	1
bailiffs	1
baffles	1
bacon	1
babes	1
axle	1
axe	1
awry	1
await	1
avov/'d	1
avonian	1
avhite	1
avert	1
avenge	1
avaunt	1
availed	1
author	1
auricula	1
aught	1
auburn	1
attuned	1
attest	1
attentive	1
attention	1
attempts	1
atoning	1
athens	1
athena	1
ate	1
astride	1
astray	1
astonish	1
assures	1
assured	1
assura'd	1
assumed	1
assuaging	1
assuage	1
associated	1
assigned	1
assaults	1
assassin	1
assailing	1
aspin	1
asline	1
asleep	1
asking	1
ascribe	1
ascending	1
ascend	1
artisans	1
artisan	1
artificer	1
arrows	1
arrives	1
arrested	1
arno	1
arkwright	1
arises	1
aright	1
arid	1
argument	1
archway	1
archer	1
apron	1
approach	1
apprentice	1
appointment	1
applauding	1
apostle	1
apollo	1
aping	1
ape	1
apart	1
any	1
anvils	1
antique	1
antidote	1
anti	1
anthem	1
annoy	1
anne	1
annals	1
anklets	1
anguished	1
angelo	1
andromache	1
andrew	1
andbade	1
anarchists	1
among	1
american	1
amelia	1
ambition	1
amber	1
amazed	1
amaze	1
alvas	1
also	1
aloft	1
almsgiving	1
almoner	1
almightiest	1
alloy	1
allowed	1
alarmed	1
alaric	1
al	1
akenside	1
airy	1
airs	1
airless	1
aims	1
aimed	1
agrippina	1
agonising	1
agonised	1
afraid	1
affronts	1
afflictions	1
affliction	1
adventures	1
advanced	1
adultery	1
adulterer	1
adult	1
adorn	1
adores	1
adorers	1
admonished	1
admittance	1
admires	1
admirers	1
admired	1
admiration	1
adds	1
addressed	1
adder	1
adamantine	1
adamant	1
active	1
actions	1
acquainted	1
acquaint	1
aconite	1
ached	1
accusing	1
account	1
according	1
accord	1
acclaim	1
accident	1
accept	1
accent	1
academic	1
abyss	1
abuse	1
absurd	1
abstraction	1
absorbed	1
absentee	1
absence	1
abrupt	1
abortions	1
able	1
abjure	1
abide	1
abbey	1
abate	1
abaddon	1
]	1
\*	1
?.	1
<;	1
/,	1
.\	1
--	1
(>)	1
(')	1
&	1
!}	1
!)	1
!(*)	1
