,	2333
the	1338
and	922
.	480
of	377
a	365
to	329
;	316
her	286
in	259
his	254
!	234
that	225
with	217
"	215
|'s|	158
i	147
as	135
for	133
their	131
he	131
from	124
but	116
was	111
it	109
all	108
she	106
on	104
so	99
not	97
they	96
my	96
at	95
:	91
is	86
love	83
its	82
him	82
?	81
who	80
yet	73
by	73
this	72
one	72
what	71
prince	71
queen	70
were	67
me	67
there	66
nor	66
had	65
when	64
where	61
we	57
then	57
or	53
no	53
are	53
through	51
our	49
have	48
which	46
'	46
those	44
like	44
life	44
|arabic1digit|	43
them	43
still	43
made	43
now	42
your	41
heart	41
be	41
you	40
old	40
upon	39
more	39
if	39
down	36
own	35
face	34
us	33
fair	33
eyes	33
would	32
while	32
some	32
said	32
long	32
let	32
will	31
whose	31
t	31
how	30
day	30
these	29
such	28
night	28
far	28
till	27
men	27
may	27
again	27
within	26
though	26
hand	26
came	26
know	25
|arabic3digit|	24
youth	24
years	24
sweet	24
over	24
light	24
last	24
first	24
each	24
death	24
|arabic2digit|	23
took	23
than	23
see	23
land	23
has	23
even	23
could	23
before	23
too	22
lips	22
great	22
come	22
wind	21
thy	21
thus	21
round	21
earth	21
thought	20
seemed	20
near	20
high	20
darling	20
alone	20
about	20
time	19
should	19
part	19
once	19
left	19
house	19
an	19
soul	18
rose	18
make	18
loved	18
look	18
knew	18
close	18
can	18
beneath	18
away	18
world	17
went	17
sought	17
shall	17
might	17
led	17
lay	17
here	17
grew	17
do	17
."	17
ye	16
worth	16
since	16
reached	16
little	16
heard	16
dark	16
bore	16
been	16
take	15
song	15
secret	15
place	15
people	15
out	15
other	15
meet	15
joy	15
held	15
hear	15
good	15
goes	15
found	15
find	15
felt	15
fell	15
every	15
days	15
ancient	15
young	14
words	14
well	14
up	14
thou	14
things	14
passed	14
only	14
never	14
many	14
hold	14
hands	14
dead	14
beauty	14
two	13
true	13
past	13
passion	13
lady	13
head	13
hair	13
full	13
dear	13
across	13
woman	12
white	12
voice	12
strong	12
sea	12
heaven	12
gold	12
gave	12
city	12
brought	12
ah	12
above	12
wood	11
wise	11
wild	11
wide	11
why	11
turned	11
told	11
tell	11
rest	11
quite	11
pure	11
new	11
kept	11
hour	11
horse	11
green	11
god	11
fled	11
feet	11
fate	11
deep	11
crown	11
children	11
breath	11
born	11
around	11
arid	11
after	11
!"	11
year	10
whole	10
way	10
until	10
strange	10
stood	10
spirit	10
sped	10
sing	10
side	10
shadow	10
save	10
reign	10
pain	10
midnight	10
low	10
lovers	10
king	10
hidden	10
half	10
fall	10
cry	10
court	10
country	10
beyond	10
beside	10
ay	10
air	10
against	10
swift	9
summer	9
stand	9
sound	9
sky	9
sin	9
saw	9
off	9
name	9
most	9
man	9
lives	9
live	9
into	9
himself	9
hearts	9
happy	9
golden	9
go	9
fire	9
ever	9
bring	9
bright	9
between	9
back	9
yes	8
women	8
wife	8
wear	8
thrown	8
thousand	8
thing	8
themselves	8
tender	8
sudden	8
stream	8
sorrow	8
son	8
shone	8
set	8
seek	8
say	8
royal	8
rich	8
red	8
read	8
proud	8
open	8
music	8
moved	8
morn	8
looked	8
less	8
kind	8
keep	8
jingle	8
herself	8
grace	8
gone	8
glory	8
gentle	8
gain	8
free	8
forth	8
forest	8
dreams	8
dream	8
die	8
desire	8
cried	8
clear	8
call	8
bound	8
blameless	8
behind	8
among	8
am	8
along	8
wrong	7
wore	7
wont	7
west	7
water	7
watch	7
wall	7
tomb	7
tide	7
throne	7
thence	7
sun	7
street	7
spring	7
sovereign	7
something	7
sleep	7
seems	7
same	7
room	7
rode	7
realm	7
pray	7
plain	7
peace	7
passing	7
pass	7
palace	7
nought	7
must	7
move	7
morning	7
mistress	7
mine	7
met	7
locks	7
line	7
leave	7
league	7
late	7
hylas	7
home	7
grow	7
give	7
gained	7
foot	7
fill	7
ere	7
dying	7
drew	7
door	7
died	7
comes	7
cannot	7
broken	7
blow	7
bear	7
bade	7
art	7
apart	7
any	7
another	7
yonder	6
wound	6
worn	6
word	6
whom	6
whence	6
welcome	6
wedded	6
weary	6
ways	6
war	6
valley	6
vain	6
unto	6
turn	6
tryst	6
truth	6
throng	6
sword	6
sung	6
strength	6
star	6
spread	6
spoke	6
speak	6
souls	6
soft	6
snow	6
skies	6
silent	6
sign	6
sight	6
shore	6
share	6
seem	6
scorn	6
rank	6
ran	6
put	6
praise	6
poor	6
picture	6
perfect	6
path	6
pale	6
others	6
oft	6
none	6
mountain	6
mood	6
lover	6
lot	6
lone	6
lo	6
list	6
lie	6
laura	6
laid	6
knows	6
kisses	6
ho	6
hid	6
hers	6
height	6
grief	6
glorious	6
glad	6
given	6
gifts	6
forever	6
follow	6
field	6
few	6
fed	6
father	6
faith	6
ear	6
does	6
content	6
consort	6
cast	6
care	6
brings	6
brave	6
begin	6
began	6
anew	6
also	6
age	6
work	5
wine	5
winds	5
wed	5
waves	5
waters	5
wan	5
walk	5
wait	5
vows	5
violet	5
view	5
used	5
twain	5
train	5
town	5
thee	5
tale	5
surely	5
sunset	5
sunlight	5
station	5
state	5
splendour	5
speech	5
spacious	5
space	5
songs	5
somewhere	5
shrine	5
shining	5
shame	5
sense	5
self	5
seen	5
sat	5
sake	5
sail	5
sad	5
right	5
pressed	5
places	5
pity	5
perchance	5
pan	5
outer	5
nothing	5
north	5
noble	5
next	5
mouth	5
mortal	5
morrow	5
moan	5
mingled	5
mien	5
meadows	5
maidens	5
lit	5
listen	5
lightly	5
ladies	5
known	5
kissed	5
kiss	5
joined	5
host	5
honour	5
holds	5
harvest	5
guest	5
grass	5
goodness	5
generous	5
future	5
friend	5
fortune	5
food	5
flowers	5
fields	5
feel	5
feast	5
falls	5
fallen	5
fain	5
eye	5
evil	5
estate	5
ended	5
end	5
either	5
dwelled	5
dumb	5
dreadful	5
draw	5
doors	5
did	5
current	5
course	5
comrades	5
common	5
clung	5
closed	5
child	5
bride	5
blue	5
blood	5
best	5
below	5
being	5
begins	5
because	5
beauteous	5
aye	5
ask	5
alas	5
(	5
yield	4
woes	4
woe	4
wist	4
wings	4
win	4
whatever	4
wealth	4
watching	4
warm	4
wanton	4
wake	4
waited	4
voiceless	4
visage	4
under	4
tuneful	4
tune	4
trust	4
trod	4
toward	4
tongue	4
token	4
together	4
today	4
tidings	4
thine	4
swiftly	4
supper	4
summons	4
suit	4
strife	4
strain	4
story	4
stayed	4
stately	4
spot	4
spoken	4
south	4
sore	4
sole	4
smiled	4
slow	4
slept	4
sip	4
silvery	4
sigh	4
ship	4
sees	4
s	4
rude	4
road	4
river	4
ripe	4
repose	4
reply	4
reach	4
range	4
race	4
purpose	4
princes	4
power	4
play	4
pall	4
nymphs	4
nature	4
mute	4
much	4
mountains	4
mother	4
moon	4
months	4
mate	4
marriage	4
marked	4
margaret	4
loyal	4
living	4
lived	4
least	4
learned	4
lands	4
lad	4
lacked	4
knightly	4
joys	4
intent	4
immortal	4
hung	4
human	4
hot	4
homeward	4
hollow	4
hither	4
hilly	4
heroes	4
henceforth	4
haunts	4
haunt	4
haughty	4
haste	4
haply	4
halted	4
hall	4
grown	4
ground	4
grey	4
gleam	4
girls	4
gathered	4
gather	4
gate	4
front	4
friends	4
fresh	4
form	4
forgot	4
forget	4
followed	4
flower	4
flow	4
fight	4
feed	4
fear	4
fame	4
false	4
fairer	4
equal	4
else	4
dropped	4
doubting	4
dim	4
delight	4
count	4
councils	4
corn	4
coming	4
chance	4
chamberlain	4
chamber	4
chain	4
ceased	4
cause	4
can't	4
burst	4
broke	4
broad	4
borders	4
bold	4
bitter	4
birth	4
birds	4
bird	4
bent	4
bed	4
battle	4
autumn	4
arts	4
arms	4
anon	4
afar	4
|romannumeral|	3
|arabic5+digit|	3
yon	3
worse	3
woods	3
wooded	3
wonder	3
without	3
winding	3
whisper	3
wherever	3
wherein	3
weighed	3
wave	3
watched	3
wandering	3
walls	3
walks	3
voices	3
visit	3
virginia	3
vessels	3
veil	3
unseen	3
twas	3
triumph	3
trees	3
tree	3
travel	3
tranquil	3
trained	3
towns	3
torn	3
torch	3
toils	3
times	3
tilth	3
thrice	3
three	3
thoughts	3
thither	3
think	3
test	3
teach	3
task	3
tangled	3
talk	3
sure	3
summers	3
struck	3
stroke	3
streams	3
stone	3
sting	3
steps	3
stars	3
stare	3
stands	3
spake	3
smitten	3
smiling	3
slowly	3
sings	3
silence	3
shroud	3
shape	3
serene	3
seized	3
secure	3
seat	3
seasons	3
seas	3
schooled	3
sang	3
sailing	3
ruthless	3
ruled	3
ruin	3
robed	3
rippling	3
reverence	3
remember	3
regret	3
regal	3
reared	3
reaches	3
rare	3
random	3
rain	3
radiant	3
quarter	3
prize	3
princess	3
princely	3
pride	3
pretty	3
present	3
precious	3
poured	3
portals	3
pool	3
pomp	3
pleasure	3
penance	3
peers	3
paths	3
pastoral	3
pair	3
painting	3
pages	3
outside	3
ourselves	3
ones	3
october	3
ocean	3
oak	3
nuptial	3
noonday	3
nestle	3
nearing	3
nations	3
murmur	3
mounted	3
mould	3
minstrel	3
mindful	3
mind	3
mighty	3
middle	3
meeting	3
mated	3
mask	3
mark	3
marble	3
mantle	3
mail	3
maids	3
maiden	3
lower	3
loving	3
loud	3
lost	3
lord	3
longing	3
longer	3
lion	3
lights	3
lift	3
lies	3
lesser	3
laughter	3
laughs	3
later	3
knowledge	3
kings	3
kingdom	3
kindly	3
june	3
journey	3
j	3
inner	3
inmost	3
hunt	3
hunger	3
hues	3
household	3
hope	3
holding	3
hoar	3
hillside	3
hill	3
hide	3
hero	3
herakles	3
hearing	3
heads	3
headlong	3
hath	3
hark	3
halt	3
haired	3
guise	3
guide	3
grounds	3
greater	3
grave	3
grain	3
got	3
goodly	3
glow	3
gloomed	3
gladness	3
girlish	3
giant	3
gaze	3
gathering	3
garden	3
frost	3
fro	3
fright	3
forward	3
forlorn	3
fond	3
follows	3
folks	3
fold	3
foe	3
flung	3
float	3
fling	3
filled	3
fiery	3
fierce	3
fast	3
fairy	3
faces	3
everywhere	3
evermore	3
evening	3
entrance	3
east	3
ease	3
earthly	3
eager	3
duty	3
dust	3
dull	3
due	3
dreaming	3
doorstep	3
divine	3
distant	3
dismal	3
dewy	3
despair	3
deer	3
deeds	3
dearest	3
darkness	3
dare	3
danger	3
d	3
crying	3
crowded	3
cross	3
crept	3
courteous	3
courses	3
conduct	3
cold	3
clove	3
clouds	3
cloud	3
cloak	3
cling	3
chosen	3
chill	3
chief	3
chanced	3
cataract	3
cased	3
careless	3
burn	3
brow	3
brooding	3
brightness	3
bridegroom	3
bridal	3
breathed	3
bow	3
bosom	3
book	3
board	3
blushed	3
blows	3
blossoms	3
blind	3
blamelessness	3
black	3
bell	3
beautiful	3
beat	3
beams	3
bay	3
barren	3
backward	3
await	3
aught	3
ashes	3
arras	3
argo	3
answer	3
angel	3
amid	3
aloud	3
aflame	3
abode	3
?"	3
)	3
}	2
youthful	2
yielded	2
yellow	2
wrought	2
wreathed	2
wreath	2
wrap	2
wove	2
worm	2
wooed	2
wondrous	2
won	2
wolf	2
woke	2
wives	2
withdrew	2
wished	2
winter	2
windows	2
widow	2
wholly	2
whiter	2
whiteness	2
whiten	2
whistling	2
whispering	2
whirlwind	2
wherewith	2
wherefore	2
wheel	2
western	2
wept	2
weeping	2
weed	2
wears	2
wayward	2
watery	2
wars	2
warmth	2
wanders	2
walled	2
waits	2
waiting	2
vision	2
virginal	2
viol	2
vigil	2
victory	2
very	2
vernal	2
ve	2
vapours	2
vantage	2
uplands	2
unless	2
unknown	2
unknowing	2
underneath	2
undaunted	2
twilight	2
tumult	2
try	2
trumpets	2
trout	2
tropic	2
tresses	2
trespass	2
tremor	2
trembling	2
trembled	2
tramp	2
trailed	2
tradesmen	2
trade	2
track	2
toujours	2
touched	2
toss	2
topmost	2
top	2
tolled	2
toll	2
toil	2
tinkling	2
tides	2
thrust	2
throughout	2
throat	2
thrive	2
thrill	2
thick	2
therewith	2
theirs	2
tears	2
tearful	2
tawny	2
tavern	2
taught	2
tasks	2
tall	2
tackle	2
sweetly	2
sweetheart	2
sweeter	2
sward	2
suspicion	2
surges	2
surge	2
surf	2
sunshine	2
stubble	2
strove	2
stronger	2
strive	2
stripling	2
strike	2
stride	2
streets	2
stolen	2
stirs	2
stillness	2
sterile	2
step	2
steeple	2
steed	2
steamship	2
stead	2
stain	2
spurred	2
springing	2
spray	2
sport	2
spoils	2
spent	2
spell	2
speeded	2
spear	2
spare	2
sovran	2
sounded	2
sort	2
sons	2
somehow	2
solemn	2
snowy	2
smooth	2
smiles	2
smile	2
sleighs	2
sleighing	2
sleeping	2
skirts	2
sister	2
simple	2
silver	2
signet	2
sights	2
sighs	2
sides	2
sickness	2
shuddering	2
show	2
shouted	2
shout	2
shot	2
short	2
shores	2
shook	2
shoes	2
shiver	2
shines	2
shifting	2
shift	2
shield	2
shepherd	2
shell	2
sheer	2
sharer	2
shalt	2
shakes	2
shaded	2
shade	2
sets	2
servitors	2
service	2
serge	2
serener	2
sent	2
seeking	2
seeing	2
second	2
sculptured	2
scroll	2
scrawny	2
scoured	2
score	2
scene	2
scathed	2
scaled	2
sank	2
sands	2
saith	2
saintly	2
saint	2
sails	2
sacred	2
sable	2
rushed	2
ruler	2
rule	2
rudely	2
royalty	2
row	2
rout	2
rounded	2
rough	2
rosy	2
romance	2
rocks	2
rock	2
robes	2
robe	2
rob	2
roam	2
rny	2
rising	2
rise	2
ring	2
rife	2
ridges	2
rides	2
riches	2
richer	2
rhyme	2
review	2
renown	2
renew	2
remembering	2
remains	2
remained	2
regions	2
refuge	2
reeds	2
reckless	2
re	2
raised	2
r	2
quittance	2
pushed	2
purse	2
prove	2
prone	2
progress	2
private	2
prison	2
prime	2
priests	2
presence	2
praises	2
pours	2
post	2
portion	2
portal	2
populace	2
poets	2
poet	2
poems	2
plumes	2
plume	2
plighted	2
pledged	2
planet	2
placed	2
pipe	2
pilgrim	2
pile	2
pictures	2
philip	2
phasis	2
phantom	2
perilous	2
perhaps	2
peerless	2
peer	2
patient	2
pathway	2
parts	2
partly	2
paramours	2
paradise	2
palaces	2
paid	2
pace	2
ours	2
opening	2
oo	2
onward	2
often	2
nursed	2
nuns	2
northern	2
noon	2
nook	2
nigh	2
nevermore	2
nest	2
neither	2
need	2
nearer	2
natural	2
myself	2
musk	2
mused	2
murmured	2
mourn	2
mount	2
mortals	2
money	2
moments	2
moment	2
modern	2
mocked	2
mock	2
moaned	2
mists	2
mist	2
mission	2
miss	2
misdoubt	2
minstrels	2
miles	2
midst	2
merry	2
memory	2
memories	2
meets	2
meanwhile	2
meal	2
meadow	2
maybe	2
matrons	2
matron	2
mating	2
marvelled	2
martial	2
mansion	2
makes	2
main	2
mad	2
lying	2
lured	2
lure	2
lowlands	2
loves	2
lovely	2
loss	2
loosed	2
looks	2
looking	2
longed	2
loitering	2
listens	2
links	2
lines	2
limpid	2
limbs	2
lifelong	2
liberal	2
level	2
letters	2
lend	2
learn	2
leapt	2
leaps	2
leap	2
leaned	2
leads	2
laurels	2
laughed	2
lastly	2
lass	2
lane	2
lair	2
knights	2
knelt	2
knell	2
kneel	2
kindred	2
judgement	2
joyous	2
join	2
jewels	2
jewelled	2
jason	2
isles	2
instead	2
instant	2
innocence	2
increase	2
incense	2
immemorial	2
image	2
ill	2
ilium	2
ice	2
hushed	2
hurled	2
hum	2
huge	2
horses	2
hopeless	2
hood	2
honey	2
holyoke	2
hoards	2
hills	2
highway	2
higher	2
heroic	2
help	2
helm	2
heights	2
heigh	2
heed	2
heave	2
heath	2
heat	2
hears	2
health	2
heal	2
hazy	2
hazel	2
haze	2
having	2
hate	2
hast	2
harm	2
harlot	2
hapless	2
halls	2
hail	2
guilt	2
guess	2
guards	2
guard	2
grudged	2
grizzled	2
greeting	2
greenwood	2
greatness	2
grate	2
grand	2
gracious	2
graces	2
graceful	2
goodliest	2
glories	2
gloom	2
glisten	2
glide	2
girl	2
girdle	2
gilded	2
gift	2
get	2
general	2
gauge	2
gateway	2
garlands	2
gardens	2
gallant	2
gains	2
fuit	2
frozen	2
fronts	2
fresher	2
freed	2
frame	2
fragrant	2
fountain	2
fought	2
forsook	2
former	2
forecast	2
fore	2
forces	2
forbade	2
footsteps	2
foolish	2
following	2
folk	2
foiled	2
foes	2
foam	2
fly	2
flown	2
flesh	2
flee	2
flames	2
flame	2
firs	2
finer	2
fine	2
final	2
fettered	2
fertile	2
fearful	2
fealty	2
favoured	2
fathers	2
fashioned	2
farmers	2
fancy	2
falling	2
falcon	2
failed	2
f	2
eyed	2
exequy	2
eve	2
eternal	2
erst	2
enter	2
english	2
endure	2
ends	2
enchanted	2
empty	2
embrace	2
elms	2
elders	2
egypt	2
edge	2
eclipse	2
eat	2
eastward	2
earned	2
early	2
e	2
dusky	2
dulled	2
duke	2
dross	2
dreamed	2
dread	2
downward	2
double	2
doth	2
doleful	2
distance	2
dissever	2
dimple	2
dew	2
despite	2
desert	2
demigod	2
delights	2
degree	2
deeper	2
deemed	2
deem	2
decay	2
dearer	2
dart	2
darkly	2
darkened	2
dank	2
dance	2
dames	2
cunning	2
cruel	2
crowned	2
crowd	2
crossed	2
crispy	2
crisp	2
cries	2
crests	2
craving	2
crave	2
craft	2
covert	2
courts	2
courtiers	2
countryseat	2
counsel	2
couch	2
cool	2
control	2
constant	2
conscience	2
conquering	2
confession	2
confessed	2
concealed	2
comrade	2
complete	2
commerce	2
command	2
comfort	2
colour	2
coil	2
coffin	2
club	2
clover	2
clothed	2
climbed	2
climb	2
cliffs	2
clamoured	2
clamour	2
claim	2
civic	2
church	2
choice	2
chin	2
cheek	2
chaste	2
chase	2
charms	2
charm	2
chariot	2
chanted	2
chancel	2
central	2
cease	2
caught	2
cattle	2
catch	2
casements	2
caressing	2
capital	2
calm	2
buz	2
burning	2
burned	2
built	2
brook	2
brood	2
brim	2
brighten	2
breezy	2
breeze	2
bred	2
breast	2
boys	2
bowed	2
boundaries	2
boughs	2
both	2
bodies	2
bode	2
bloom	2
blithe	2
bliss	2
blessed	2
bless	2
blaze	2
birthright	2
better	2
betrothal	2
betimes	2
bends	2
belong	2
bells	2
behold	2
befall	2
beds	2
became	2
beauties	2
beating	2
beasts	2
bears	2
beamed	2
battus	2
base	2
bars	2
bare	2
bar	2
bane	2
b	2
awhile	2
awful	2
awaken	2
autumnal	2
auroral	2
assault	2
asleep	2
arthur	2
arrows	2
array	2
arose	2
arm	2
aright	2
argosies	2
argive	2
arch	2
apple	2
answered	2
anonyma	2
anigh	2
amphitryon	2
amour	2
aloof	2
alike	2
alien	2
ahead	2
ago	2
afoot	2
advance	2
accursed	2
abbey	2
-	2
~f)rithee	1
zeus	1
yourselves	1
yourself	1
yours	1
youngling	1
younger	1
yoked	1
yielding	1
yesterday	1
yester	1
yankee	1
wronged	1
writhed	1
writes	1
write	1
writ	1
wrests	1
wrath	1
wrapped	1
wraith	1
wot	1
worthy	1
worst	1
worships	1
worship	1
worms	1
worldling	1
worked	1
wooes	1
woo	1
wonted	1
wonders	1
wondering	1
wondered	1
womanly	1
wold	1
wn	1
wits	1
witnesses	1
witless	1
withstood	1
withheld	1
withered	1
witch	1
wit	1
wistful	1
wish	1
wisest	1
wisely	1
wisdom	1
winters	1
winsome	1
wins	1
wing	1
window	1
wilt	1
willows	1
willing	1
wilful	1
wildwood	1
wilds	1
wield	1
widowhood	1
widowed	1
widening	1
wicked	1
whoa	1
whispered	1
whirs	1
whirred	1
whirled	1
whirl	1
whimpering	1
whether	1
whereof	1
wheeled	1
wheat	1
westward	1
welcomers	1
welcomeless	1
welch	1
weight	1
ween	1
week	1
wedding	1
weathercocks	1
wearing	1
wean	1
weal	1
weaker	1
weak	1
we're	1
wayside	1
waxed	1
waved	1
wattling	1
watercourse	1
watchtower	1
waste	1
wast	1
washington	1
warp	1
warmer	1
warfare	1
warders	1
ward	1
want	1
waned	1
wands	1
wandered	1
wand	1
walnut	1
wallow	1
walked	1
waking	1
wakes	1
wakeful	1
waked	1
waist	1
wailed	1
wail	1
waged	1
wage	1
waft	1
vtthich	1
vto	1
voyage	1
void	1
vocal	1
vista	1
visioned	1
virtuous	1
virtues	1
virgin	1
violets	1
vines	1
vine	1
village	1
vilest	1
viler	1
vigils	1
vigilance	1
viands	1
vestry	1
vestibule	1
vestal	1
vessel	1
verse	1
verdant	1
vengeful	1
vending	1
veins	1
veined	1
vaunting	1
vaunt	1
vaulted	1
vault	1
vast	1
vassalage	1
vapour	1
vanished	1
value	1
valour	1
valleys	1
valiant	1
vagrant	1
utter	1
utmost	1
use	1
ursa	1
urn	1
urges	1
urged	1
upward	1
uprolled	1
unworthy	1
unwittingly	1
untrodden	1
untold	1
untimely	1
unsung	1
unsound	1
unsigned	1
unselfishness	1
unseemly	1
unreached	1
unravished	1
unquiet	1
unprepared	1
unpaid	1
unmissed	1
united	1
unheralded	1
unfurled	1
undiscovered	1
undid	1
understood	1
unclasped	1
unchaste	1
uncertain	1
unburdened	1
unbroken	1
unblurred	1
unawares	1
unaware	1
ulysses	1
u	1
twittering	1
twinkling	1
twenty	1
twelve	1
tut	1
tust	1
turns	1
turmoil	1
tumbling	1
tufted	1
ttthat	1
ttte	1
tttaking	1
ttow	1
trusty	1
trustful	1
truly	1
trudged	1
trousers	1
troth	1
troops	1
troopers	1
troop	1
trojan	1
tripping	1
triple	1
trinkets	1
trinity	1
trinacrian	1
trill	1
trifling	1
tribute	1
tribes	1
trellised	1
treasury	1
treasures	1
tread	1
travelling	1
translations	1
transformed	1
transcendent	1
trammels	1
trains	1
trail	1
toy	1
towered	1
tower	1
touch	1
torrent	1
tore	1
tops	1
tonight	1
tongues	1
tone	1
tomorrow	1
tom	1
tollman	1
tokens	1
toiling	1
toes	1
tn	1
tithe	1
tis	1
tippet	1
tipped	1
tiny	1
tills	1
tiles	1
tiger	1
ties	1
thundercloud	1
throve	1
thronging	1
thronged	1
throbs	1
thriven	1
thrifty	1
thrid	1
threshold	1
threefold	1
threatening	1
threads	1
thrall	1
thousands	1
thoti	1
thornless	1
thorn	1
thistles	1
thirty	1
thirst	1
third	1
thinks	1
thin	1
thickets	1
thicket	1
thereto	1
thereat	1
thereafter	1
theocritus	1
thenceforth	1
thaw	1
thanks	1
thank	1
tf	1
terror	1
territory	1
terribly	1
tenure	1
tendrils	1
tenderness	1
tenderest	1
tenderer	1
tenant	1
ten	1
temples	1
temple	1
tempests	1
telling	1
telamon	1
teeth	1
tedious	1
tearing	1
tear	1
team	1
taunt	1
tattered	1
tassels	1
tasselled	1
tarried	1
taper	1
tangling	1
tame	1
tallied	1
talked	1
taking	1
takes	1
tact	1
tables	1
table	1
t3eace	1
syrian	1
syracusan	1
sycamores	1
swound	1
swore	1
swinging	1
swing	1
swell	1
sweets	1
sweetness	1
sweetest	1
sweep	1
sway	1
swath	1
swart	1
swallows	1
suspense	1
suspecteth	1
surround	1
surrender	1
surnamed	1
surfeit	1
sunrise	1
sunniest	1
sunlit	1
sunk	1
sunburnt	1
summoning	1
summoned	1
summits	1
summit	1
sumachs	1
sum	1
sully	1
suitors	1
suitor	1
suited	1
sufficience	1
sufferer	1
suffered	1
sued	1
sue	1
subtler	1
subtle	1
substance	1
subjects	1
sturdy	1
stupid	1
stung	1
studies	1
students	1
strumpet	1
struggling	1
strolling	1
strode	1
striving	1
strives	1
striking	1
striding	1
stricken	1
strewn	1
strewing	1
strew	1
stretched	1
stretch	1
strengthened	1
strategy	1
strangers	1
stranger	1
strand	1
straightway	1
straight	1
stoutly	1
stormy	1
storming	1
storm	1
stories	1
storied	1
store	1
stopped	1
stones	1
stoned	1
stings	1
stilled	1
stifles	1
stepping	1
stepped	1
stem	1
steeps	1
steeples	1
steep	1
steel	1
steeds	1
stealth	1
steals	1
steal	1
steady	1
staying	1
stay	1
staunch	1
statesmancraft	1
stateliest	1
starved	1
starve	1
startled	1
starting	1
started	1
start	1
starry	1
staring	1
stares	1
starboard	1
standards	1
standard	1
stanched	1
stammering	1
staj^ed	1
stainless	1
staghound	1
staggered	1
stages	1
staff	1
stables	1
stable	1
squares	1
square	1
spying	1
sprouting	1
springtime	1
spreads	1
spousal	1
spots	1
spoil	1
splendours	1
splendid	1
spite	1
spire	1
spin	1
spied	1
spend	1
speeds	1
speeding	1
speed	1
spectral	1
specks	1
speaks	1
sparkling	1
sparkled	1
sparkle	1
spangled	1
sown	1
sovereignty	1
source	1
sounds	1
sounding	1
sorted	1
sorrows	1
sorrowed	1
sordid	1
soothly	1
sooner	1
soon	1
songsters	1
somewhat	1
sombre	1
solitary	1
solace	1
sojourn	1
soil	1
softest	1
sod	1
sobbing	1
snows	1
snare	1
smote	1
smoothed	1
smoky	1
smite	1
smelted	1
small	1
smacking	1
slyly	1
sly	1
slurring	1
slumberous	1
slumber	1
slight	1
slid	1
slew	1
sleight	1
sleigh	1
sleepless	1
sleeper	1
slays	1
slattern	1
slanting	1
slake	1
slack	1
skilled	1
sits	1
site	1
sisterhood	1
sirens	1
sips	1
sinless	1
sinks	1
single	1
simplicity	1
sill	1
silken	1
silk	1
silenus	1
sickly	1
sick	1
sicilians	1
shut	1
shuns	1
shunned	1
shriller	1
shrewd	1
shrank	1
shown	1
showers	1
showed	1
shouts	1
shouldst	1
shoulders	1
shortly	1
shooting	1
shoed	1
shivering	1
shire	1
ships	1
shipmates	1
shingles	1
shifted	1
shielded	1
sheltered	1
sheep	1
sheen	1
shed	1
sheaves	1
sharp	1
shared	1
shaped	1
shanks	1
shameless	1
shaken	1
shake	1
shadowy	1
shadows	1
shadowed	1
sex	1
severance	1
seventh	1
sevenscore	1
seven	1
serpent	1
serenely	1
sere	1
sentence	1
senses	1
senseless	1
sends	1
send	1
selves	1
selfsame	1
seeming	1
seed	1
sedge	1
secured	1
seaward	1
season	1
searched	1
search	1
seals	1
sealed	1
seagulls	1
scythian	1
scutcheons	1
scurry	1
sculptor	1
scripture	1
screen	1
scour	1
scornful	1
scoffing	1
scoffed	1
school	1
scherneful	1
scenes	1
scattering	1
scarf	1
scare	1
scarcely	1
scarce	1
scandalous	1
scan	1
scamper	1
scales	1
says	1
saying	1
saxon	1
saviour	1
savage	1
saunter	1
satyr	1
satan	1
saplings	1
sand	1
sanction	1
samson	1
salute	1
salt	1
sallied	1
sailor	1
sage	1
safe	1
rye	1
ruth	1
rusty	1
rushing	1
rushes	1
rush	1
running	1
runners	1
rulers	1
rugged	1
rtwo	1
rt	1
rrihe	1
rpwelve	1
rove	1
route	1
roused	1
rouse	1
roughen	1
roses	1
root	1
roof	1
rolls	1
rolling	1
rollers	1
rolled	1
roll	1
roisterers	1
robin	1
roadway	1
roads	1
rne	1
rivulet	1
rivals	1
rival	1
rites	1
rite	1
rippled	1
ripens	1
ripened	1
riotous	1
riot	1
ringlets	1
ringing	1
rilhe	1
rig	1
rift	1
rider	1
ribboned	1
ribald	1
rhymed	1
reward	1
revisiting	1
reverent	1
revenges	1
revengeful	1
revenge	1
revels	1
reveal	1
retreats	1
rests	1
restrain	1
rested	1
respite	1
resolved	1
repute	1
reproaches	1
renowned	1
renewed	1
rending	1
render	1
remoter	1
remorsefully	1
remind	1
remain	1
relics	1
release	1
rein	1
regnant	1
regarded	1
reflex	1
reeled	1
reel	1
reef	1
reddening	1
reddened	1
redden	1
redbreasts	1
recompense	1
recked	1
receives	1
rears	1
reapers	1
reaper	1
reaped	1
ready	1
reads	1
readily	1
rays	1
raving	1
ravenous	1
rattling	1
rather	1
rates	1
rarity	1
rapturous	1
rapture	1
rapt	1
ransom	1
ranks	1
ranging	1
rang	1
ragged	1
raged	1
radiance	1
rack	1
quotations	1
quivering	1
quietus	1
quickly	1
quicker	1
quick	1
question	1
quest	1
quell	1
queens	1
queenly	1
queenliest	1
quake	1
quailed	1
quail	1
quaffed	1
qplendors	1
puts	1
push	1
pursued	1
purple	1
purity	1
purest	1
purer	1
puppets	1
pulses	1
pulseless	1
puissant	1
pruning	1
prude	1
proxy	1
prowess	1
proved	1
proudly	1
protection	1
propontis	1
proper	1
proof	1
pronounce	1
promised	1
promise	1
prodigal	1
proclaimed	1
proclaim	1
process	1
probe	1
prizes	1
prithee	1
prisoners	1
prisoned	1
printed	1
principality	1
priestly	1
priest	1
prey	1
pretext	1
pretence	1
presses	1
press	1
prepare	1
prelude	1
precept	1
prays	1
prayers	1
prayer	1
prayed	1
prate	1
praising	1
pra	1
pour	1
potent	1
possession	1
possessed	1
portrait	1
porters	1
port	1
porch	1
poorly	1
pondered	1
ponder	1
policies	1
poisoned	1
poison	1
poising	1
poise	1
ply	1
plunging	1
plunges	1
plunged	1
plunge	1
plucked	1
ploughshare	1
plough	1
plot	1
plied	1
plenteousness	1
plenteous	1
pleiads	1
pledges	1
pleasures	1
pleasance	1
pleading	1
pleaded	1
plead	1
plaything	1
played	1
plaudits	1
plashing	1
planned	1
plank	1
plains	1
plaining	1
plained	1
placing	1
placid	1
pitying	1
pits	1
piteous	1
pit	1
pique	1
piping	1
piper	1
pious	1
pioneers	1
pinions	1
pines	1
pined	1
pine	1
pillow	1
pillars	1
pillar	1
piers	1
pierian	1
pierced	1
picked	1
pheasant	1
phantoms	1
peruvian	1
perpetual	1
perjured	1
peril	1
perfume	1
perch	1
pent	1
pennons	1
pence	1
pelf	1
peering	1
peeping	1
peasant	1
pearls	1
peanut	1
peal	1
peaked	1
peak	1
peaches	1
peaceful	1
pay	1
paved	1
pauses	1
paused	1
pause	1
pattern	1
pathways	1
pathless	1
pathed	1
patched	1
pastures	1
pasture	1
pastorals	1
passions	1
passionless	1
passes	1
passers	1
passage	1
partridge	1
partners	1
parting	1
parted	1
partake	1
parson	1
parsley	1
parley	1
parks	1
parched	1
paramour	1
paragon	1
panting	1
panoplied	1
pang	1
panelled	1
paltry	1
palms	1
palm	1
pallid	1
paled	1
pairing	1
painted	1
pains	1
painfully	1
pageantry	1
pageant	1
p	1
oxen	1
owner	1
owned	1
owe	1
overspread	1
overhung	1
overhead	1
overhanging	1
outwork	1
outspread	1
outrival	1
outright	1
outran	1
outlived	1
outlaws	1
outlasted	1
outlast	1
outgrew	1
outflamed	1
outcast	1
outbar	1
ostlers	1
orient	1
oriel	1
organ	1
orders	1
orchard	1
orb	1
oppose	1
opens	1
oometimes	1
ong	1
older	1
oh	1
offence	1
oceans	1
observe	1
oath	1
oasis	1
oaken	1
o'erhangs	1
o	1
nymph	1
nychea	1
nurslings	1
nunnery	1
numbers	1
numbered	1
number	1
numb	1
novice	1
november	1
notes	1
nostrils	1
northward	1
northeast	1
northampton	1
noontide	1
noisome	1
noise	1
nodding	1
nobles	1
nobler	1
nobility	1
nigher	1
nicias	1
nicer	1
newsboy	1
news	1
newly	1
newfangled	1
newer	1
netherland	1
net	1
nestled	1
nell	1
neighing	1
neglectful	1
neglect	1
needs	1
needfully	1
ned	1
necks	1
neck	1
neared	1
nd	1
nay	1
natures	1
nation	1
natheless	1
nape	1
names	1
named	1
nais	1
mystic	1
mysterious	1
musky	1
musket	1
musically	1
muses	1
muse	1
murmurous	1
murmuring	1
munches	1
mumble	1
multitude	1
muffled	1
muff	1
mown	1
moves	1
movelessness	1
mourning	1
mouldy	1
mouldering	1
mottled	1
motionless	1
mostly	1
moors	1
moonlit	1
mont	1
monk	1
monarchs	1
mom	1
molly	1
mole	1
mode	1
mocking	1
mllo	1
mitten	1
misty	1
missals	1
missal	1
misery	1
miscellaneous	1
mirth	1
mirrored	1
miracle	1
minuet	1
minster	1
ministrant	1
ministers	1
mingle	1
mincing	1
mimic	1
milo	1
millions	1
mideia	1
midday	1
mid	1
mgou	1
metres	1
metal	1
message	1
meshes	1
mersey	1
merged	1
mercy	1
mended	1
menace	1
melodious	1
mellow	1
meek	1
meed	1
measures	1
measure	1
meantime	1
meaner	1
mean	1
meads	1
mead	1
mazed	1
maul	1
mates	1
matchless	1
masterless	1
mast	1
mass	1
masquers	1
masquerade	1
masks	1
masker	1
marvellous	1
marvel	1
martyr	1
marts	1
marshalled	1
marrying	1
married	1
mariner	1
marched	1
march	1
marbles	1
mar	1
maples	1
maple	1
mantling	1
mantelpiece	1
manse	1
manliness	1
manhood	1
manful	1
maned	1
mane	1
malis	1
malign	1
making	1
maize	1
maintenance	1
maintained	1
maimed	1
mailed	1
maidenhood	1
maidenhair	1
maid	1
magically	1
madam	1
lute	1
lustres	1
lustre	1
lust	1
luring	1
lunch	1
luminous	1
lull	1
lucent	1
lowering	1
lovelit	1
loveliness	1
lots	1
lose	1
lords	1
lordly	1
lopping	1
loosen	1
longings	1
lonely	1
lolchos	1
log	1
lofty	1
locked	1
loathly	1
loathing	1
loathful	1
loathe	1
loath	1
ll	1
livelong	1
litter	1
litten	1
lithe	1
lists	1
listless	1
lissome	1
linked	1
lingering	1
lingered	1
linger	1
lineage	1
limner	1
limits	1
lilies	1
liking	1
likeness	1
lightnings	1
lighting	1
lighter	1
lighten	1
lighted	1
lifting	1
lifetimes	1
liens	1
lid	1
licence	1
liberty	1
lest	1
lesi	1
lesbian	1
lent	1
lengthen	1
length	1
leisure	1
legs	1
legion	1
legend	1
legal	1
leeping	1
ledge	1
leaves	1
leaved	1
learning	1
leaping	1
lean	1
leagues	1
leafy	1
leaf	1
lead	1
lazuli	1
lays	1
lawful	1
lavish	1
laves	1
lave	1
laurelled	1
lattice	1
latter	1
latest	1
latches	1
lashed	1
largess	1
larger	1
larches	1
larboard	1
lapse	1
lantern	1
languors	1
languid	1
lanes	1
landsmen	1
landmarks	1
landlord	1
lances	1
lance	1
lamp	1
lambent	1
lamb	1
lakes	1
lake	1
lads	1
laden	1
lack	1
lace	1
labouring	1
labour	1
knotted	1
knot	1
knight	1
knees	1
knee	1
knaves	1
kirtle	1
kinsman	1
kine	1
keys	1
key	1
keen	1
katy	1
jw	1
jutted	1
jut	1
judge	1
jubilee	1
joyously	1
joyless	1
joyance	1
jousts	1
jostled	1
jolly	1
john	1
jews	1
jewel	1
jests	1
jesting	1
jested	1
jealous	1
jauncey	1
jasmine	1
jar	1
january	1
jangling	1
jagged	1
jacket	1
itself	1
issue	1
irradiate	1
irons	1
iron	1
irks	1
inviolate	1
intwined	1
instinct	1
installed	1
inspiration	1
injured	1
infinite	1
infant	1
indolent	1
indeed	1
incompleteness	1
impuissance	1
importune	1
imperious	1
impassioned	1
immortals	1
immensity	1
imagined	1
illumined	1
ills	1
illness	1
iliad	1
ilerakles	1
ignoble	1
idyls	1
idols	1
idle	1
ideal	1
icy	1
hyacinth	1
hut	1
hush	1
hurtling	1
hurtles	1
hurl	1
huntsmen	1
huntsman	1
hundred	1
humility	1
humbler	1
humble	1
hugs	1
hug	1
hovering	1
houses	1
housed	1
hours	1
hotel	1
hosts	1
hostile	1
hose	1
horsed	1
horrors	1
horror	1
horoscope	1
horns	1
horizon	1
hook	1
hoof	1
hooded	1
honours	1
honoured	1
honeysuckle	1
honeyed	1
homes	1
homage	1
hollowed	1
hoisted	1
hoary	1
hives	1
hit	1
hist	1
hissing	1
hirn	1
hireling	1
hinders	1
hillsides	1
highbred	1
hides	1
heroine	1
heritage	1
hereto	1
herefrom	1
herdsmen	1
herds	1
herd	1
heralds	1
herald	1
henchman	1
henceforward	1
hence	1
hemlocks	1
helrn	1
helmsmen	1
hellespont	1
hell	1
heirless	1
heiress	1
heir	1
heedless	1
hedged	1
hedge	1
heavy	1
heavings	1
heavens	1
heartstrings	1
heartless	1
heartier	1
heap	1
headsman	1
hay	1
haunting	1
haunted	1
haunches	1
hated	1
hasting	1
hasten	1
harvests	1
harvester	1
harsh	1
hard	1
harass	1
happiness	1
happiest	1
happier	1
hangs	1
hanging	1
handy	1
hammer	1
halifax	1
halfway	1
hakvest	1
hails	1
hailed	1
hacked	1
ha	1
gust	1
gulps	1
gulf	1
guileless	1
guild	1
guides	1
guerdons	1
guerdon	1
guardsmen	1
guarding	1
guarded	1
grudge	1
growth	1
grows	1
groves	1
grove	1
grottoes	1
grosser	1
gross	1
groom	1
groans	1
groaned	1
grisly	1
grim	1
griefs	1
greed	1
greatly	1
grazing	1
graybeards	1
graved	1
gratitude	1
grape	1
grant	1
grange	1
grandeur	1
gossips	1
gorge	1
gore	1
gods	1
goats	1
goat	1
goafs	1
gnarled	1
glorified	1
glinted	1
glimpse	1
gliding	1
glibly	1
glen	1
glean	1
gleams	1
gleaming	1
glass	1
glades	1
gladdened	1
gladden	1
giving	1
girth	1
girlhood	1
gilt	1
gibber	1
ghost	1
ghastly	1
gesture	1
george	1
geoege	1
genuine	1
gently	1
gentlest	1
gentleness	1
gentiles	1
gemmed	1
gazing	1
gay	1
gaunt	1
gatherings	1
gates	1
garments	1
garbed	1
garb	1
gamut	1
galloped	1
galingale	1
gale	1
galaxy	1
galatea	1
gait	1
gainst	1
gainsaid	1
gabled	1
furs	1
furrows	1
furrowed	1
furnish	1
furbelows	1
fumbled	1
ftlhe	1
fruits	1
fruitless	1
fruition	1
fruitful	1
fruitage	1
fruit	1
frowning	1
froth	1
frosts	1
frosted	1
frolic	1
fringed	1
fringe	1
frieze	1
friendships	1
friendship	1
friars	1
freshness	1
frenzy	1
freight	1
freeze	1
freer	1
freedom	1
freddy	1
fred	1
framed	1
fourfold	1
fountains	1
fountained	1
foul	1
fostered	1
foster	1
forty	1
fortunes	1
fortunate	1
forthwith	1
forswear	1
forsooth	1
forsaken	1
forms	1
forlonmess	1
forgets	1
forge	1
forfeit	1
forewarned	1
foretoken	1
foretelling	1
forests	1
foresee	1
forebode	1
footstool	1
fools	1
fooled	1
fool	1
fondling	1
follower	1
folds	1
foil	1
foemen	1
flying	1
fluttered	1
flutter	1
flute	1
flues	1
flowing	1
flowery	1
flowering	1
flout	1
floral	1
floors	1
flocks	1
flock	1
floats	1
flip	1
flinging	1
flights	1
flight	1
flew	1
flemish	1
fleeting	1
fleet	1
fleeing	1
fleece	1
flaw	1
flattered	1
flashes	1
flashed	1
flared	1
flank	1
flamed	1
flakes	1
flags	1
fixed	1
five	1
fissures	1
fish	1
firmly	1
firm	1
fires	1
finished	1
fingers	1
fingered	1
finger	1
fills	1
files	1
fiercest	1
fie	1
fiddler	1
fiddle	1
fever	1
feudal	1
fetch	1
festival	1
fervent	1
ferry	1
fences	1
female	1
felled	1
feigned	1
feels	1
feeds	1
features	1
featly	1
feathery	1
feasted	1
fears	1
fearlessly	1
fearest	1
feared	1
fays	1
fay	1
fawn	1
favourite	1
fauns	1
fault	1
fathered	1
fatal	1
fashion	1
farthest	1
farther	1
farm	1
farewells	1
fares	1
fared	1
fantasies	1
fane	1
fancies	1
famous	1
famished	1
family	1
famed	1
falseness	1
falsely	1
fallow	1
fairyland	1
fairest	1
failings	1
failing	1
fail	1
fade	1
facing	1
faced	1
fabled	1
expire	1
expiate	1
exit	1
exiles	1
excellence	1
ewer	1
eunica	1
estimate	1
escort	1
escaped	1
escape	1
ers	1
errant	1
eros	1
erelong	1
equipage	1
equality	1
eose	1
eos	1
enwrapped	1
envious	1
entering	1
entered	1
entangled	1
enshrouds	1
enshrouded	1
enough	1
england	1
enfranchised	1
enfold	1
enduring	1
encumbrance	1
encountered	1
encircling	1
enchantress	1
emptying	1
embossed	1
embosomed	1
emblazoned	1
embers	1
embassies	1
elsewhere	1
elf	1
electrotyped	1
elder	1
edges	1
eddy	1
ecstasy	1
ebb	1
easily	1
ears	1
earliest	1
eagle	1
dwellings	1
dwelling	1
dwell	1
dwarfed	1
duteous	1
dun	1
dukes	1
dues	1
duchess	1
ducal	1
drums	1
drove	1
drouth	1
drops	1
dropping	1
drop	1
drooped	1
droning	1
drives	1
driven	1
drivel	1
drive	1
drinking	1
drink	1
drifts	1
drifted	1
drift	1
dress	1
drear	1
dreamless	1
draws	1
drawn	1
drawing	1
drave	1
draught	1
drank	1
drained	1
dragon	1
dozens	1
dowry	1
downcast	1
doves	1
doubtless	1
doubtful	1
doubted	1
doubt	1
doric	1
doorway	1
doomed	1
doodle	1
doob	1
done	1
domes	1
domain	1
dole	1
doctors	1
divides	1
divided	1
divide	1
diverse	1
ditty	1
ditch	1
distrust	1
distances	1
dissembled	1
dismounting	1
disguised	1
disguise	1
discovers	1
discourse	1
dirge	1
dipping	1
dipped	1
dimpled	1
didst	1
dial	1
devouring	1
devised	1
device	1
desperate	1
desolate	1
design	1
deserving	1
deserter	1
depths	1
density	1
demeanour	1
deluge	1
dell	1
delivered	1
deliciously	1
delicious	1
delays	1
defy	1
defied	1
defend	1
defeat	1
default	1
deems	1
deed	1
decree	1
decline	1
december	1
debts	1
debt	1
deadly	1
dazzling	1
dazed	1
dawn	1
david	1
daughters	1
daughter	1
date	1
dash	1
darkling	1
darker	1
darkens	1
daring	1
dared	1
dappled	1
daphnis	1
dandy	1
dakkness	1
daisied	1
dais	1
dairy	1
dabbling	1
cyclops	1
cyanean	1
cutters	1
cutter	1
cut	1
custom	1
curved	1
curse	1
currents	1
curls	1
curling	1
curl	1
curbstone	1
cup	1
cuff	1
cuckoo	1
crystal	1
crush	1
crumbling	1
crueller	1
crow	1
crouched	1
crouch	1
crosses	1
crooked	1
croesus	1
crime	1
crieth	1
crest	1
crescent	1
creeps	1
creeping	1
creature	1
creator	1
cream	1
crawls	1
crawl	1
crash	1
crane	1
crags	1
crabbed	1
coyness	1
cows	1
covered	1
cover	1
cousins	1
courtly	1
courtier	1
courser	1
couriers	1
courage	1
couples	1
couple	1
counterparts	1
counter	1
countenance	1
councillors	1
cotillons	1
cot	1
costly	1
corridors	1
corridor	1
core	1
cords	1
coral	1
copy	1
copses	1
coppice	1
coolness	1
continuing	1
continents	1
contentment	1
contempt	1
constancy	1
consent	1
conscious	1
conqueror	1
conquered	1
confronting	1
conformed	1
confesses	1
conference	1
condemned	1
compelled	1
companions	1
commons	1
comet	1
combated	1
colours	1
coldness	1
coldly	1
colchis	1
coils	1
coats	1
co	1
clutching	1
clutched	1
clutch	1
clustering	1
clowns	1
clown	1
cloven	1
cloudless	1
clothe	1
closing	1
cloistered	1
clogs	1
clog	1
clod	1
clings	1
clime	1
cliff	1
clerks	1
cleave	1
clearing	1
clearer	1
clean	1
clay	1
clatter	1
classic	1
clasp	1
clashing	1
clashes	1
claims	1
claimed	1
clad	1
clabber	1
cityward	1
cither	1
citadel	1
circuitous	1
circuit	1
circe	1
cincture	1
cianian	1
chroniclers	1
chorus	1
choral	1
choose	1
chokes	1
chimney	1
chimes	1
chilluess	1
chills	1
childhood	1
childed	1
chieftains	1
chieftain	1
chiefly	1
chidden	1
chickens	1
chestnuts	1
chestnut	1
chequered	1
cheery	1
cheer	1
cheeks	1
cheaply	1
chasse	1
charged	1
charge	1
chaplet	1
chapel	1
chant	1
changes	1
changeless	1
changeful	1
changed	1
change	1
chambers	1
chalice	1
chafed	1
cerements	1
centuries	1
cenotaph	1
celestial	1
celandine	1
ceaseless	1
cavil	1
caves	1
cavaliers	1
cathedral	1
caste	1
carven	1
carved	1
carry	1
carries	1
carried	1
carol	1
cargo	1
caress	1
cares	1
car	1
captains	1
caper	1
cap	1
cannon	1
canker	1
camo	1
cambridge	1
calls	1
calling	1
called	1
cabinet	1
byway	1
buzzing	1
bustling	1
business	1
bush	1
bury	1
burs	1
burgundy	1
burghers	1
burden	1
bulwarked	1
bulls	1
bull	1
build	1
buffalo	1
bud	1
buckwheat	1
buckled	1
brutal	1
brush	1
brown	1
brother	1
brooklyn	1
bronze	1
broadway	1
broader	1
broaden	1
broadaxe	1
british	1
bristling	1
briony	1
bringing	1
brightest	1
brighter	1
brief	1
bridge	1
breviary	1
brethren	1
breezes	1
breathe	1
breaking	1
breakers	1
break	1
bread	1
brazen	1
bravest	1
braver	1
bravely	1
brass	1
branches	1
brambles	1
brakes	1
brake	1
brain	1
boyish	1
boy	1
boxer	1
box	1
bowing	1
bounds	1
bounding	1
bounded	1
bordered	1
boom	1
bonny	1
bonds	1
bond	1
bombyce	1
bolt	1
body	1
boat	1
boards	1
blushful	1
blurred	1
blowsy	1
blowing	1
blot	1
blossomed	1
blossom	1
bloomed	1
blithesome	1
blither	1
blissful	1
blinded	1
blew	1
blended	1
bleeding	1
bled	1
bleached	1
blazoned	1
blast	1
blared	1
blare	1
blanched	1
blanc	1
blade	1
blackest	1
birdies	1
billowy	1
billow	1
bigelow	1
bier	1
bided	1
bide	1
bid	1
bewilderment	1
bevvy	1
betwixt	1
betrothed	1
betrayed	1
betkothed	1
bestow	1
bestirred	1
bestead	1
bessy	1
bespeak	1
besought	1
bene	1
benches	1
belfry	1
beings	1
begun	1
begrudged	1
beggar	1
begat	1
befell	1
bees	1
bee	1
bedding	1
beckons	1
beckoning	1
beck	1
beaux	1
bearing	1
beaming	1
beacon	1
beach	1
bays	1
bawds	1
bauble	1
battalions	1
baton	1
bathsheba	1
basin	1
bartered	1
barriers	1
bark	1
bargained	1
bared	1
bards	1
banks	1
baned	1
bands	1
bandied	1
balmy	1
ball	1
babes	1
babe	1
ayard	1
axe	1
awoke	1
awe	1
awake	1
awaited	1
avaunt	1
avail	1
aureole	1
aura	1
audience	1
auction	1
attire	1
attaint	1
ath	1
ate	1
astealth	1
assurance	1
assumes	1
asps	1
asking	1
asked	1
askance	1
ascended	1
asa	1
arty	1
artists	1
artist	1
artisan	1
arnold	1
army	1
armed	1
armament	1
arise	1
arethusan	1
archways	1
archers	1
archer	1
arcadian	1
apt	1
approaches	1
applaud	1
appetite	1
appear	1
aphrodite	1
ape	1
apace	1
annual	1
angry	1
anger	1
angels	1
anear	1
anchorage	1
ancestral	1
amyclasan	1
amorous	1
amiss	1
ambuscade	1
ambrosial	1
ambition	1
amber	1
amaranthine	1
amain	1
always	1
almost	1
ally	1
allures	1
alloy	1
alley	1
alfred	1
alder	1
alcmene	1
albert	1
albeit	1
alarmed	1
alarm	1
aghast	1
ages	1
aft	1
afield	1
aether	1
aenold	1
ado	1
added	1
actor	1
actions	1
action	1
achilles	1
achieved	1
accustomed	1
account	1
academe	1
abreast	1
aboard	1
abloom	1
abbess	1
^eson	1
\	1
/^vne	1
.'	1
*	1
).	1
'&	1
&	1
!)	1
