,	1402
.	758
the	734
|'s|	480
to	377
and	366
of	311
;	292
a	265
that	175
thy	142
it	142
!	139
as	122
her	117
its	115
on	107
in	107
not	99
so	97
'	97
my	95
i	94
with	91
love	91
for	89
over	87
but	85
from	83
by	83
heart	80
|arabic2digit|	78
was	78
me	78
is	72
|arabic3digit|	67
had	66
though	62
hath	60
when	58
thee	58
his	56
be	55
life	50
such	49
yet	48
which	48
too	48
then	48
were	46
still	46
:	46
tear	45
or	45
one	45
feeling	45
all	45
there	44
soul	44
never	44
smile	43
shall	43
|arabic1digit|	42
more	42
he	42
ever	42
like	41
fond	41
she	40
no	39
whilst	37
sweet	37
if	37
will	36
can	36
thou	35
those	35
sigh	34
oh	34
thus	33
beauty	32
"	32
ray	31
oft	31
eye	31
bosom	31
twas	30
tender	30
joy	29
at	28
?	28
thought	27
last	27
have	27
dear	27
day	27
away	27
zayda	26
what	26
thine	26
wave	25
they	25
their	25
sorrow	25
soft	25
hope	25
felt	25
affection	25
pleasure	24
warm	23
rose	23
mind	23
each	23
could	23
cheek	23
again	23
where	22
this	22
tell	22
ocean	22
nature	22
memory	22
feel	22
would	21
spirit	21
spell	21
past	21
pain	21
charm	21
wild	20
through	20
must	20
mine	20
lone	20
young	19
night	19
long	19
breast	19
without	18
own	18
lovely	18
how	18
grief	18
feelings	18
fair	18
every	18
dark	18
we	17
tis	17
stole	17
friendship	17
first	17
who	16
should	16
pure	16
perhaps	16
pensive	16
nor	16
grown	16
glow	16
gloom	16
farewell	16
deep	16
calm	16
truth	15
true	15
till	15
than	15
see	15
scenes	15
rest	15
hour	15
heaven	15
gay	15
flower	15
d	15
well	14
trace	14
tone	14
since	14
left	14
here	14
gaze	14
dream	14
bright	14
are	14
alone	14
sweetly	13
strange	13
scene	13
moment	13
look	13
lonely	13
isabel	13
him	13
fearful	13
fear	13
ere	13
dead	13
brow	13
beam	13
art	13
youth	12
woe	12
whose	12
them	12
speak	12
shed	12
sad	12
round	12
once	12
moon	12
might	12
light	12
late	12
despair	12
death	12
cheer	12
blush	12
been	12
(	12
youthful	11
voice	11
vain	11
upon	11
tomb	11
time	11
throb	11
think	11
summer	11
some	11
sleep	11
remembrance	11
maid	11
form	11
forget	11
even	11
cold	11
chill	11
care	11
breathe	11
bloom	11
ah	11
*	11
)	11
|romannumeral|	10
splendour	10
repose	10
passion	10
our	10
lively	10
lip	10
know	10
joys	10
i'd	10
grave	10
glance	10
gave	10
few	10
fell	10
fancy	10
cloud	10
charms	10
brief	10
brave	10
brain	10
back	10
an	10
wreath	9
wildly	9
why	9
wear	9
view	9
transient	9
stealing	9
soon	9
senseless	9
restless	9
part	9
morn	9
loved	9
lost	9
leaf	9
heard	9
hear	9
gale	9
full	9
fate	9
breathing	9
blessed	9
bleak	9
beneath	9
beguile	9
yon	8
within	8
weep	8
trembling	8
tomorrow	8
tide	8
tempest	8
sun	8
smiling	8
silent	8
sight	8
seemed	8
rock	8
poor	8
plaintive	8
only	8
o	8
now	8
notes	8
mute	8
much	8
looked	8
lid	8
hurried	8
hung	8
gone	8
gloomy	8
found	8
fly	8
close	8
cheerless	8
changed	8
change	8
bring	8
."	8
you	7
world	7
wire	7
way	7
vestal	7
timid	7
thoughts	7
steep	7
sought	7
softly	7
shore	7
save	7
same	7
pleased	7
near	7
nay	7
mid	7
may	7
many	7
made	7
loveliness	7
impassioned	7
grace	7
glory	7
glad	7
give	7
free	7
fondly	7
fled	7
feels	7
faint	7
eve	7
enchantment	7
emotion	7
duty	7
down	7
delight	7
days	7
cypress	7
clear	7
chance	7
cause	7
cannot	7
broke	7
breath	7
bird	7
around	7
anxious	7
although	7
yes	6
year	6
y	6
wove	6
winter	6
wing	6
whence	6
water	6
wandering	6
tree	6
tranquil	6
told	6
tenderness	6
sympathy	6
sung	6
sullen	6
sudden	6
storm	6
stay	6
stanzas	6
souls	6
solitude	6
sky	6
seen	6
seems	6
sea	6
scarcely	6
sadness	6
sadden	6
rugged	6
recollection	6
que	6
prove	6
possessed	6
placid	6
other	6
often	6
none	6
new	6
native	6
mutual	6
muse	6
most	6
make	6
list	6
less	6
kiss	6
j	6
image	6
home	6
high	6
hearts	6
guardian	6
gladness	6
gives	6
gem	6
gauge	6
friend	6
fortune	6
fain	6
f	6
enjoyment	6
drop	6
doubt	6
doomed	6
cry	6
calmly	6
brought	6
breathed	6
both	6
born	6
billow	6
age	6
woman	5
withering	5
waters	5
warmth	5
war	5
varied	5
tinged	5
throw	5
tale	5
sweetest	5
strain	5
stormy	5
steals	5
steal	5
spring	5
spot	5
spoke	5
speaks	5
son	5
smiled	5
smart	5
slumbering	5
sincere	5
shade	5
severe	5
roused	5
reply	5
quick	5
pride	5
power	5
pledge	5
plays	5
pause	5
partial	5
pale	5
page	5
old	5
object	5
nought	5
nomar	5
music	5
murmuring	5
motion	5
mirthful	5
met	5
melancholy	5
loveliest	5
lifeless	5
lately	5
kind	5
into	5
hero	5
haply	5
hangs	5
hand	5
hallowed	5
given	5
gentle	5
genial	5
frenzied	5
forth	5
forgiven	5
fondness	5
flash	5
fatal	5
expressed	5
endearment	5
e	5
dwell	5
dulcet	5
drooping	5
dim	5
desperate	5
decay	5
daughter	5
darkling	5
danger	5
cherished	5
charmed	5
came	5
brother	5
broken	5
breeze	5
blue	5
beauteous	5
anger	5
air	5
after	5
wrought	4
worthless	4
words	4
weak	4
virtue	4
verge	4
valour	4
us	4
until	4
transport	4
thrill	4
threw	4
these	4
tearful	4
sunny	4
sunk	4
strove	4
stream	4
stranger	4
strangely	4
startled	4
spray	4
solitary	4
snow	4
slow	4
short	4
shadow	4
sever	4
sense	4
secret	4
scorn	4
scarce	4
say	4
sail	4
sadly	4
riven	4
revived	4
regret	4
quickly	4
pulse	4
proud	4
ponder	4
pleasures	4
pillow	4
petrarch	4
pearly	4
passed	4
parted	4
painful	4
others	4
name	4
n	4
mournful	4
mountain	4
morning	4
moonlight	4
miranda	4
mingle	4
midnight	4
mantle	4
looks	4
longer	4
live	4
listen	4
linger	4
lightning	4
leaves	4
leave	4
laugh	4
language	4
lake	4
laid	4
kindred	4
imaged	4
ideal	4
human	4
horrid	4
hence	4
held	4
heaving	4
heaves	4
grows	4
grow	4
grey	4
grew	4
gleam	4
gladden	4
gazed	4
gayer	4
freedom	4
fragrant	4
forbidden	4
fondest	4
flung	4
flight	4
fixed	4
find	4
female	4
features	4
erring	4
enchanting	4
earth	4
dungeon	4
dry	4
drove	4
dreary	4
done	4
distressed	4
distant	4
disclose	4
disappointment	4
died	4
devotion	4
destiny	4
deemed	4
dash	4
d'almont	4
crystal	4
cradled	4
clouds	4
caught	4
caress	4
career	4
burst	4
bud	4
brightest	4
brigando	4
blended	4
blaze	4
blast	4
bier	4
beloved	4
before	4
beauties	4
bear	4
banish	4
bade	4
anxiety	4
angel	4
already	4
add	4
above	4
^	4
-	4
yonder	3
years	3
ye	3
wretched	3
wretch	3
worlds	3
woke	3
wither	3
whom	3
whatever	3
weeping	3
warbled	3
wall	3
vision	3
victim	3
very	3
vanish	3
urge	3
unknown	3
un	3
trembles	3
treasure	3
treacherous	3
tower	3
touch	3
torn	3
token	3
times	3
throbbed	3
thoughtful	3
thing	3
th	3
terror	3
temper	3
tells	3
swells	3
swell	3
survey	3
surge	3
summit	3
struggle	3
strife	3
storms	3
stone	3
sting	3
star	3
speed	3
sound	3
song	3
sometimes	3
soldier	3
solace	3
softness	3
social	3
sob	3
snatched	3
slumber	3
slept	3
skiff	3
sire	3
silvery	3
shrine	3
shock	3
share	3
senses	3
sensate	3
self	3
season	3
scream	3
s	3
right	3
return	3
restore	3
responsive	3
resign	3
reposed	3
repentant	3
rendered	3
render	3
relief	3
reflection	3
rapture	3
raise	3
purest	3
purely	3
please	3
play	3
place	3
pity	3
perils	3
perfume	3
peace	3
parting	3
orb	3
oppression	3
nigh	3
mourn	3
mouldering	3
motionless	3
mockery	3
mist	3
mi	3
meteor	3
merit	3
meet	3
makes	3
madly	3
mad	3
lyre	3
lowly	3
loving	3
loves	3
lover	3
lips	3
let	3
least	3
learned	3
laughs	3
latest	3
latent	3
la	3
knew	3
je	3
isle	3
indifference	3
impulse	3
impart	3
hush	3
however	3
horror	3
hopes	3
honour	3
hold	3
hide	3
heave	3
hearted	3
hanging	3
halo	3
guide	3
great	3
glimmering	3
glide	3
gilds	3
gild	3
friends	3
fragrance	3
forgive	3
flowers	3
flow	3
flirt	3
fleeting	3
fickle	3
feverish	3
feature	3
fears	3
father	3
fast	3
fashion	3
faintly	3
face	3
expressive	3
expression	3
express	3
events	3
et	3
embrace	3
emblem	3
echoed	3
echo	3
earliest	3
ear	3
dropped	3
drifted	3
dizzy	3
divine	3
distress	3
dismay	3
dies	3
die	3
delusion	3
delay	3
del	3
deed	3
de	3
dazzling	3
darkly	3
d'amour	3
cruel	3
cries	3
crag	3
cradle	3
confined	3
confess	3
condemn	3
con	3
compassion	3
companion	3
comes	3
clime	3
cliff	3
child	3
cherish	3
charmer	3
changes	3
chain	3
ceased	3
caressed	3
canto	3
breaking	3
bouquet	3
bound	3
bosoms	3
blossoms	3
blossom	3
blooms	3
bliss	3
blight	3
bless	3
blend	3
beyond	3
bent	3
benacus	3
bella	3
belief	3
beautiful	3
beat	3
bark	3
balmy	3
baldo	3
b	3
assail	3
ask	3
arms	3
another	3
also	3
almost	3
alloy	3
alas	3
against	3
absence	3
2	3
1	3
**	3
';	3
zephyr	2
wrung	2
writ	2
wounded	2
worn	2
wore	2
woo	2
wonted	2
woes	2
witchery	2
winning	2
wind	2
wiles	2
wholly	2
whirlwind	2
western	2
went	2
weather	2
wears	2
wearied	2
watched	2
warblings	2
warbling	2
waning	2
walls	2
wakes	2
wail	2
wafted	2
vow	2
visionary	2
virgin	2
veil	2
unkind	2
uncertainty	2
u	2
two	2
twixt	2
twilight	2
turned	2
troubled	2
tribute	2
trance	2
tinge	2
thunder	2
thorn	2
terrors	2
tenderly	2
teardrop	2
taste	2
symphony	2
sympathising	2
swept	2
sweetness	2
sweeter	2
sweetened	2
sweep	2
surface	2
suppressed	2
sunshine	2
sunset	2
suffering	2
sue	2
successive	2
success	2
stung	2
struggling	2
struggled	2
struck	2
strives	2
strike	2
stern	2
statue	2
state	2
sprite	2
spirits	2
specious	2
speaking	2
spain	2
southeast	2
something	2
softest	2
softer	2
sneer	2
smiles	2
slumbers	2
slowly	2
sleeps	2
sleeping	2
slave	2
sister	2
sip	2
sink	2
silence	2
sighs	2
sighed	2
side	2
si	2
shroud	2
shrill	2
showed	2
shot	2
sheds	2
settled	2
serene	2
sepulchral	2
semblance	2
selfish	2
seem	2
seek	2
sealed	2
screech	2
says	2
saw	2
sappho	2
sanguine	2
said	2
sacred	2
rustling	2
rudely	2
rude	2
rosebud	2
romance	2
roman	2
roll	2
rocks	2
roar	2
rival	2
ripples	2
returning	2
retreat	2
rescued	2
repress	2
repeat	2
remember	2
religion	2
rejoice	2
regard	2
refuse	2
refreshed	2
reckless	2
real	2
rainbow	2
rae	2
r	2
quite	2
pursue	2
puis	2
proved	2
protection	2
prospect	2
proof	2
prompts	2
prompt	2
prison	2
prevail	2
pressed	2
press	2
present	2
prayed	2
praise	2
poisonous	2
poisoned	2
poison	2
ply	2
plunged	2
pleasing	2
picture	2
perished	2
perish	2
perchance	2
pensiveness	2
peaceful	2
pass	2
partially	2
pardon	2
pang	2
paints	2
pains	2
pained	2
owns	2
owned	2
owl	2
out	2
ossian	2
obtruded	2
nursed	2
nous	2
note	2
northeast	2
noisome	2
nightly	2
nestle	2
nerve	2
neither	2
need	2
murmured	2
mount	2
moss	2
monument	2
months	2
monastery	2
moments	2
mocks	2
misery	2
minute	2
mingled	2
mild	2
midst	2
methought	2
methinks	2
melting	2
melt	2
meets	2
meed	2
means	2
matters	2
marked	2
mark	2
mar	2
mantling	2
mantled	2
man	2
maggiore	2
m	2
lute	2
low	2
lorenzo	2
lonesome	2
liveliest	2
little	2
lit	2
listening	2
lines	2
line	2
lest	2
lengthened	2
laurel	2
languid	2
land	2
lamented	2
lago	2
kneeling	2
keep	2
keen	2
k	2
joyed	2
jealous	2
itself	2
italia	2
it's	2
introduced	2
instant	2
inspired	2
inspire	2
innocent	2
innocence	2
infantile	2
imagination	2
ills	2
ill	2
ignorance	2
idalian	2
i'll	2
hushed	2
hurt	2
hurries	2
hours	2
horrors	2
hopeful	2
honoured	2
holy	2
hoary	2
hers	2
heavy	2
heavens	2
heavenly	2
heaved	2
heartless	2
head	2
hasten	2
haste	2
hast	2
happy	2
happiness	2
h	2
griefs	2
grasped	2
god	2
glossy	2
gloominess	2
glittering	2
glare	2
glancing	2
gladsome	2
giddy	2
genius	2
generous	2
gazing	2
garda	2
gallia	2
gainst	2
frown	2
friendless	2
fresh	2
fragrantly	2
fostering	2
fortress	2
forsook	2
forsaken	2
forlorn	2
forgot	2
forgets	2
forbid	2
forbade	2
followed	2
foaming	2
fluttering	2
flown	2
flourish	2
flitting	2
flies	2
fleet	2
flee	2
five	2
fire	2
finger	2
figure	2
fiercely	2
fewer	2
feelingly	2
fearfully	2
feared	2
faults	2
far	2
famished	2
fame	2
fade	2
expire	2
expectation	2
expanse	2
exile	2
excess	2
evening	2
estranged	2
errors	2
epistle	2
endearing	2
endear	2
emerge	2
elysium	2
ebon	2
ebbing	2
eastern	2
eagle	2
dusky	2
drifting	2
drear	2
dreams	2
doubly	2
doom	2
doleful	2
does	2
do	2
dissipation	2
dismal	2
dims	2
dimly	2
did	2
devoted	2
destined	2
desolate	2
desire	2
descried	2
departed	2
deny	2
delusive	2
della	2
delicious	2
deck	2
deceived	2
deceive	2
deaths	2
dearest	2
dashes	2
dashed	2
darksome	2
darker	2
dared	2
dance	2
damp	2
curlew	2
crusca	2
cried	2
creature	2
convent	2
control	2
conspired	2
confessed	2
complain	2
companionship	2
combined	2
colder	2
clung	2
climbed	2
clifts	2
cliffs	2
clasping	2
clasp	2
chilly	2
childhood	2
che	2
chase	2
charnel	2
charming	2
cell	2
cave	2
caused	2
carlo	2
captivity	2
calpe	2
brood	2
brings	2
brighter	2
briefly	2
breezes	2
breathless	2
breaks	2
break	2
bowl	2
borrow	2
boldly	2
bold	2
blow	2
blends	2
blame	2
bid	2
bewildered	2
better	2
betrayed	2
best	2
bereft	2
believed	2
believe	2
beings	2
behind	2
beguiling	2
bedew	2
becomes	2
because	2
beams	2
battle	2
balm	2
awhile	2
aux	2
armies	2
anguish	2
amongst	2
amity	2
ambition	2
altered	2
alarm	2
ages	2
aged	2
adieu	2
actions	2
action	2
accursed	2
?"	2
*'	2
!"	2
}	1
|arabicprice|	1
zephir	1
zavda	1
zaragoza	1
z	1
yo	1
yield	1
xpovov	1
xll	1
wrongs	1
wronged	1
written	1
write	1
wring	1
wrest	1
wound	1
worthy	1
worldly	1
work	1
wooing	1
wood	1
wont	1
wonders	1
won	1
wolf	1
witnessed	1
witness	1
withered	1
wishes	1
wished	1
wish	1
wintery	1
wins	1
winds	1
winding	1
wildest	1
wholesome	1
whole	1
white	1
whispers	1
whispered	1
whirl	1
while	1
wh	1
wet	1
werter	1
wert	1
wept	1
ween	1
wedded	1
weave	1
weatherbeaten	1
weakly	1
we'll	1
waving	1
waves	1
waveless	1
watchfulness	1
watchful	1
warring	1
warning	1
warnath	1
warmly	1
warmer	1
warmed	1
warfare	1
wantonly	1
wanton	1
wane	1
wanderer	1
wandered	1
waking	1
waken	1
wakeful	1
waked	1
wake	1
wajs	1
wait	1
wailing	1
wailed	1
waifdering	1
w	1
vulture	1
vows	1
volved	1
voili	1
visit	1
visions	1
virtues	1
virgil	1
violets	1
village	1
vile	1
vied	1
victory	1
vessel	1
venture	1
vengeful	1
vearm	1
van	1
vale	1
vainly	1
unusual	1
untimely	1
unsuspicious	1
unsuspecting	1
unshook	1
unshackled	1
unseen	1
unsanctioned	1
unpitied	1
unobserved	1
unnoticed	1
unmarked	1
unlike	1
unless	1
unjust	1
unite	1
unheeded	1
unfurl	1
undivided	1
uncultured	1
unconscious	1
unblushing	1
unattended	1
tyrol	1
twlliglit	1
twill	1
twere	1
turreted	1
tuneful	1
tune	1
tuna	1
tum'd	1
tsar	1
try	1
trusted	1
trust	1
truly	1
truest	1
triumphs	1
trifle	1
tried	1
trickling	1
trickier	1
tremulous	1
tremblingly	1
trembler	1
trembled	1
transports	1
transported	1
transplanted	1
tranquilly	1
tranquillity	1
trait	1
training	1
trafalgar	1
traced	1
touched	1
torrent	1
tore	1
torches	1
tones	1
toi	1
together	1
toad	1
tne	1
tlijose	1
tings	1
tinctured	1
timidity	1
timber	1
tiie	1
ties	1
tie	1
thydear	1
throws	1
thrown	1
throvr	1
throbs	1
throbbings	1
thrilling	1
thrilled	1
thrice	1
threescore	1
thousands	1
thousand	1
thoughtless	1
thirst	1
thinking	1
things	1
they've	1
they'd	1
thence	1
theirs	1
thatwhati	1
thatsooth'd	1
thanked	1
tes	1
terrified	1
terrific	1
terminated	1
teque	1
tenir	1
tener	1
tenant	1
tempt	1
tempeit	1
temerity	1
tears	1
teach	1
te	1
tauntingly	1
tariffa	1
tariff	1
tarewell	1
tapers	1
tantum	1
tantos	1
talked	1
talk	1
takes	1
take	1
tacitly	1
tacit	1
t	1
syren	1
sympathise	1
symmetry	1
swift	1
sweets	1
sweetens	1
swear	1
sway	1
swallow	1
sustain	1
suspiring	1
suspicion	1
suspected	1
susceptible	1
surviving	1
surrounded	1
surprise	1
sure	1
superstition	1
superscribed	1
supering	1
suns	1
sunbeam	1
summits	1
sullenness	1
suffusing	1
suffuse	1
sufficed	1
sufferings	1
suddenly	1
strung	1
stroke	1
string	1
strikes	1
stricken	1
strewed	1
street	1
streams	1
strayed	1
stray	1
strangling	1
strangled	1
strained	1
story	1
stones	1
stirred	1
stillness	1
sterner	1
steps	1
stem	1
steel	1
steady	1
stays	1
starts	1
startle	1
starting	1
started	1
start	1
stars	1
stand	1
stag	1
spurn	1
springs	1
spreads	1
spotless	1
sport	1
spoilers	1
splendid	1
spleen	1
sphl	1
spheres	1
sphere	1
speeds	1
speechless	1
sparkle	1
spared	1
spanish	1
spaniards	1
space	1
soupirs	1
sorrows	1
sophists	1
soothing	1
soothed	1
sont	1
songe	1
sole	1
solano	1
soiivent	1
sobresalto	1
soars	1
snowy	1
smothered	1
smiler	1
smallest	1
slowl	1
sleepless	1
skulking	1
skirting	1
situated	1
sit	1
single	1
singing	1
sing	1
simplon	1
simple	1
silly	1
silently	1
silenced	1
signed	1
signal	1
sieges	1
siege	1
sidera	1
sickly	1
sickening	1
shuddering	1
shuddered	1
shrines	1
shrilly	1
shriek	1
showers	1
shower	1
shoulders	1
short-lived	1
shivered	1
shipwreck	1
shine	1
shelving	1
shell	1
shallows	1
shaken	1
shadows	1
shades	1
severs	1
servire	1
sereno	1
serenity	1
sequestered	1
sente	1
sensibility	1
sensation	1
seductive	1
security	1
secluded	1
seat	1
seas	1
seamen	1
scruples	1
scroll	1
screeching	1
screams	1
scrambles	1
scornful	1
scheme	1
schedule	1
scfene	1
scattered	1
scaled	1
satisfy	1
sank	1
sanctioned	1
sana	1
sake	1
sais	1
saints	1
sainted	1
sailed	1
safe	1
saddest	1
saddens	1
saddening	1
sable	1
rushes	1
run	1
ruffled	1
ruest	1
ruder	1
roving	1
roved	1
rove	1
rousseau	1
robe	1
robbed	1
road	1
risen	1
ripple	1
rill	1
rigid	1
rightly	1
rightful	1
rifle	1
revives	1
reverie	1
revel	1
retrospection	1
retains	1
retain	1
resumes	1
restrained	1
restrain	1
restores	1
restored	1
resting	1
rested	1
respite	1
respectful	1
resigned	1
repulsive	1
repulsed	1
reptile	1
reprove	1
reproachful	1
repressed	1
reposes	1
replete	1
repels	1
repel	1
repeated	1
repay	1
rent	1
renown	1
renounce	1
renew	1
rending	1
rend	1
renaldo	1
remote	1
remnant	1
reme^fbrance	1
relinquish	1
relicts	1
regardless	1
reflects	1
reflect	1
recuerdos	1
reclaim	1
rebels	1
rebel	1
read	1
reached	1
rays	1
ravish	1
raves	1
raven	1
rather	1
rashly	1
rarely	1
rare	1
rapt	1
rapid	1
rankle	1
ranged	1
ran	1
raised	1
rage	1
rack	1
quit	1
quietude	1
qui	1
quel	1
queen	1
quarrels	1
quantum	1
quaif	1
quaffed	1
pursuit	1
pursues	1
pursuers	1
purple	1
punish	1
puedo	1
prudence	1
prowling	1
provest	1
protracted	1
prospects	1
propitious	1
prophet	1
prompted	1
promised	1
proffer	1
procela	1
prize	1
prix	1
prisoners	1
prisoned	1
printed	1
pressure	1
presses	1
presque	1
pour	1
possesses	1
possess	1
portrayed	1
portray	1
porque	1
po^a	1
po	1
plunges	1
plight	1
pledges	1
pleasant	1
plants	1
plaisirs	1
plain	1
plague	1
pitying	1
pitiful	1
pirate	1
pining	1
pined	1
piled	1
piercing	1
pictured	1
piaga	1
pet	1
permitted	1
perfumed	1
perdiera	1
perdiendolas	1
per	1
pent	1
penance	1
peerless	1
peacefully	1
pays	1
pay	1
paused	1
patriot	1
patient	1
path	1
passioned	1
passion'd	1
passing	1
passes	1
passer	1
parts	1
parpiti^	1
parole	1
parian	1
parent	1
parched	1
par	1
pallid	1
pall	1
paint	1
pageants	1
packet	1
p	1
owe	1
ours	1
otway	1
osman	1
orit	1
originality	1
oraisons	1
oprima	1
opiate	1
opens	1
opened	1
open	1
onward	1
olhv	1
olas	1
office	1
offered	1
offer	1
off	1
oer	1
occasioned	1
obtrusive	1
obtrude	1
obliged	1
objects	1
oar	1
o/'ob	1
nurtures	1
nurtured	1
nuraber'd	1
numbered	1
number	1
nox	1
noter	1
nos	1
noontide	1
noon	1
non	1
nom	1
nobly	1
noble	1
nighty	1
next	1
nest	1
negligent	1
needed	1
nee	1
nectared	1
neath	1
ncll'animo	1
natural	1
naked	1
mystic	1
mystery	1
mysterious	1
muttered	1
mutation	1
musing	1
mournfully	1
mounting	1
mould	1
motley	1
mother	1
morrow	1
morose	1
moons	1
moonbeam	1
mood	1
month	1
monk	1
momentary	1
moi	1
modelled	1
moaner	1
moan	1
mj	1
mixed	1
misty	1
missed	1
misfortune	1
mirth	1
mirror	1
minstrelsy	1
minstrel	1
minora	1
mingling	1
mingles	1
miles	1
milan	1
mightiest	1
message	1
merely	1
mercy	1
mental	1
mensonge	1
menial	1
memorial	1
memorable	1
mellow	1
melano	1
meeting	1
meditation	1
medical	1
meant	1
maxim	1
mattered	1
matter	1
matilda	1
mat	1
master	1
masks	1
marred	1
marino	1
mariners	1
mariner	1
manners	1
maniac	1
malqiie	1
makest	1
mais	1
main	1
magic	1
madness	1
ma	1
m^lancolie	1
lurks	1
lulled	1
luckless	1
lowers	1
lowering	1
lovest	1
louder	1
loud	1
lose	1
lookest	1
loo	1
loneliness	1
lon5	1
loitering	1
loathed	1
lnn	1
lizard	1
living	1
lives	1
lived	1
lingering	1
lincoln't	1
lily	1
likes	1
liis	1
ligimfii	1
lights	1
lightly	1
lightens	1
lifts	1
lier	1
liberty	1
levantando	1
lent	1
lengthening	1
lend	1
legouv^	1
legacy	1
led	1
leaving	1
learn	1
leaps	1
leads	1
lead	1
le	1
lays	1
lay	1
lave	1
laughing	1
lashes	1
las	1
larmes	1
large	1
larch	1
lapse	1
languished	1
languish	1
landscape	1
lamp	1
lakes	1
lagoom	1
lagodi	1
lacus	1
laci	1
knows	1
known	1
knowing	1
knock	1
knew'st	1
knelt	1
kinsmen	1
kinsman	1
kindling	1
keepers	1
keeper	1
just	1
jove	1
joined	1
join	1
jnacreon	1
jet	1
ivy	1
islands	1
irksome	1
irigid	1
invade	1
intwined	1
intruded	1
inthrals	1
inter	1
intense	1
insult	1
inspiring	1
insect	1
insatiate	1
inherit	1
ingulf	1
ingetiio	1
inflicts	1
inflict	1
infant	1
infancy	1
indifferent	1
indiff'rent	1
inconstant	1
impression	1
impressed	1
import	1
impervious	1
impelled	1
impeded	1
impatient	1
impassion	1
imbosoming	1
imbitters	1
imaging	1
imaginable	1
illusions	1
illumed	1
ill-fated	1
ifiay	1
idol	1
identity	1
id	1
i've	1
i'm	1
i'lmivers	1
i'amiti^	1
hurrying	1
hurry	1
hues	1
hue	1
hts	1
horizon	1
horace	1
hopeless	1
homage	1
holds	1
hither	1
hight	1
highest	1
hidden	1
herself	1
helvetia	1
helicon	1
heir	1
height	1
heed	1
hectic	1
hears	1
heal	1
hay	1
haughty	1
hateful	1
hat	1
hastens	1
harsher	1
harp	1
harm	1
hark	1
halos	1
half	1
halcyon	1
hair	1
hail	1
gust	1
gurgling	1
gun	1
gull	1
guise	1
guiltless	1
guile	1
guessed	1
guess	1
growing	1
groves	1
grove	1
grievous	1
grieves	1
grieve	1
greybeard	1
green	1
greater	1
gratitude	1
gratify	1
grate	1
grasp	1
grandeur	1
govern	1
gossamer	1
goodbye	1
gondola	1
golden	1
goddess	1
glowworm	1
glows	1
glowing	1
gloomier	1
glitters	1
glitter	1
glimmerings	1
glimmer	1
gleams	1
glares	1
glances	1
glanced	1
gladnes	1
gladdening	1
glad'ning	1
glaciers	1
giovaseguir	1
gilding	1
gift	1
geranium	1
gently	1
gentlest	1
genii	1
gazes	1
gathered	1
gather	1
gasping	1
garrison	1
gallant	1
g	1
future	1
furia	1
fulgebat	1
fruto	1
frolic	1
froga	1
fright	1
freshness	1
fresher	1
fremitu	1
freezes	1
fraught	1
france	1
fprmed	1
fox	1
forsake	1
forms	1
former	1
forgotten	1
forgetful	1
forged	1
foreign	1
forehead	1
forego	1
forboding	1
footsteps	1
foolish	1
fonder	1
folly	1
follows	1
following	1
folding	1
folded	1
foe	1
fo	1
fluttered	1
flushes	1
flush	1
fluctibus	1
flowret	1
flourished	1
flood	1
flitted	1
flits	1
fling	1
flew	1
fleecy	1
flattering	1
flattered	1
flashes	1
fitter	1
fitful	1
fishing	1
fired	1
finis	1
finding	1
fills	1
filial	1
fifty	1
fierf	1
fierce	1
fier	1
fieldt	1
fidchantment	1
fictitious	1
feuds	1
festive	1
fervour	1
feoiale	1
felon	1
feebleness	1
feather	1
fearfulness	1
fe	1
favoured	1
fathomed	1
fare	1
fancied	1
famous	1
familiar	1
falters	1
falsely	1
falls	1
fall	1
falcon	1
faithless	1
faithful	1
faith	1
fairy	1
fairest	1
faintness	1
fainting	1
failed	1
fading	1
faded	1
extreme	1
extinguished	1
extensive	1
expired	1
expiate	1
existence	1
exhibits	1
exhausted	1
exhale	1
exertion	1
exchanged	1
excel	1
evince	1
event	1
evade	1
ev*n	1
europe	1
eternal	1
estrange	1
estais	1
est	1
essence	1
esperan9a	1
escapes	1
escaped	1
erat	1
erase	1
er	1
epoig	1
eolian	1
envy	1
entwine	1
entranced	1
entoncea	1
entombing	1
enthusiast	1
entering	1
entered	1
enshrined	1
ensanguined	1
enraptured	1
enough	1
enlivens	1
enlivening	1
enliven	1
enlightening	1
enjoyments	1
enjoying	1
enjoy	1
engage	1
enfold	1
energy	1
endymion	1
endured	1
endowed	1
endearments	1
endeared	1
end	1
enclosed	1
enclose	1
enchantnaent	1
enchantd	1
en	1
emulative	1
emotions	1
embryo	1
embitter	1
embellie	1
emanating	1
em	1
eloise	1
electric	1
either	1
egypt	1
eglantine	1
egea	1
efforts	1
efface	1
eddying	1
ecstasy	1
echoes	1
earthly	1
early	1
earlier	1
e^w^	1
dwells	1
dwelled	1
duole	1
dumouttier	1
duly	1
dull	1
dulces	1
dubiou9>way	1
du	1
droops	1
drooped	1
drives	1
driven	1
drink	1
drifts	1
drew	1
dreaming	1
dread	1
draws	1
drawn	1
dove	1
donner	1
dolori	1
dois	1
dites	1
disturb	1
distresses	1
distracting	1
distracted	1
distract	1
distance	1
dissolves	1
dissolution	1
dissipate	1
display	1
dispelled	1
disguises	1
disgrace	1
disembles	1
discontentment	1
disclosed	1
dirge	1
dire	1
dimra'd	1
didst	1
dictates	1
diadem	1
di	1
dewdrop	1
deter	1
detection	1
destruction	1
desponding	1
despondency	1
despoileth	1
despises	1
desperation	1
desolation	1
desires	1
deserving	1
deserves	1
described	1
des	1
derision	1
derides	1
deride	1
depths	1
depart	1
denotes	1
denies	1
denied	1
demands	1
delude	1
delighting	1
delighted	1
delighiful	1
delicate	1
dekght	1
dejected	1
deera'd	1
deepening	1
deem'st	1
deem	1
decline	1
decks	1
deceitful	1
decayed	1
dearth	1
dearly	1
dearer	1
dealt	1
deaf	1
deadly	1
de&consuelo	1
dawning	1
dawn	1
daughters	1
date	1
dashing	1
darts	1
darling	1
darkness	1
darkle	1
dares	1
dare	1
dans	1
dangers	1
dangerous	1
da	1
d'arco	1
d'araour	1
cypria	1
cutting	1
cut	1
current	1
culls	1
culling	1
crushes	1
crushed	1
crush	1
crowd	1
crime	1
crept	1
creep	1
creative	1
craved	1
crave	1
crash	1
craggy	1
cox	1
court	1
courage	1
country	1
countries	1
corroded	1
corazon	1
convulsive	1
convincing	1
convey	1
contrives	1
contour	1
contino	1
contented	1
contending	1
consumed	1
consoler	1
consolation	1
consciousness	1
confusion	1
conflicting	1
confirmed	1
confirm	1
concealed	1
composure	1
compassionate	1
companions	1
companionless	1
communion	1
commencement	1
coming	1
come	1
combat	1
column'd	1
collects	1
coeur	1
coast	1
clouded	1
closing	1
closer	1
closely	1
cloistered	1
clift	1
claspt	1
clasps	1
clamara	1
claim	1
cities	1
circling	1
cielo	1
chords	1
chide	1
chequered	1
cheering	1
cheerfulness	1
cheerful	1
cheered	1
cheats	1
chaste	1
chased	1
charm'st	1
character	1
changing	1
chanced	1
chamber	1
chaffing	1
cervantes	1
certain	1
century	1
cenotaph	1
ceases	1
caverns	1
catch	1
castle	1
cast	1
cashmere	1
caria	1
carest	1
careef	1
captive	1
capricious	1
cantar	1
canst	1
cancelled	1
cancel	1
can'st	1
calls	1
calling	1
call	1
cald	1
cahlo	1
caelo	1
bursting	1
burning	1
buried	1
buffetting	1
buela	1
budded	1
bubbling	1
brutus	1
brushed	1
brush	1
brothers	1
brokenhearted	1
britain	1
brisk	1
brilliant	1
brightens	1
brightening	1
brigandos	1
briganbos	1
bribe	1
breathes	1
breach	1
bravery	1
bravely	1
bravas	1
bows	1
bowe'er	1
bounds	1
boundless	1
bounded	1
bought	1
boots	1
boon	1
bonan9a	1
blustering	1
blushing	1
blushes	1
blot	1
blossomed	1
blooming	1
bloomed	1
blissful	1
blindly	1
blinder	1
blind	1
blights	1
blighting	1
blighted	1
bleed	1
bled	1
blazoned	1
blazing	1
blazed	1
blasted	1
black	1
birthplace	1
birth	1
billowy	1
bien	1
bieiifaits	1
bids	1
bewitching	1
bewailing	1
betrays	1
betray	1
bestow	1
beside	1
benace	1
bemoan	1
belvidere	1
belongs	1
belonged	1
belle	1
believes	1
behest	1
begun	1
beguiled	1
began	1
befriend	1
beetling	1
beamy	1
beacon	1
beach	1
baylls	1
bay	1
baveno	1
battles	1
bat	1
bashful	1
base	1
bank	1
baffle	1
bad'st	1
baby	1
azure	1
aya	1
awakened	1
awake	1
avert	1
avenging	1
author	1
augustena	1
aty	1
attentive	1
attendant	1
attachment	1
atonement	1
athwart	1
assurgens	1
assigned	1
assassin	1
aspiring	1
aspect	1
ashes	1
arts	1
artist	1
arose	1
ardour	1
arched	1
arch	1
aragon	1
araby	1
approaching	1
apprehension	1
appears	1
appear'st	1
appear	1
appals	1
anything	1
answered	1
animation	1
anguished	1
ancestry	1
anaereo*	1
amusement	1
amour	1
amo	1
amenazando	1
amador	1
amado	1
alubut	1
altar	1
alpine	1
aloof	1
allentar	1
alimentando	1
alike	1
al	1
airy	1
aiding	1
aid	1
agony	1
ago	1
agnes	1
agaia	1
affright	1
afflictions	1
affliction	1
aethereal	1
adverse	1
adorn	1
adored	1
admiring	1
adelaide	1
acts	1
act	1
aching	1
accent	1
abuse	1
about	1
abode	1
^yujiui	1
^,	1
\yild	1
\^7	1
[	1
?-	1
>;	1
>';	1
>"	1
8	1
7	1
6	1
5	1
4	1
3	1
.'	1
-^^	1
-'	1
)'	1
'*	1
')	1
".	1
!^	1
