,	3986
the	2141
.	1435
and	1306
of	854
a	752
to	732
"	665
in	630
that	459
his	450
i	419
!	399
he	396
|'s|	382
;	364
with	353
it	300
'	300
for	291
was	249
as	245
by	235
is	232
:	223
all	220
but	204
not	198
from	197
at	167
|arabic1digit|	156
what	156
—	154
on	152
him	150
which	148
my	146
be	144
this	141
(	139
had	133
one	129
they	128
me	127
|arabic2digit|	126
man	115
its	111
)	109
who	108
or	105
no	104
."	104
thou	102
so	97
?	96
when	95
then	95
their	94
each	94
there	92
life	92
|arabic3digit|	91
|romannumeral|	89
if	84
have	84
her	82
are	82
them	79
own	77
whose	73
though	72
were	70
where	68
you	67
yet	67
out	64
last	63
world	61
too	60
such	60
over	60
thy	59
we	56
time	55
said	55
still	54
will	53
now	53
more	53
like	53
how	53
these	52
made	51
some	50
she	50
old	50
good	50
other	49
do	49
can	49
an	49
upon	48
hath	48
those	47
than	47
long	47
down	47
tis	46
two	45
into	45
mine	44
love	44
bear	44
through	43
thus	42
never	42
must	42
well	40
day	39
would	38
know	38
did	38
away	37
about	37
thought	36
men	36
head	36
half	36
even	36
could	36
way	35
thee	35
first	35
since	34
rest	34
here	34
earth	34
up	33
only	33
cried	33
bird	33
!"	33
tree	32
rose	32
every	32
again	32
round	31
himself	31
before	31
soul	30
say	30
nor	30
name	30
little	30
ever	30
dead	30
been	30
ami	30
why	29
our	29
night	29
without	28
whilst	28
much	28
death	28
same	27
go	27
found	27
after	27
nothing	26
light	26
just	26
dog	26
d	26
born	26
your	25
till	25
saw	25
poor	25
master	25
find	25
am	25
us	24
true	24
strong	24
seemed	24
once	24
many	24
lion	24
lie	24
lay	24
great	24
friend	24
far	24
came	24
while	23
sun	23
small	23
see	23
may	23
left	23
land	23
hour	23
high	23
fall	23
ere	23
art	23
work	22
wild	22
twas	22
simplicius	22
new	22
might	22
lost	22
home	22
done	22
deep	22
song	21
shall	21
pride	21
power	21
knew	21
fate	21
fair	21
eye	21
another	21
ye	20
things	20
mountain	20
hut	20
heard	20
hand	20
cat	20
against	20
?"	20
whole	19
went	19
voice	19
vain	19
tin	19
smile	19
should	19
proud	19
part	19
king	19
heart	19
fast	19
doth	19
both	19
best	19
ah	19
wolf	18
whom	18
water	18
set	18
mountains	18
let	18
grace	18
get	18
free	18
air	18
white	17
turned	17
turn	17
truth	17
thai	17
strength	17
side	17
nature	17
mighty	17
lived	17
live	17
least	17
hard	17
force	17
dust	17
chance	17
broken	17
blood	17
above	17
worth	16
together	16
stood	16
spirit	16
soon	16
sigh	16
self	16
secret	16
purpose	16
pure	16
make	16
ill	16
gold	16
forth	16
fell	16
brow	16
between	16
being	16
beauty	16
alas	16
word	15
wide	15
thine	15
sound	15
sea	15
save	15
right	15
place	15
pain	15
others	15
iron	15
human	15
heaven	15
fierce	15
enough	15
calm	15
brave	15
beneath	15
beast	15
<	15
wretch	14
vol	14
second	14
replied	14
plain	14
past	14
off	14
o	14
most	14
meanwhile	14
low	14
legs	14
house	14
having	14
hast	14
gone	14
fresh	14
form	14
fine	14
felt	14
eternal	14
child	14
charm	14
better	14
any	14
whatever	13
wave	13
took	13
sight	13
seen	13
put	13
n	13
mere	13
lord	13
living	13
joy	13
flight	13
fear	13
eyes	13
doubt	13
dark	13
caracol	13
andrew	13
among	13
along	13
words	12
wood	12
within	12
tell	12
sublime	12
something	12
sleep	12
sighed	12
show	12
quite	12
point	12
poet	12
mind	12
m	12
length	12
image	12
hold	12
grey	12
fled	12
feet	12
feel	12
fancy	12
fables	12
cold	12
care	12
cannot	12
bramble	12
below	12
began	12
because	12
young	11
weary	11
twixt	11
think	11
thing	11
swan	11
state	11
short	11
sad	11
passed	11
pass	11
ones	11
oh	11
nought	11
moment	11
memory	11
marble	11
lot	11
laid	11
known	11
justice	11
hi	11
heavy	11
ground	11
green	11
flesh	11
father	11
et	11
dim	11
daily	11
come	11
call	11
brought	11
brother	11
breath	11
behind	11
bed	11
became	11
back	11
amen	11
.'	11
■	10
••	10
wrong	10
worm	10
wandering	10
wagon	10
view	10
valour	10
three	10
take	10
t	10
sweet	10
strife	10
spot	10
speech	10
single	10
royal	10
repose	10
prey	10
pray	10
praise	10
neither	10
mount	10
mixed	10
look	10
leaves	10
indeed	10
hope	10
help	10
hair	10
grave	10
forest	10
fed	10
fallen	10
everywhere	10
else	10
either	10
dream	10
dost	10
die	10
blind	10
ask	10
age	10
!)	10
■•	9
years	9
wind	9
weight	9
trouble	9
tried	9
town	9
themselves	9
teeth	9
strange	9
storm	9
stately	9
star	9
sole	9
slowly	9
slow	9
shore	9
ship	9
shade	9
sense	9
safe	9
rolling	9
reason	9
question	9
perfect	9
none	9
noble	9
nero	9
needs	9
natural	9
music	9
monarch	9
melancholy	9
less	9
horse	9
haroun	9
g	9
forgive	9
fool	9
face	9
door	9
died	9
creation	9
counsel	9
clear	9
clay	9
choice	9
chief	9
bruin	9
bright	9
brain	9
bound	9
blow	9
black	9
bis	9
behold	9
beasts	9
bad	9
around	9
...	9
winds	8
weather	8
warm	8
under	8
thereby	8
sum	8
sullen	8
sudden	8
spake	8
space	8
smiling	8
silence	8
search	8
scarce	8
sank	8
rock	8
road	8
race	8
queen	8
public	8
peace	8
paws	8
passion	8
order	8
oft	8
next	8
near	8
nay	8
mused	8
morn	8
moral	8
monument	8
means	8
mean	8
lips	8
labour	8
keen	8
itself	8
i'll	8
hills	8
hen	8
haste	8
has	8
happy	8
grew	8
grass	8
goes	8
glory	8
given	8
full	8
friends	8
four	8
forced	8
follow	8
folk	8
fly	8
flea	8
fit	8
fain	8
dying	8
dreams	8
different	8
cut	8
cry	8
crown	8
cries	8
cork	8
content	8
change	8
chanced	8
cause	8
cast	8
brute	8
breast	8
blue	8
birds	8
beyond	8
answer	8
already	8
alone	8
across	8
',	8
•	7
worse	7
woe	7
waters	7
use	7
traveller	7
touch	7
times	7
thrown	7
third	7
tears	7
tall	7
surface	7
surely	7
sunk	7
summit	7
stand	7
stag	7
spread	7
sprang	7
sought	7
son	7
soft	7
snow	7
smith	7
sky	7
shook	7
shame	7
selfsame	7
scorn	7
saved	7
sage	7
ruin	7
root	7
river	7
rich	7
resolved	7
realm	7
proved	7
pleasure	7
pleased	7
picture	7
people	7
open	7
nest	7
need	7
mother	7
minute	7
meant	7
making	7
loud	7
lis	7
limbs	7
learned	7
lead	7
laughed	7
late	7
kept	7
hy	7
herd	7
held	7
heed	7
hear	7
haunted	7
hammer	7
guide	7
grow	7
greatness	7
granite	7
give	7
gave	7
forgot	7
forget	7
food	7
fond	7
foe	7
flew	7
fire	7
finds	7
fight	7
fare	7
ear	7
dreamed	7
drag	7
despair	7
desire	7
delight	7
days	7
crow	7
complete	7
close	7
catch	7
case	7
blows	7
beat	7
base	7
bank	7
ay	7
arose	7
ape	7
anon	7
also	7
ages	7
able	7
]	7
wrought	6
woodman	6
waves	6
war	6
wandered	6
vague	6
trick	6
torturing	6
thorns	6
theirs	6
ten	6
talk	6
swear	6
sure	6
suffered	6
stone	6
spring	6
sons	6
somewhat	6
solitude	6
snail	6
smooth	6
slave	6
simple	6
silent	6
shadow	6
served	6
serene	6
scratch	6
run	6
rough	6
rolled	6
remains	6
reached	6
reach	6
ran	6
r	6
quoth	6
prove	6
presence	6
please	6
pleasant	6
plane	6
pate	6
party	6
onward	6
obey	6
noticed	6
myself	6
mud	6
motion	6
moth	6
moan	6
miserable	6
mirth	6
minds	6
methinks	6
matter	6
lo	6
listening	6
limb	6
leave	6
law	6
la	6
kind	6
keep	6
j	6
i'm	6
hundred	6
huge	6
hours	6
honest	6
ho	6
hill	6
hid	6
hate	6
grub	6
grocer	6
groaned	6
goal	6
gaze	6
fruit	6
frozen	6
friendship	6
freedom	6
fortune	6
forehead	6
fish	6
filth	6
few	6
fable	6
f	6
eternity	6
end	6
dull	6
drop	6
dread	6
does	6
creatures	6
creature	6
court	6
common	6
comes	6
colour	6
clouds	6
claimed	6
buried	6
burden	6
bore	6
body	6
bloody	6
bare	6
balance	6
aught	6
atlas	6
anvil	6
\	6
you'll	5
year	5
wrongs	5
wrath	5
worn	5
woods	5
wont	5
wings	5
wing	5
wilt	5
wife	5
wherever	5
whereby	5
whence	5
wheel	5
weights	5
weasel	5
watched	5
want	5
vulgar	5
victim	5
until	5
unknown	5
unjust	5
universe	5
understand	5
twice	5
try	5
tooth	5
toil	5
tired	5
thinking	5
tender	5
taking	5
tail	5
sweat	5
subjects	5
stupid	5
struck	5
strove	5
strike	5
stirred	5
spied	5
speed	5
speak	5
sore	5
solitary	5
sly	5
slime	5
sinks	5
sink	5
sick	5
shattered	5
sharp	5
shape	5
settled	5
service	5
sent	5
seeking	5
seek	5
satan	5
sake	5
rule	5
ruined	5
rapture	5
raised	5
quiet	5
qualities	5
providence	5
poem	5
pile	5
philosophy	5
perceived	5
patience	5
mystic	5
musing	5
mortal	5
missed	5
mien	5
merit	5
meet	5
makes	5
loss	5
longer	5
lone	5
leaving	5
knows	5
keeper	5
jove	5
inn	5
immortal	5
ideas	5
idea	5
ichneumon	5
i've	5
hungry	5
hung	5
hot	5
horses	5
horn	5
hero	5
hell	5
heedless	5
heat	5
hall	5
hack	5
grateful	5
gossip	5
glowing	5
glow	5
glance	5
giant	5
gazed	5
gained	5
further	5
fur	5
frame	5
fools	5
followed	5
folks	5
foam	5
flower	5
flimsy	5
fingers	5
fidelity	5
fiat	5
fault	5
family	5
faith	5
fact	5
escape	5
ergo	5
emmet	5
embrace	5
eggs	5
egg	5
effort	5
ee	5
easy	5
ease	5
dry	5
drowned	5
drew	5
doubtless	5
doing	5
divide	5
disdain	5
desert	5
degrees	5
dear	5
crowned	5
crowd	5
condition	5
clean	5
civic	5
changed	5
chamber	5
casement	5
canst	5
cage	5
butterfly	5
business	5
built	5
bui	5
brows	5
broad	5
bride	5
bravest	5
brains	5
bought	5
bong	5
bold	5
boast	5
bliss	5
birth	5
bent	5
believe	5
bald	5
author	5
answered	5
aim	5
added	5
[	5
•■	4
yonder	4
yon	4
yes	4
willow	4
whip	4
wherein	4
whenever	4
wheels	4
welcome	4
ween	4
weed	4
wearing	4
weakness	4
wasted	4
wants	4
wander	4
wan	4
wall	4
wait	4
virtues	4
victims	4
vast	4
valley	4
vainly	4
vacant	4
twere	4
twain	4
turns	4
turning	4
trust	4
trees	4
tower	4
tone	4
tie	4
throughout	4
throne	4
throat	4
thoughts	4
thank	4
taste	4
sword	4
swine	4
swim	4
swift	4
surly	4
suffer	4
suddenly	4
style	4
struggling	4
stretched	4
stranger	4
strain	4
straight	4
stout	4
stones	4
statue	4
spoke	4
spare	4
sort	4
sorrow	4
solemn	4
smoke	4
smiled	4
slipped	4
slept	4
slain	4
sire	4
sir	4
sighing	4
shy	4
shout	4
shoot	4
sheep	4
shamed	4
shake	4
seem	4
seeing	4
scornful	4
sat	4
sand	4
runs	4
rude	4
rosy	4
roll	4
rogue	4
rival	4
rights	4
resumed	4
restless	4
reply	4
remembered	4
red	4
record	4
received	4
rebel	4
read	4
rather	4
rare	4
rain	4
quick	4
purple	4
proper	4
prince	4
present	4
practice	4
possession	4
possessed	4
points	4
plied	4
plank	4
pity	4
pit	4
pick	4
pereat	4
perchance	4
penknife	4
peer	4
peak	4
pang	4
palace	4
pair	4
ordered	4
often	4
northeast	4
nightly	4
nettle	4
native	4
mouse	4
moon	4
mood	4
mild	4
met	4
meeting	4
mark	4
majestic	4
loyal	4
loved	4
lords	4
looked	4
listener	4
lingering	4
line	4
lightly	4
lies	4
lean	4
leaf	4
lb	4
latin	4
knowing	4
kingly	4
kinds	4
justitia	4
judgement	4
intense	4
instinct	4
imperial	4
impera	4
imp	4
hythe	4
however	4
hovering	4
hidden	4
height	4
hearts	4
hearing	4
haunts	4
happiness	4
happier	4
happened	4
haply	4
hadst	4
guess	4
grant	4
gracious	4
got	4
golden	4
going	4
gods	4
glories	4
gloom	4
gay	4
gales	4
future	4
furtive	4
foul	4
fought	4
forms	4
foot	4
following	4
flowers	4
flow	4
flood	4
firm	4
finding	4
filthy	4
feeling	4
feebly	4
fatigue	4
fares	4
fame	4
falls	4
falling	4
eyed	4
exempt	4
everything	4
evermore	4
eve	4
error	4
endless	4
ending	4
empire	4
eaten	4
e	4
dreaming	4
divine	4
deny	4
deemed	4
dawn	4
dainty	4
crying	4
creative	4
couple	4
contented	4
coming	4
cock	4
coach	4
cloud	4
claim	4
chisel	4
chime	4
chill	4
children	4
certain	4
caught	4
casual	4
castle	4
bull	4
broke	4
breathed	4
boasts	4
bo	4
blackbird	4
bit	4
bigger	4
bewildered	4
beware	4
beside	4
begin	4
beautiful	4
bark	4
bard	4
babe	4
aye	4
awakening	4
attention	4
armed	4
appear	4
ambitious	4
ambition	4
alp	4
alive	4
albeit	4
afraid	4
>	4
.)	4
-	4
'•	4
'.	4
■■	3
•'	3
you'd	3
xo	3
wronger	3
wronged	3
wretched	3
wounded	3
wound	3
wouldst	3
wool	3
wondering	3
won	3
wits	3
wish	3
winked	3
winged	3
wine	3
whit	3
whisper	3
whether	3
wherefore	3
wept	3
weeping	3
weathers	3
wear	3
watching	3
waste	3
wanton	3
wanting	3
walk	3
waking	3
waked	3
wake	3
waited	3
wagoner	3
w	3
voyage	3
vote	3
volcanic	3
vexed	3
vanquisht	3
useless	3
upward	3
uplifted	3
unto	3
unseen	3
understood	3
underneath	3
unawares	3
unable	3
u	3
trying	3
tribe	3
trial	3
treasure	3
travelled	3
train	3
traces	3
touched	3
tortoise	3
top	3
told	3
title	3
timorous	3
tide	3
thyself	3
thunders	3
thrust	3
thrilled	3
thousands	3
thereof	3
therein	3
thanks	3
tbinkest	3
tame	3
takes	3
taken	3
swollen	3
swamp	3
surprised	3
surprise	3
surmise	3
supreme	3
superior	3
summer	3
suffering	3
sufferer	3
strongest	3
strive	3
strikes	3
stricken	3
stretch	3
story	3
stopped	3
stop	3
stooped	3
steps	3
stem	3
steel	3
station	3
stars	3
standing	3
stall	3
sprout	3
sphynx	3
spent	3
sped	3
speaking	3
spars	3
snuff	3
snowy	3
snows	3
slopes	3
slid	3
sleeping	3
slaves	3
skin	3
sing	3
silly	3
shut	3
shuns	3
shrug	3
shroud	3
shouts	3
shot	3
sheltered	3
shell	3
serve	3
servants	3
seest	3
seems	3
seeks	3
sedate	3
scum	3
science	3
scarcely	3
scaled	3
satisfied	3
saith	3
sails	3
sail	3
safely	3
sadly	3
rusty	3
rubbish	3
roved	3
roses	3
rope	3
room	3
roaring	3
roam	3
rising	3
ripple	3
ride	3
ribs	3
reynard	3
returned	3
return	3
retired	3
result	3
restored	3
resentment	3
resentful	3
rescue	3
replies	3
remember	3
region	3
reed	3
recognition	3
reckoned	3
receive	3
ray	3
rage	3
quenched	3
pursued	3
purity	3
puissant	3
prudently	3
proving	3
protection	3
prosperous	3
profound	3
profit	3
pro	3
private	3
prithee	3
princely	3
pretty	3
pressure	3
pound	3
popular	3
ponderous	3
pluck	3
plan	3
plaguy	3
pictures	3
perched	3
perceive	3
patient	3
paths	3
path	3
passionate	3
passing	3
passes	3
parrot	3
painter	3
painted	3
pains	3
p	3
overwhelmed	3
oozed	3
offspring	3
office	3
ocean	3
occasion	3
numerous	3
nowadays	3
notes	3
note	3
non	3
noise	3
nodded	3
nobly	3
neighbouring	3
neck	3
neath	3
names	3
muttered	3
mute	3
muse	3
moved	3
mournful	3
modest	3
moderate	3
mocking	3
mocked	3
mock	3
miss	3
miseries	3
miracle	3
miles	3
midnight	3
mi	3
metal	3
meek	3
maternal	3
material	3
marsh	3
marks	3
marked	3
mariners	3
mankind	3
mangled	3
mane	3
lull	3
luck	3
lucid	3
lower	3
lover	3
lose	3
lordly	3
lonely	3
lofty	3
loaded	3
lives	3
lit	3
lifted	3
lift	3
leap	3
leader	3
large	3
languid	3
language	3
lamb	3
lake	3
lady	3
laboured	3
l>y	3
kindred	3
kill	3
judged	3
joys	3
journey	3
jealous	3
ins	3
innocence	3
important	3
impatient	3
immense	3
hurled	3
hue	3
horror	3
honey	3
homo	3
hollow	3
hit	3
higher	3
hie	3
herself	3
hers	3
henceforth	3
heel	3
heap	3
he's	3
haunt	3
hare	3
hands	3
halt	3
hail	3
h	3
guardian	3
guard	3
grows	3
grown	3
growl	3
growing	3
grieved	3
grandeur	3
grains	3
grain	3
graciously	3
gore	3
god	3
glorious	3
glittering	3
glacier	3
giving	3
girt	3
gift	3
getting	3
generations	3
general	3
gardener	3
garden	3
gaping	3
gain	3
fraud	3
fountain	3
forward	3
fortunes	3
forsooth	3
forgotten	3
footed	3
foes	3
flowing	3
flies	3
flee	3
flat	3
flashing	3
flashed	3
flame	3
finis	3
finger	3
final	3
fighting	3
fiercely	3
feverish	3
fen	3
feminine	3
fellow	3
feels	3
features	3
fat	3
fared	3
false	3
faithful	3
faint	3
failed	3
extremes	3
exclaimed	3
essay	3
envy	3
endeavour	3
elm	3
elate	3
eh	3
easily	3
eagle	3
eager	3
dwells	3
dumb	3
drowning	3
dripping	3
drifted	3
drift	3
drenched	3
drench	3
double	3
doomed	3
domestic	3
distant	3
disposition	3
dish	3
disease	3
disaster	3
disappear	3
difference	3
destroy	3
delicious	3
delicate	3
deeds	3
decreed	3
declare	3
decided	3
deaths	3
darkness	3
danger	3
damp	3
dame	3
curled	3
critics	3
critic	3
crime	3
crew	3
crest	3
cow	3
cover	3
cousin	3
course	3
cost	3
control	3
contempt	3
contemplation	3
consolation	3
conquering	3
confusion	3
conflict	3
confess	3
conduct	3
complain	3
coffee	3
clumsy	3
climbed	3
cleft	3
claws	3
clad	3
city	3
churlish	3
chrysalis	3
chidden	3
changes	3
certainly	3
centuries	3
ccetera	3
cats	3
carried	3
cares	3
cared	3
captain	3
canto	3
called	3
burning	3
builds	3
build	3
bruised	3
brothers	3
brooding	3
bring	3
bridegroom	3
breakfast	3
breadth	3
bootless	3
bones	3
blushing	3
block	3
blast	3
blame	3
bite	3
birthplace	3
big	3
bids	3
bid	3
bi	3
bending	3
belief	3
beheld	3
beauteous	3
beats	3
bears	3
bearing	3
battle	3
backward	3
b	3
azure	3
axe	3
awhile	3
awe	3
aware	3
awake	3
aud	3
attain	3
asked	3
artist	3
arms	3
arm	3
arc	3
appropriate	3
antique	3
anguish	3
ancient	3
anchor	3
always	3
allow	3
aid	3
ago	3
aged	3
affairs	3
afar	3
advantage	3
admiring	3
actions	3
account	3
absurd	3
.'"	3
*	3
«	2
zero	2
youth	2
youngest	2
yore	2
yielded	2
yield	2
yesterday	2
yellow	2
yel	2
yawn	2
yard	2
xot	2
xor	2
xature	2
wrung	2
wrote	2
wraps	2
wrapped	2
wove	2
wounds	2
worms	2
worlds	2
wore	2
woodland	2
wonted	2
wondrous	2
wonder	2
wolves	2
woes	2
woeful	2
wmds	2
witnessed	2
withered	2
wit	2
wistful	2
wiped	2
winter	2
win	2
willing	2
wicked	2
wholly	2
whiteness	2
whispered	2
whim	2
whiles	2
whereon	2
whereof	2
whatsoever	2
wet	2
weighs	2
weep	2
weeds	2
wed	2
wealth	2
weak	2
we've	2
ways	2
waxed	2
watery	2
watch	2
warrior	2
warrant	2
warned	2
warbled	2
wanted	2
wanderest	2
wanderer	2
wallow	2
walking	2
walked	2
waits	2
waged	2
vue	2
vouchsafed	2
volumes	2
volentem	2
volens	2
voices	2
vivat	2
village	2
vigilance	2
vied	2
victor	2
vicious	2
vexation	2
vex	2
vent	2
venison	2
vein	2
valorous	2
vagrant	2
vagabond	2
utterance	2
ursine	2
urn	2
urged	2
upset	2
uprising	2
upland	2
uphung	2
upheaves	2
upbraid	2
unwonted	2
unvext	2
unsocial	2
unsatisfied	2
unremember'd	2
unnoticed	2
unlike	2
uncrowned	2
uncouth	2
unconscious	2
unblest	2
unattainable	2
tyrannous	2
twitter	2
twine	2
twill	2
twilight	2
twig	2
tumbling	2
trustful	2
trusted	2
trough	2
troublesome	2
troubles	2
troubled	2
trot	2
trodden	2
triumph	2
tribune	2
treasures	2
travellers	2
transmitted	2
trade	2
track	2
toy	2
towers	2
torrent	2
torpid	2
torn	2
torment	2
tops	2
tones	2
tomb	2
today	2
tlif	2
tlesh	2
titanic	2
titan	2
tit	2
tiny	2
tint	2
timon	2
timber	2
thunder	2
throws	2
throw	2
thrones	2
thrill	2
threw	2
threshold	2
thousand	2
thin	2
thief	2
thick	2
therefore	2
thereat	2
theory	2
thence	2
thankless	2
test	2
terror	2
taught	2
taskwork	2
task	2
tartar	2
tart	2
tale	2
table	2
sworn	2
swept	2
swell	2
sweetness	2
sweetest	2
sweep	2
swallow	2
suum	2
surprising	2
surpassing	2
suppose	2
supper	2
suns	2
sunrise	2
sung	2
suds	2
subversive	2
subject	2
subdued	2
sturdy	2
stupidity	2
stunned	2
stung	2
stumbled	2
stuff	2
study	2
stuck	2
struggles	2
struggled	2
strokes	2
strode	2
striving	2
strives	2
strewn	2
stress	2
street	2
stream	2
stormy	2
stoopm	2
stomach	2
stole	2
sternly	2
stealthy	2
steal	2
stay	2
states	2
startled	2
stare	2
stands	2
standards	2
stammered	2
stalking	2
stairs	2
st	2
spying	2
spy	2
sprung	2
sprite	2
springing	2
spreading	2
sprats	2
spouse	2
spoken	2
split	2
splendour	2
spirits	2
spear	2
spat	2
sparks	2
sparkling	2
sounds	2
sounding	2
soothing	2
sombre	2
solid	2
soldiers	2
soldier	2
sold	2
soil	2
social	2
soaring	2
soar	2
soap	2
smote	2
smitten	2
smileth	2
smiles	2
slyly	2
slunk	2
slung	2
slumber	2
slips	2
slightest	2
slight	2
slew	2
slays	2
skips	2
skies	2
sixteen	2
six	2
sit	2
sins	2
siniplicius	2
sign	2
sighs	2
sides	2
sic	2
shrank	2
shower	2
showed	2
shocking	2
shock	2
shivering	2
shining	2
sheet	2
share	2
shapes	2
shaped	2
setting	2
serving	2
servant	2
sentence	2
senses	2
sensation	2
send	2
semper	2
seized	2
seize	2
seeds	2
secure	2
seas	2
scrutiny	2
scrawled	2
scorned	2
score	2
scientific	2
scene	2
scatter	2
scared	2
scandalous	2
scales	2
scale	2
saying	2
savage	2
saucy	2
sauce	2
satisfaction	2
salt	2
sale	2
sal	2
sagacious	2
safety	2
s	2
rush	2
running	2
rules	2
ruefully	2
rueful	2
rows	2
row	2
roost	2
roof	2
roared	2
roar	2
roadside	2
rivage	2
rises	2
rise	2
rippled	2
rhyme	2
reverie	2
revealed	2
resting	2
rested	2
respects	2
respectable	2
respect	2
resort	2
resonant	2
resist	2
resigned	2
resent	2
republics	2
renown	2
renews	2
remained	2
remain	2
relieved	2
release	2
regard	2
refuse	2
reflection	2
reeling	2
reedy	2
redeem	2
reconcile	2
recognised	2
recall	2
rebellious	2
realms	2
readers	2
reaches	2
ravaged	2
ravage	2
rat	2
rash	2
rascal	2
range	2
railed	2
rags	2
quivering	2
querulous	2
que	2
quartz	2
quality	2
pyrrhonism	2
purged	2
provide	2
proudly	2
prospect	2
proof	2
promised	2
prolong	2
proclaimed	2
proclaim	2
prize	2
prisoner	2
print	2
principle	2
prim	2
prevail	2
presents	2
praising	2
praised	2
powers	2
poured	2
posterity	2
post	2
position	2
port	2
pomp	2
police	2
plump	2
playing	2
player	2
played	2
planted	2
planks	2
planet	2
plague	2
placid	2
pitch	2
pines	2
pine	2
pin	2
phantom	2
peter	2
perisht	2
perishable	2
perish	2
peril	2
perhaps	2
perceiving	2
per	2
pensive	2
pelican	2
peers	2
peeping	2
peeexxius	2
pay	2
paw	2
pavement	2
pausing	2
paul	2
patron	2
parts	2
parents	2
parent	2
pale	2
paid	2
page	2
owner	2
overthrown	2
outraged	2
ounces	2
ought	2
otherwise	2
ordinary	2
orb	2
oppression	2
opinion	2
omnia	2
ominous	2
odour	2
obscure	2
oblivious	2
oblivion	2
obeys	2
obedient	2
oar	2
oak	2
nut	2
notion	2
notice	2
nothingness	2
noontide	2
noon	2
nook	2
nolens	2
nol	2
nobler	2
nighl	2
nigh	2
nice	2
nettles	2
nether	2
nerve	2
nepos	2
neighbours	2
needed	2
necessity	2
natures	2
naturally	2
nations	2
nation	2
narrow	2
narration	2
named	2
naked	2
mystery	2
mysterious	2
muzzle	2
mutton	2
musings	2
muscle	2
murmured	2
murmur	2
murdered	2
mouths	2
mourn	2
morning	2
monarchs	2
momentary	2
moisture	2
mocks	2
mistrust	2
minded	2
mica	2
merry	2
merely	2
mended	2
memories	2
meditative	2
meaning	2
maze	2
matters	2
mate	2
mast	2
massive	2
mass	2
marriage	2
market	2
mantled	2
mantle	2
mansion	2
manly	2
manifold	2
major	2
main	2
maiden	2
magisterial	2
mad	2
luxurious	2
lumpish	2
luckless	2
lounger	2
lordship	2
lorddom	2
loosed	2
loose	2
looks	2
lonesome	2
lodged	2
load	2
list	2
lisped	2
lip	2
lingered	2
lines	2
limping	2
limits	2
lightest	2
lighted	2
letting	2
leteka	2
lest	2
les	2
leontine	2
leonine	2
leisurely	2
leg	2
led	2
learn	2
leaps	2
leading	2
leaders	2
lea	2
lazy	2
laws	2
lav	2
laughing	2
laugh	2
lattice	2
latent	2
lassitude	2
lap	2
languages	2
lam	2
lacked	2
lack	2
knoweth	2
knee	2
knave	2
kiss	2
kinsmen	2
kinsfolk	2
killed	2
keys	2
keeping	2
justify	2
june	2
judges	2
journeying	2
join	2
isle	2
irate	2
inward	2
invested	2
intricate	2
interruption	2
interrogation	2
interpret	2
internal	2
interests	2
intent	2
insult	2
insubstantial	2
instead	2
instance	2
insolence	2
inside	2
insect	2
inscrutable	2
innocent	2
inhuman	2
indifferently	2
indifference	2
impulse	2
impetuous	2
imperishable	2
immortality	2
imagination	2
imaged	2
illustrious	2
ills	2
idle	2
idiotic	2
identity	2
id	2
icy	2
hunger	2
humour	2
hummed	2
humanity	2
huddled	2
hud	2
hu	2
howling	2
hover	2
hound	2
host	2
horrible	2
horizon	2
hopeless	2
hopeful	2
hoots	2
honour	2
homage	2
hollows	2
holds	2
hither	2
history	2
hint	2
hind	2
highest	2
highborn	2
hiding	2
hideous	2
hia	2
hermit	2
helpless	2
heir	2
heeds	2
heavens	2
heave	2
hearth	2
health	2
headed	2
haughty	2
hates	2
hateful	2
hatch	2
hat	2
hasty	2
hasten	2
harsh	2
harmonious	2
happen	2
hanged	2
habits	2
habit	2
ha	2
gusts	2
gun	2
guile	2
guessed	2
grumbling	2
groves	2
groan	2
grip	2
grinding	2
grim	2
grief	2
greedy	2
greed	2
greater	2
greal	2
grasped	2
grasp	2
granted	2
goodly	2
goings	2
glitter	2
gliding	2
glee	2
glanced	2
glad	2
gives	2
gesture	2
gentle	2
generous	2
geese	2
gee	2
gazing	2
gates	2
garments	2
garb	2
ganymede	2
gallows	2
gallops	2
gallop	2
gale	2
fuss	2
furnace	2
funeral	2
fulfil	2
frustrate	2
front	2
frolic	2
freed	2
fox	2
fourth	2
formula	2
formidable	2
former	2
forgiven	2
forgetting	2
forgets	2
forever	2
foresters	2
foreign	2
foregoing	2
fore	2
forbidden	2
footsteps	2
foolish	2
followers	2
fold	2
foeman	2
flying	2
fluttering	2
flout	2
flourishing	2
floor	2
floated	2
flitted	2
flit	2
flinty	2
fleece	2
fleas	2
flask	2
flash	2
flags	2
fixed	2
fitful	2
fist	2
finished	2
filled	2
fill	2
fights	2
fiery	2
fiercest	2
fiend	2
field	2
feud	2
fetch	2
fervid	2
fertile	2
felspar	2
feelings	2
feature	2
feathers	2
feasted	2
feast	2
feared	2
fathers	2
fatal	2
fata	2
fashioned	2
fanned	2
fancied	2
famous	2
fairer	2
faintly	2
fail	2
fai'.i.ks	2
faculty	2
facts	2
faction	2
expression	2
explain	2
experience	2
expectant	2
existence	2
except	2
evince	2
event	2
erewhile	2
eogito	2
enter	2
enemy	2
endure	2
ends	2
endear	2
empty	2
emphatic	2
emotion	2
emancipate	2
ely	2
elf	2
element	2
elected	2
effect	2
effaced	2
eevolution	2
eeturn'd	2
echoes	2
eaves	2
eat	2
east	2
easier	2
ears	2
ead	2
dwelling	2
dwell	2
duty	2
dupe	2
dunghill	2
ducunt	2
drudge	2
drowsy	2
drops	2
dropped	2
driven	2
drilled	2
drifting	2
dried	2
dreamy	2
dozen	2
doodle	2
dome	2
domain	2
dogs	2
doctor	2
divined	2
divided	2
dive	2
distress	2
distraction	2
distance	2
dispute	2
dismal	2
discussion	2
discover	2
discourse	2
discontent	2
disclose	2
disappointment	2
dinner	2
difficult	2
devour	2
devil	2
destruction	2
destined	2
despite	2
desolate	2
desires	2
design	2
deserved	2
depths	2
demos	2
demon	2
deliverance	2
delighted	2
deliberate	2
defects	2
decked	2
deathless	2
dealing	2
de	2
dawned	2
dasht	2
dart	2
dare	2
dance	2
daedal	2
custom	2
curse	2
current	2
curious	2
cure	2
curdling	2
culprit	2
crystal	2
crust	2
crusht	2
cruel	2
crowns	2
crowded	2
crossed	2
croaking	2
crippled	2
cripple	2
cresl	2
crept	2
creeping	2
crawl	2
crash	2
craftsmen	2
craft	2
cradle	2
coward	2
covered	2
courage	2
counter	2
count	2
couch	2
cornelius	2
cordial	2
cool	2
convinced	2
convict	2
contrived	2
contradiction	2
continue	2
contemplating	2
contemplate	2
conservation	2
conscious	2
conscience	2
congenial	2
confined	2
confessed	2
confer	2
conditions	2
comrade	2
completely	2
complaint	2
compassionate	2
compare	2
comfortable	2
comfort	2
combined	2
coloured	2
collection	2
cogito	2
coat	2
coarse	2
coal	2
clown	2
cloven	2
clothes	2
clods	2
clinging	2
climbs	2
climb	2
claw	2
clatter	2
clasped	2
clan	2
clamorous	2
claims	2
chronicle	2
chose	2
choose	2
chilly	2
chilled	2
childhood	2
cherub	2
cheese	2
charms	2
character	2
changing	2
chances	2
cetera	2
certes	2
caused	2
cattle	2
careless	2
capricious	2
capital	2
can't	2
cages	2
cackle	2
butterflies	2
butter	2
bursts	2
burst	2
burdened	2
budding	2
brutes	2
brook	2
bronze	2
bristles	2
brightly	2
brighl	2
bridal	2
breed	2
breathing	2
breathe	2
bread	2
brawl	2
bravely	2
brass	2
branches	2
branch	2
braggart	2
brag	2
boy	2
bow	2
bourgeois	2
bounty	2
bounds	2
bottle	2
bosom	2
boots	2
books	2
book	2
bone	2
boisterous	2
bodies	2
bock	2
boastful	2
boasted	2
board	2
blown	2
blowing	2
blossom	2
blithe	2
blissful	2
blew	2
bleeding	2
blade	2
bitter	2
bitten	2
bits	2
bishop	2
bind	2
bidden	2
bhelter	2
betes	2
bestowed	2
besides	2
benignant	2
benign	2
bells	2
bell	2
belf	2
beetle	2
bees	2
become	2
bearish	2
beard	2
bathed	2
bathe	2
based	2
badger	2
babbling	2
avoiding	2
averred	2
avail	2
authority	2
attempt	2
attained	2
atrocious	2
athwart	2
assume	2
aspect	2
asleep	2
aside	2
arise	2
arguments	2
applause	2
appetite	2
apes	2
apart	2
anxieties	2
antlers	2
answering	2
annihilation	2
angel	2
amorous	2
although	2
alternate	2
altered	2
alps	2
allowed	2
alcibiades	2
alarm	2
alack	2
airy	2
ai	2
aethereal	2
admire	2
admiration	2
administrative	2
address	2
adding	2
add	2
action	2
aching	2
accused	2
accepting	2
accents	2
abyss	2
abroad	2
abode	2
aa	2
?)	2
?'	2
/"	2
/	2
.''	2
--	2
).	2
('	2
'"	2
".	2
"'	2
""	2
!'	2
•then	1
•in	1
„l	1
»,	1
|arabic5+digit|	1
zones	1
zest	1
zealous	1
yours	1
yokemate	1
yielding	1
yei	1
yearns	1
yearly	1
y	1
xmv	1
xero	1
xay	1
wtote	1
wto	1
writhing	1
writhed	1
writhe	1
writ	1
wrinkling	1
wrinkles	1
wretches	1
wretchedness	1
wrest	1
wreck	1
wreath	1
wreak	1
wrathful	1
wounding	1
worthy	1
worthily	1
worthies	1
worst	1
worships	1
wormlike	1
world'b	1
workshops	1
works	1
workmen	1
workman	1
working	1
worda	1
woos	1
wooed	1
wooden	1
wooded	1
wonders	1
womb	1
wolfs	1
wolfish	1
woiddst	1
wo	1
witness	1
witless	1
withstood	1
withstand	1
wishing	1
wishes	1
wished	1
wise	1
wisdom	1
wires	1
wire	1
wipera	1
winning	1
wink	1
wingless	1
wines	1
window	1
windless	1
windings	1
winding	1
winch	1
wince	1
wily	1
wills	1
william	1
willi	1
willed	1
will'st	1
wildly	1
wigs	1
wig	1
widow	1
widening	1
whosoever	1
whoso	1
whoop	1
whoni	1
whither	1
whiter	1
whisked	1
whirlwind	1
whirls	1
whirling	1
whirligig	1
whipping	1
whined	1
whine	1
whimper'd	1
whetter	1
whereunto	1
whereto	1
whereabouts	1
whelp	1
whde	1
whal	1
whack	1
west	1
wending	1
wend	1
wen	1
welkin	1
weighing	1
weighed	1
weigh	1
weevil	1
wee	1
wedge	1
wedding	1
web	1
weaving	1
wears	1
wearily	1
weariest	1
weapon	1
weakest	1
weaker	1
we'll	1
wbuldst	1
wayside	1
waylaying	1
wayfarer	1
waxing	1
wax	1
wavy	1
waving	1
wavi	1
wavering	1
waved	1
watered	1
watchful	1
wasteful	1
wast	1
washing	1
washed	1
wash	1
warped	1
warms	1
warming	1
warmed	1
ware	1
ward	1
wantons	1
wanes	1
wanders	1
wanderings	1
wallowing	1
wallow'd	1
wallet	1
wallensteins	1
waiter	1
waistcoat	1
waist	1
wailed	1
wagons	1
wagoners	1
wagging	1
wagged	1
wages	1
wage	1
wag	1
wafted	1
waft	1
wa	1
w'lm	1
w'liirh	1
vyin.l	1
vulture	1
vows	1
votes	1
voted	1
vos	1
voluntas	1
voluminous	1
volume	1
volition	1
volcano	1
void	1
vobis	1
vitellius	1
visiting	1
visited	1
visitations	1
visit	1
vision	1
viscous	1
visage	1
vis	1
virtue	1
virginal	1
virgin	1
violated	1
vine	1
villagers	1
vile	1
vil	1
vigorous	1
vienna	1
vidit	1
victory	1
victorious	1
vicarious	1
vibration	1
viands	1
vestige	1
vessel	1
very	1
verses	1
verse	1
veritable	1
verily	1
verdant	1
verbal	1
ver	1
venus	1
ventures	1
vented	1
venomed	1
venit	1
venerable	1
veins	1
veil	1
vegetable	1
ve	1
vcxt	1
vaunted	1
vaster	1
varying	1
various	1
vapours	1
vanity	1
value	1
valleys	1
vales	1
vagrants	1
uy	1
uttering	1
uttered	1
utter	1
utility	1
ut	1
usual	1
usher	1
used	1
usage	1
urticarian	1
url.m	1
upweu'd	1
uptorn	1
upshooting	1
upmosl	1
uplift	1
uphold	1
upbraids	1
upa	1
uod	1
unwreckl	1
unwise	1
unwind	1
unwillm	1
unwilling	1
unview'd	1
untried	1
untold	1
untempted	1
unsynipathising	1
unsympathising	1
unsuspicious	1
unsupper'd	1
unsubdued	1
unsteadiness	1
unsound	1
unslaiii	1
unskilled	1
unshell'd	1
unsad	1
unruly	1
unruffled	1
unretentive	1
unrest	1
unresign'd	1
unrequited	1
unregarded	1
unprized	1
unpleasant	1
unpinn'd	1
unobserved	1
unnoticing	1
unmiss'd	1
unlull'd	1
unless	1
universal	1
unity	1
united	1
unite	1
union	1
unintentional	1
uninipress'd	1
unhappy	1
unhanisht	1
unhand	1
ungrieved	1
ungracious	1
unglucksel'ger	1
ungenial	1
ungainly	1
unfurled	1
unfraternal	1
unforeseen	1
unfolded	1
unfold	1
unfledged	1
unfit	1
unfinisht	1
unfilled	1
unfettered	1
unfee'd	1
unfeatured	1
unfathomed	1
undulating	1
undream	1
undone	1
undertook	1
undertake	1
understands	1
understanding	1
undcterr'd	1
undazzled	1
uncovered	1
unconfined	1
unconcern	1
uncomfortable	1
unclouded	1
unclean	1
unclasped	1
unchid	1
uncheer'd	1
unchecr'd	1
unchangeable	1
unbroken	1
unbouxp	1
unbounded	1
unblemisht	1
unashamed	1
unappeased	1
unanimous	1
un	1
ultimate	1
ui«l	1
ugly	1
ubique	1
tyres	1
tyre	1
twould	1
twofold	1
twitterers	1
twitched	1
twist	1
twinkle	1
twinge	1
twilighl	1
tvesh	1
tutored	1
turvy	1
turk	1
tuned	1
tumulary	1
tumid	1
tumbled	1
tugging	1
tug	1
tt	1
tself	1
truths	1
trusty	1
trusting	1
trunk	1
truni	1
trump	1
truer	1
trod	1
triumphed	1
triumphant	1
trite	1
trifling	1
trifler	1
tries	1
trickled	1
tribute	1
trials	1
tresses	1
tremulously	1
tremulous	1
tremors	1
tremor	1
trembling	1
treats	1
treating	1
treat	1
treason	1
tread	1
treachery	1
traversed	1
travels	1
travelling	1
trashing	1
traps	1
trap	1
translate	1
transition	1
transforming	1
transformed	1
transcendent	1
tranquillity	1
tranquil	1
trampled	1
trails	1
trailing	1
trailed	1
trahunt	1
tragic	1
traditions	1
tracks	1
traced	1
trace	1
towns	1
towards	1
tournament	1
tough	1
touches	1
tottering	1
tossed	1
toss	1
tortured	1
torture	1
tormentor	1
tormented	1
tore	1
tor	1
topsy	1
topless	1
tools	1
tonight	1
tongue	1
tongs	1
tomorrow	1
tokens	1
toga	1
tly	1
tloor	1
tlnsc	1
tllk	1
tll'd	1
tlit.mii	1
tlio	1
tlic	1
tli	1
tlf	1
tle	1
tiptoe	1
tipsy	1
tins	1
tinkling	1
tiniest	1
tims	1
timidity	1
timid	1
timberyard	1
tim	1
tilted	1
tiller	1
tillage	1
tilings	1
tiling	1
tile	1
ticklish	1
ti	1
thunderous	1
thump'd	1
thump	1
thud	1
throttle	1
throngs	1
throng	1
throes	1
throbbing	1
throats	1
thriving	1
thrived	1
thrive	1
thrillm	1
threats	1
threadbare	1
thrall	1
thouirh	1
thoughtful	1
thoughl	1
thoroughly	1
thorny	1
thorn	1
thither	1
thirsty	1
thinks	1
thinkest	1
thicket	1
thicker	1
they're	1
therewith	1
therefrom	1
there'll	1
themis	1
theii	1
theban	1
thatched	1
thatch	1
thanksgiving	1
th"iv	1
th	1
tff	1
tf	1
tether	1
testudo	1
tested	1
terrified	1
terribly	1
terrible	1
terms	1
tepid	1
tenements	1
tendency	1
tended	1
tempting	1
tempter	1
tempted	1
temptation	1
temple	1
tempi	1
tempest	1
temper	1
tells	1
telling	1
teleology	1
teemed	1
tedious	1
teat	1
tearing	1
tearful	1
teardrops	1
tear	1
team	1
teahunt	1
tby	1
taxed	1
tawny	1
taut	1
tattle	1
tather	1
tate	1
tastes	1
tarried	1
tarns	1
tare	1
tapped	1
tanto	1
tamed	1
talons	1
tallest	1
talks	1
talking	1
talkers	1
tales	1
taketh	1
tackt	1
tackle	1
tables	1
t'erheard	1
system	1
sympathies	1
sympathetic	1
symbol	1
swung	1
swore	1
swords	1
sworded	1
swooning	1
swishings	1
swinish	1
swimmer	1
swiftly	1
swifter	1
swelled	1
sweets	1
sweeter	1
sweel	1
swayed	1
swarthier	1
swans	1
swampy	1
swammest	1
swallowed	1
swalh>w'd	1
sutlers	1
sustentation	1
sustained	1
sustain	1
suspicion	1
survivor	1
survives	1
surveyed	1
surprises	1
surpass	1
surmount	1
surfy	1
surfeit	1
supremacy	1
suppressed	1
suppress	1
support	1
superiority	1
superfluous	1
superfluity	1
supercilious	1
sunshine	1
sunless	1
sunken	1
sunder	1
sunc	1
sumctiinos	1
sully	1
suited	1
suffices	1
suffice	1
sufferings	1
sufferest	1
sufferers	1
suck	1
succour	1
successful	1
success	1
succeeds	1
succeeding	1
succeeded	1
subterranean	1
substance	1
subsiding	1
submit	1
submission	1
submarine	1
subjoin	1
subjection	1
subdue	1
stupendous	1
stumbling	1
stumble	1
strung	1
struggle	1
structure	1
stroke	1
strew	1
strenuous	1
streets	1
streams	1
streamlet	1
streaks	1
streak	1
straying	1
strayed	1
straw	1
strangely	1
straightforward	1
straddled	1
stowed	1
stoutest	1
storyteller	1
storms	1
stories	1
stores	1
store	1
stopping	1
stooping	1
stooil	1
stony	1
stolidity	1
stolid	1
stock	1
stnnk	1
stir	1
stinging	1
stillness	1
stilled	1
stick	1
stern	1
sterility	1
stepped	1
step	1
steeps	1
steep	1
steeds	1
stealthily	1
steals	1
stealing	1
steak	1
steadfast	1
staying	1
staunching	1
statues	1
statued	1
stationed	1
statesman	1
stateliest	1
stat	1
starveling	1
starved	1
starvation	1
starts	1
started	1
start	1
stared	1
stamping	1
stallion	1
stalks	1
stair	1
stains	1
stain	1
staid	1
stagnation	1
stagnant	1
staggerest	1
stage	1
stable	1
stability	1
stabbed	1
squirrel	1
squeak	1
spurts	1
spurted	1
spurn	1
spritely	1
springs	1
spray	1
sprawling	1
spouses	1
spotted	1
spotless	1
sport	1
spokes	1
spoiled	1
spoil	1
spluttering	1
spleen	1
splash	1
spittle	1
spite	1
spiril	1
spiral	1
spine	1
spikes	1
spider	1
spheres	1
spend	1
spell	1
speh'd	1
speeding	1
speechless	1
speculative	1
speculation	1
specular	1
spectral	1
specimens	1
special	1
speaks	1
spawn	1
spasms	1
sparrows	1
sparkles	1
spared	1
spanned	1
spanish	1
spain	1
spacious	1
soxo	1
soxg	1
sown	1
sovran	1
sovereigns	1
sovereign	1
south	1
souse	1
soured	1
source	1
soughing	1
sorry	1
sorrowful	1
sores	1
sordid	1
sop	1
sont	1
sonic	1
songsters	1
sonc	1
somnolence	1
somewhere	1
somebody	1
solace	1
soiled	1
soid	1
softly	1
softlier	1
soever	1
sod	1
society	1
sober	1
soars	1
soared	1
soaked	1
so-so	1
snmke	1
sniiicwliut	1
sniffd	1
sniff	1
snicker'd	1
sneered	1
sneer	1
snatched	1
snatch	1
snare	1
snapped	1
snakes	1
smx	1
smoothing	1
smoky	1
smell	1
smasht	1
smashing	1
smash	1
smarting	1
smart	1
smaller	1
smacked	1
smack	1
slush	1
slope	1
slobber'd	1
slits	1
slipping	1
slip	1
slink	1
slimy	1
slim	1
sliined	1
sliding	1
slices	1
slender	1
sleeve	1
sleepy	1
sleepiug	1
slayer	1
slaughter	1
slashing	1
slanting	1
skyward	1
skylark	1
skiu'.l	1
skirts	1
skilled	1
skill	1
skidl	1
situation	1
sitting	1
sirs	1
sinuous	1
sinner	1
sinking	1
singing	1
sinful	1
sinew	1
sin	1
simulate	1
simply	1
simplieius	1
simpleton	1
simpler	1
similitude	1
silvery	1
signs	1
significant	1
signed	1
sigil	1
sighm	1
sighl	1
sigh'st	1
sidling	1
sidled	1
sickly	1
sickened	1
si/j^crijicd	1
shyness	1
shuts	1
shunned	1
shun	1
shudder	1
shruggm	1
shrouds	1
shrink	1
shrill	1
shrieked	1
shriek	1
shrew	1
shown	1
shovd	1
shouting	1
shouldst	1
shoulders	1
shouldered	1
shorter	1
short-lived	1
shorn	1
shop	1
shoidders	1
shoe	1
shodden	1
shoals	1
sho	1
shire	1
shipwreck	1
ships	1
shipmen	1
shins	1
shines	1
shine	1
shifting	1
shifted	1
shift	1
shelves	1
shelters	1
shelter	1
shelf	1
sheets	1
sheeted	1
sheen	1
shed	1
sheathed	1
sheathe	1
shears	1
shearing	1
she'll	1
shavings	1
shaven	1
shards	1
shapelessness	1
sham	1
shalt	1
shallows	1
shallower	1
shaking	1
shakes	1
shaken	1
shaggy	1
shaft	1
shady	1
shadows	1
sex	1
seventy	1
settles	1
settle	1
servitors	1
serves	1
serpent	1
serious	1
sergeanl	1
sensuality	1
sensitive	1
sensations	1
seneca	1
sends	1
semi	1
semblance	1
selves	1
selfishly	1
self-interest	1
selection	1
seldom	1
seizure	1
seizing	1
seigneurs	1
seethed	1
sees	1
seemm	1
seeming	1
seekers	1
seedling	1
seed	1
seduction	1
sedgy	1
sedge	1
sedately	1
securely	1
secular	1
section'd	1
section	1
sec	1
season	1
searching	1
searched	1
sdence	1
scurvy	1
scurf	1
sculpturesque	1
sculptured	1
sculpture	1
sculptor	1
scrollwith	1
screwed	1
screen	1
screamed	1
scratched	1
scrapings	1
scraped	1
scowl	1
scorpions	1
scornfully	1
scoriae	1
scored	1
scold	1
schools	1
schoolmaster	1
schooled	1
schoolboy	1
schist	1
schiller	1
scheherazade	1
sceptred	1
scenting	1
scent	1
scem'd	1
scci1	1
scatters	1
scattering	1
scattered	1
scarred	1
scarde	1
scaped	1
scandalised	1
scandal	1
scamperm	1
scaly	1
says	1
sayest	1
saving	1
sauntering	1
sauntered	1
saturnian	1
satisfy	1
satanic	1
sap	1
sans-souci	1
sands	1
sandgrain	1
sanctuary	1
sanction	1
samples	1
salutation	1
salted	1
sallow	1
sallies	1
saliva	1
saints	1
saint	1
sailed	1
sages	1
sadness	1
saddest	1
saddened	1
sacred	1
sack	1
rv	1
ruts	1
rustling	1
rusted	1
rust	1
rushes	1
rural	1
rung	1
rumoured	1
rumour	1
rummaged	1
ruminating	1
rumbling	1
ruler	1
ruled	1
ruins	1
ruinirj	1
ruhh'd	1
rued	1
rubbing	1
rubbed	1
rub	1
royster	1
royalty	1
rowers	1
routine	1
rout	1
roughen	1
rough'd	1
rotting	1
rot	1
rosin	1
rosebush	1
rosary	1
roped	1
roots	1
rooms	1
roni'he	1
romantic	1
roman	1
rogues	1
rode	1
rod	1
rockt	1
rocks	1
robed	1
robbery	1
robbed	1
rob	1
roams	1
roamed	1
roads	1
rny	1
rnst	1
rivulets	1
rivulet	1
rivers	1
riven	1
rivals	1
risked	1
ripples	1
ripen	1
rinsings	1
ringlets	1
ringleader	1
ring	1
rigidity	1
ridges	1
rid	1
rickety	1
richly	1
rhenish	1
rewarded	1
reward	1
revolutionist	1
revolutionary	1
revoke	1
revives	1
reverse	1
reverent	1
revered	1
revere	1
revelry	1
revel	1
reveals	1
returns	1
returneth	1
retrospective	1
retrieved	1
retreated	1
retrace	1
retching	1
retaliate	1
retainer	1
restrained	1
restoration	1
resting-place	1
responsive	1
responsibility	1
response	1
responded	1
respecting	1
respected	1
respectabilities	1
resolving	1
resignation	1
residue	1
residt	1
resides	1
resenting	1
rescued	1
reputations	1
reputation	1
republic	1
reprieved	1
repressed	1
represent	1
report	1
replenish	1
repent	1
repeated	1
repair	1
rent	1
renovate	1
renounce	1
reniain'd	1
renewed	1
renerals	1
rendered	1
remote	1
remorsefully	1
remorse	1
remonstrance	1
remembers	1
remarks	1
remark	1
reluctant	1
relished	1
relish	1
relief	1
relentless	1
releast	1
releasing	1
relays	1
relapse	1
rel.el	1
rejoicing	1
rejected	1
reiterated	1
reinstated	1
reign	1
rehuff	1
regularly	1
regrets	1
regnant	1
regardlessly	1
regardless	1
regarded	1
refute	1
refuses	1
refused	1
refund	1
reft	1
reforming	1
reformers	1
reflex	1
reflect	1
refined	1
reference	1
reeking	1
reek	1
reefs	1
reeds	1
reechoes	1
redeemed	1
reddened	1
recurrence	1
rectify	1
recovering	1
recovered	1
recover	1
recount	1
recollection	1
recoiled	1
recognise	1
reckon	1
receives	1
recapture	1
recalling	1
recalled	1
rebuke	1
rebuflf	1
rebuff	1
rebounding	1
rebaptiscd	1
reat	1
reasons	1
reared	1
really	1
reality	1
realised	1
realise	1
ready	1
readjusting	1
razor	1
ravisher	1
ravished	1
rattling	1
rattle	1
ratione	1
rate	1
rashly	1
rascals	1
rarely	1
rapturous	1
raptures	1
rapid	1
ransom	1
ransack	1
ranks	1
rank	1
rangej	1
ranged	1
ramparts	1
rambled	1
ram	1
raked	1
rake	1
raises	1
rained	1
rag	1
rae	1
radical	1
radiant	1
radiance	1
raced	1
rabbits	1
r.vnt	1
quotidian	1
quoted	1
quotation	1
quizzical	1
quit	1
quique	1
quintessence	1
quickly	1
quickening	1
quickened	1
questioner	1
questionable	1
query	1
queenly	1
quashing	1
quarrel	1
quails	1
putting	1
puss	1
pushing	1
pursuit	1
pursuing	1
pursue	1
purses	1
purse	1
punishable	1
punish	1
punched	1
pump	1
pulsation	1
pulled	1
puffy	1
puddle	1
prurient	1
prudent	1
prudenl	1
proximity	1
provincial	1
provinces	1
provided	1
protested	1
protected	1
prostrate	1
prospers	1
prospects	1
prosecutor	1
prose	1
propriety	1
proposed	1
prophetic	1
prophet	1
property	1
proofs	1
pronounces	1
promoting	1
promoted	1
prometheus	1
promenade	1
proloiig'd	1
prologue	1
prolific	1
progeny	1
profusion	1
profoundly	1
proffer	1
profession	1
profaning	1
profaned	1
prodigious	1
proclamations	1
proclaims	1
problem	1
prixted	1
prison	1
priori	1
princes	1
prime	1
primal	1
primaeval	1
priest	1
pricked	1
prick	1
price	1
previous	1
prevention	1
prevenl	1
prevails	1
pretend	1
pretence	1
pressing	1
president	1
prescient	1
prepossession	1
preparation	1
premises	1
prelude	1
preliminary	1
prejudice	1
predominant	1
precision	1
precisely	1
precise	1
precipitous	1
precious	1
precincts	1
precept	1
preach	1
prayer	1
prayed	1
prattling	1
pranksome	1
praises	1
practical	1
powder	1
pounded	1
pounce	1
poulterer	1
pots	1
pot	1
posy	1
postmaster	1
posteriori	1
postboy	1
possible	1
possibility	1
possessor	1
possesses	1
portraiture	1
portcullis	1
portals	1
pore	1
porches	1
porch'd	1
por	1
poorer	1
pooh	1
ponder	1
pond	1
pompous	1
poltroons	1
poll	1
polestar	1
pole	1
poisoned	1
pointed	1
poets	1
poesy	1
pocket	1
ply	1
plunip	1
plunged	1
plumps	1
plumes	1
plucked	1
plucfc	1
ploughman	1
plot	1
plodders	1
plight	1
pliers	1
pliant	1
plentiful	1
plenteous	1
pledge	1
pleasures	1
pleasurably	1
pleases	1
plea	1
playful	1
plausible	1
plant	1
planned	1
plaintive	1
pivot	1
pitiable	1
piteous	1
pitchers	1
pistol	1
pips	1
piped	1
pious	1
pinned	1
pinnacled	1
pinions	1
pined	1
pincht	1
pinching	1
pillows	1
pillar	1
pilgrimage	1
pilgrim	1
pigeons	1
piercing	1
pieces	1
pidses	1
picturesque	1
philosophising	1
philosopher	1
philax	1
pettifogging	1
petals	1
perused	1
pert	1
persuasive	1
persuasion	1
persuaded	1
perseus	1
perquisite	1
perpeti	1
permission	1
perishl	1
perishing	1
perished	1
perilous	1
perforce	1
perfectly	1
perfection	1
perexxius	1
perehm	1
perch	1
perceptible	1
peoples	1
penthouse	1
pent	1
penn'orth	1
pendulum	1
pelf	1
pekennixjs	1
pegs	1
peerless	1
pedigree	1
peasants	1
pcarc	1
paved	1
paused	1
pause	1
pats	1
patronage	1
patriot	1
patricians	1
patiently	1
pathways	1
pathway	1
pathless	1
pathetic	1
patch	1
pat	1
pastures	1
pasture	1
pastime	1
passions	1
passeth	1
passers	1
passer	1
passenger	1
pasl	1
pasht	1
pashing	1
parturient	1
partisans	1
parted	1
parrol	1
parricide	1
parliamentary	1
paris	1
parental	1
pardoned	1
pardon	1
parcht	1
parching	1
parapets	1
parapet	1
paralytic	1
paradox	1
parade	1
pantry	1
pant	1
panic	1
pan	1
palsied	1
palpitating	1
palpitant	1
palled	1
pallas	1
palaces	1
paix	1
painful	1
pads	1
pack't	1
pack	1
pacified	1
paces	1
paced	1
pace	1
pabt	1
paavs	1
p/his	1
oyster	1
ox	1
owed	1
owe	1
ovidian	1
overwhelming	1
overtop	1
overtook	1
overthrower	1
overthrow	1
overthrew	1
overspread	1
overnight	1
overlooked	1
overhasty	1
overflows	1
overcomes	1
overcame	1
overboard	1
ovation	1
outline	1
outlet	1
outleapt	1
outlasting	1
outfidgeted	1
ourselves	1
ours	1
oung	1
oul	1
ou	1
otherwhere	1
osier	1
orphans	1
ornaments	1
ornamented	1
original	1
orgies	1
organised	1
organ	1
ore	1
ordures	1
ordained	1
orchard	1
orbits	1
orators	1
orator	1
oration	1
oracle	1
optic	1
oppressor	1
oppressed	1
oppress	1
opposition	1
opposed	1
opinions	1
opens	1
opening	1
opened	1
oped	1
oozing	1
ooze	1
ontil	1
omne	1
olympian	1
older	1
old-fashioned	1
oil	1
oi	1
ofttimea	1
oflove	1
offered	1
offer	1
offensive	1
offended	1
offence	1
offal	1
odds	1
occurred	1
occupations	1
obstinate	1
observing	1
observed	1
obsequious	1
obscurity	1
obscurest	1
obscurely	1
obscene	1
obortus	1
objection	1
obeym	1
obeyed	1
oath	1
oara	1
oamely	1
oaks	1
o'erweening	1
o'erpowering	1
o'erhover	1
o'ei	1
nutshell	1
nursling	1
nursed	1
number	1
ntor	1
nto	1
nsensible	1
nowhere	1
novel	1
nourishing	1
noue	1
notions	1
nothings	1
noted	1
notches	1
notably	1
nostril	1
nose	1
north	1
nonsense	1
nonce	1
nolnd	1
nolentem	1
noi	1
nobody	1
noblest	1
nobleness	1
nobility	1
nl	1
nioan'd	1
nine	1
nimbly	1
nile	1
nil	1
nigritious	1
nibbled	1
newly	1
nevertheless	1
netted	1
nests	1
nestles	1
nesl	1
nervously	1
nerves	1
nemesis	1
neighbourhood	1
neighbour	1
neglect	1
needless	1
nearest	1
nearer	1
natation	1
nasty	1
nastiness	1
napkin	1
namesake	1
nameless	1
nails	1
nail	1
n"i	1
myth	1
myriads	1
mv	1
mutually	1
mutual	1
mutter	1
mutes	1
musl	1
musingly	1
musician	1
museum	1
mus	1
murtherous	1
murmuring	1
murders	1
murderess	1
murder	1
murals	1
mundud	1
mundits	1
mundas	1
mumbling	1
mumbled	1
multitudes	1
multitude	1
mule	1
muddle	1
mtn	1
ms	1
mpofhelll	1
moves	1
movements	1
movement	1
move	1
mouthing	1
mouthed	1
moustache	1
mountaintops	1
mouldering	1
mould	1
motive	1
motherly	1
moses	1
morsels	1
morrow	1
morose	1
morns	1
moriar	1
moreover	1
morals	1
moorland	1
moor	1
moody	1
moods	1
monumextum	1
monumentum	1
monuments	1
montjmenttjm	1
months	1
montague	1
mont	1
monstrous	1
monsters	1
monster	1
monsieur	1
monnhram	1
monl	1
monkey	1
monitory	1
momi	1
moments	1
momently	1
momenl	1
moi	1
modern	1
mockingly	1
mocker	1
mobs	1
mob	1
moaned	1
mm	1
ml'i'iisivc	1
mke	1
mistress	1
mistaken	1
mistake	1
misspent	1
missing	1
misshapen	1
misses	1
misruled	1
misknown	1
misjudge	1
misery	1
miserably	1
misdemeanours	1
misdeeds	1
misdeed	1
mischiefs	1
mischief	1
misbegotten	1
misappreciated	1
miry	1
mirtli	1
mirror	1
minuet	1
minster	1
minor	1
ministers	1
minim	1
mingled	1
mingle	1
minerals	1
mineral	1
million	1
miller	1
mill	1
milk	1
military	1
mile	1
milder	1
mil	1
miiis	1
mightiest	1
mightier	1
midsummer	1
midst	1
middle	1
mid	1
miction	1
mia	1
mewhat	1
meteor	1
metaphysical	1
metamorphosed	1
messengers	1
mess	1
merriest	1
merlin	1
merits	1
merited	1
mercury	1
mercies	1
merchant	1
mending	1
mend	1
memnonian	1
melted	1
melody	1
melodies	1
meets	1
meetings	1
medusa	1
mechanics	1
measuring	1
measureless	1
measured	1
meadows	1
meadow	1
mcndy	1
mbunl	1
mazy	1
mayest	1
maxim	1
mauled	1
matted	1
maternity	1
materialist	1
masterstroke	1
masters	1
masterpieces	1
mastered	1
mastee	1
masses	1
mask	1
masht	1
marvellous	1
martin	1
married	1
mariner	1
march	1
maple	1
manufacturer	1
manufactory	1
manners	1
manner	1
managed	1
mamelon	1
mamelary	1
mallei	1
malignant	1
maledictions	1
malediction	1
maker	1
majority	1
majesty	1
mais	1
mairn'd	1
maimed	1
mail	1
maidens	1
maid	1
magnfflco	1
magician	1
magic	1
maggots	1
maggot	1
magazines	1
madman	1
madi	1
maddened	1
madcap	1
madam	1
mack	1
machine	1
lyrist	1
lyre	1
lying	1
lxtiionrctoky	1
luxuriously	1
lux	1
lut	1
lustres	1
lustily	1
lust	1
lurks	1
lurking	1
lurk	1
lures	1
lupus	1
lupine	1
lump	1
lumbering	1
luckily	1
luckier	1
lubricated	1
luadti	1
lt	1
lowly	1
lowliest	1
lowland	1
lowers	1
loving	1
loves	1
lovers	1
lovely	1
lovelinesses	1
loveliness	1
lounged	1
loudly	1
loth	1
loosening	1
loosened	1
looking	1
longings	1
longing	1
longest	1
london	1
lolling	1
lol	1
loiterer	1
loftiness	1
lodging	1
lockt	1
loathed	1
loads	1
ln's	1
lmllow	1
llutter'd	1
llnu	1
llising	1
llay'd	1
llatter'd	1
llaroun	1
ll"v>	1
ll	1
livid	1
liveried	1
livelihood	1
livelier	1
lithe	1
listless	1
listeners	1
listened	1
listen	1
lire	1
liquid	1
lioness	1
lio	1
lint	1
link	1
lingers	1
linger	1
lind	1
limned	1
lily	1
lilt	1
lilr	1
lille	1
likely	1
liil	1
lii'edon^	1
lightnings	1
lightning	1
lifts	1
lifeblood	1
liest	1
lied	1
lids	1
licked	1
licence	1
lice	1
liberty	1
libertines	1
libertine	1
liberal	1
libellous	1
lew	1
levity	1
letter	1
lethargy	1
lesser	1
lepends	1
leones	1
lent	1
lengthen	1
lei	1
legion	1
legends	1
legal	1
leavings	1
leaved	1
leather	1
leasts	1
learning	1
leapt	1
leaping	1
leans	1
leaned	1
leailet	1
leaflets	1
leaflet	1
leafless	1
leaflel	1
leads	1
le	1
ld	1
lays	1
laymen	1
lawyer	1
lawns	1
lave	1
laurel	1
launched	1
laugheth	1
latest	1
later	1
lately	1
lasting	1
lasl	1
larder	1
lard	1
lapsed	1
lapping	1
languor	1
languish	1
landsmen	1
lands	1
landlord	1
lamp	1
lamentation	1
lame	1
lallops	1
lak'd	1
lair	1
lain	1
lai'.les	1
lags	1
lager	1
laconically	1
lacking	1
lackeys	1
lackey	1
l.iijlii	1
l'nss	1
l'l.mk	1
l'.y	1
l'.umpt	1
l!y	1
kowbeit	1
koine	1
knowledge	1
knowest	1
know'st	1
knitting	1
knit	1
knight	1
knife	1
knees	1
kneeling	1
kneading	1
knck	1
kmini't	1
kit.kmtas	1
kissed	1
kinsman	1
kinn'd	1
kings	1
kingdoms	1
kine	1
kin	1
kii.knitas	1
kid	1
kicked	1
key	1
kettle	1
kesponded	1
kennel	1
ken	1
keli	1
keener	1
kcase	1
kan	1
kame	1
k	1
jvondum	1
jut	1
justly	1
justle	1
jurymen	1
juror	1
jurisdiction	1
jupiter	1
junip'd	1
jumped	1
jumble	1
juicy	1
judicious	1
judgments	1
judging	1
judgeth	1
judge	1
juanic	1
juan	1
jstaught	1
jssly	1
joyous	1
journeys	1
joined	1
job	1
jn"o	1
jigs	1
jharm'd	1
jewels	1
jetty	1
jet	1
jesu	1
jelly	1
jeke	1
jeer	1
jealousy	1
jay	1
jaws	1
javelin	1
jacet	1
jabber'd	1
j8g<	1
j'nfii	1
j'elvhm	1
i»y	1
iw	1
ivory	1
iven	1
iuliath	1
iu'iicath	1
itching	1
italy	1
istow	1
isto	1
issue	1
isolated	1
isles	1
island	1
isi	1
ish	1
irruption	1
irritation	1
irresistibly	1
iommission'd	1
invoke	1
invite	1
invincible	1
inverted	1
invention	1
invented	1
invade	1
intuition	1
intruders	1
introduce	1
intrigue	1
intimate	1
intervention	1
intervals	1
interrupted	1
interposition	1
interposed	1
interest	1
interesl	1
intellects	1
intact	1
insurgent	1
insubordinate	1
instrument	1
inspired	1
inspection	1
insolent	1
insignificance	1
insects	1
inquisitorial	1
inquisitive	1
innovation	1
inmates	1
inllamed	1
inland	1
injustice	1
iniquitous	1
inheritance	1
inherit	1
inherent	1
inhabits	1
ingeniously	1
informed	1
influence	1
infirmities	1
infirm	1
infest	1
infernal	1
infatuating	1
infallibly	1
inert	1
indulgence	1
indivisible	1
indignation	1
indignant	1
indifferent	1
indication	1
indians	1
indecision	1
incurious	1
incumbent	1
increased	1
incomplete	1
incompatible	1
incomparable	1
incommoded	1
incognito	1
inclines	1
inclined	1
incline	1
inclination	1
incipit	1
incapable	1
inborn	1
in/hunt	1
impulsive	1
imprudently	1
imprudence	1
improve	1
imprisonment	1
imprisoned	1
imprison	1
impressive	1
impression	1
impressed	1
impress	1
impoverisht	1
impotenl	1
impostor	1
impossible	1
imposes	1
imposed	1
importunate	1
implomat	1
impish	1
impertinently	1
imperative	1
impending	1
impels	1
impelled	1
impel	1
immortalised	1
immemorial	1
immeasurable	1
immaculate	1
imitate	1
imagining	1
imagine	1
images	1
im	1
ilood	1
illimitable	1
ill-fated	1
ilesh	1
ileccy	1
ileas	1
il	1
ik	1
iixt	1
iiut	1
iittest	1
iimst	1
iimi	1
iill'd	1
iienew'd	1
iich	1
ii.l	1
ih	1
ignotum	1
ignore	1
ignorant	1
ignorance	1
ignoble	1
ign	1
ifalf	1
idol	1
idly	1
idler	1
idiot	1
idem	1
ideal	1
icily	1
ichneumons	1
ich	1
ice	1
i'rolon^'d	1
i'on	1
i'ollow'd	1
i'n.sullii'd	1
i'iei	1
i'awn'd	1
i'.ut	1
i'.aseborn	1
hymn	1
hutton	1
hustle	1
hurts	1
hurtful	1
hurt	1
hurst	1
hurry	1
hurling	1
hunters	1
hun	1
humours	1
humming	1
humiliated	1
humbug	1
humble	1
hum	1
hulk	1
hug	1
huff	1
hubbub	1
ht.nes	1
hrllyfuls	1
hox	1
hows	1
howl	1
howe	1
hovers	1
housetops	1
houses	1
householder	1
hounded	1
hough	1
hosts	1
hostile	1
hostel	1
hospitable	1
hoses	1
horrid	1
horns	1
horae	1
hopes	1
hopelessly	1
hood	1
honourable	1
honestly	1
honesl	1
honesi	1
honed	1
homint	1
homeward	1
homepjdes	1
homely	1
homeless	1
hollowness	1
holiday	1
hogs	1
hoese	1
hoary	1
hoard	1
hoar	1
hlighfeil	1
hitting	1
hissing	1
hissed	1
hirn	1
hiring	1
hire	1
hinij	1
hillsides	1
highness	1
highland	1
highdioni	1
highbred	1
hies	1
hides	1
hide	1
hi'lp	1
hewn	1
het	1
hesperides	1
hesitation	1
hesitated	1
heroic	1
herds	1
herbage	1
heralds	1
hemlock	1
hemispheres	1
helpmate	1
helped	1
heixe.*	1
heinrich	1
heights	1
heen	1
heechen	1
hedge	1
heaviness	1
heavily	1
heaved	1
heath	1
heartily	1
hears	1
hearl	1
heaps	1
heaped	1
heals	1
healing	1
heal	1
heak	1
heads	1
headlong	1
hawk	1
haven	1
haunting	1
haulk'd	1
hatter	1
hater	1
hastily	1
hastened	1
hart	1
harrowed	1
harnessed	1
harness	1
harmonise	1
harmed	1
harm	1
harks	1
hark	1
hares	1
harder	1
happily	1
happening	1
happ	1
hanks	1
hank	1
hangs	1
handed	1
han	1
hammers	1
hal	1
hakes	1
haired	1
hailed	1
hah	1
habitudes	1
gutter	1
gusty	1
gust	1
gushing	1
gush	1
gurgle	1
guns	1
gulden	1
guilty	1
guiding	1
guides	1
guest	1
guerdon	1
guarding	1
guarded	1
guaranteed	1
grumbled	1
grumble	1
grudges	1
grubs	1
growth	1
grovelling	1
grooms	1
groans	1
groaning	1
gritty	1
grit	1
grimy	1
grimed	1
grill	1
griding	1
gregarious	1
greeting	1
greek	1
greatly	1
greatest	1
greasy	1
greased	1
grease	1
grazing	1
gravity	1
graven	1
graved	1
gravamen	1
gratulate	1
gratis	1
grates	1
grasses	1
grasping	1
grants	1
grandseval	1
grand	1
gradually	1
gracing	1
graceful	1
government	1
gout	1
gourmandise	1
gotten	1
gothic	1
gorge	1
goodbye	1
good-natured	1
gohlen	1
godlike	1
goats	1
goat	1
goading	1
gnaw	1
gnasht	1
glutinous	1
glut	1
glovd	1
glossy	1
gloomy	1
glooms	1
gloloes	1
globe	1
glittered	1
glistening	1
glimpses	1
glimpsed	1
glided	1
glebe	1
gleaming	1
glared	1
glare	1
glade	1
gladdened	1
girl	1
girdled	1
gilt	1
gigantic	1
gifts	1
gifi	1
giddy	1
giants	1
ghostly	1
ghost	1
gettings	1
gets	1
genuine	1
genius	1
genera	1
gendered	1
gazes	1
gathered	1
gate	1
gasps	1
gasped	1
gashed	1
garlands	1
garish	1
gardens	1
gapes	1
gaped	1
gaol	1
gan	1
games	1
game	1
galloping	1
galloped	1
gallopading	1
gallery	1
gallant	1
gall	1
gaily	1
gadfly	1
gadding	1
ga/e	1
futile	1
furry	1
furnished	1
furled	1
fungus	1
fulsome	1
fully	1
fullness	1
fuimm	1
fugitive	1
fry	1
fruitless	1
fruition	1
froze	1
frothy	1
frosty	1
frost	1
frontiers	1
frontal	1
frogs	1
fro	1
frmn	1
frisked	1
fringes	1
fringe	1
frieze	1
freshness	1
freshly	1
frenzy	1
freezingly	1
freeze	1
freeborn	1
fray	1
fraught	1
frank	1
france	1
fragrant	1
fragment	1
fowl	1
fount	1
founded	1
foundations	1
foundation	1
fotiml	1
fortunate	1
fortnight	1
fortified	1
forthwith	1
fort	1
forsaken	1
formless	1
formidably	1
formed	1
forlorn	1
fori	1
forgone	1
forges	1
forged	1
forge	1
forgave	1
forewent	1
foresee	1
forepaws	1
foreknew	1
foreheads	1
forecast	1
forebodings	1
forcible	1
forces	1
forbid	1
footstool	1
footstep	1
footsore	1
foom	1
follows	1
foliation	1
foliaged	1
foiled	1
foigel	1
foi	1
foamy	1
flyblown	1
flutter	1
flung	1
fluffy	1
fluent	1
fluctuating	1
flows	1
flowm	1
flowery	1
flowering	1
floweret	1
flowed	1
flourished	1
flourish	1
floundering	1
flounced	1
flopp'dj	1
flop	1
flocks	1
flints	1
flinch	1
fliea	1
flexile	1
fleets	1
fleeting	1
fleet	1
fleeces	1
flaw'd	1
flattering	1
flatterers	1
flatter	1
flanks	1
flaming	1
flamen	1
flake	1
flagitious	1
fl	1
fixing	1
five	1
fittings	1
fitting	1
fittest	1
fitted	1
fissures	1
fissure	1
fishy	1
fishing	1
fished	1
firstborn	1
fires	1
firelight	1
fired	1
fir	1
finish	1
finget	1
finest	1
finer	1
fined	1
films	1
fills	1
filiation	1
filch'd	1
filch	1
figures	1
figured	1
figure	1
fifty	1
fiercer	1
fields	1
fidget	1
fiction	1
fiaw'd	1
fever	1
fetters	1
fetched	1
festal	1
fervour	1
fens	1
fenny	1
fennel	1
fenced	1
female	1
felonious	1
felon	1
fellows	1
fellowmen	1
fellow-creature	1
felled	1
feigned	1
fehip	1
fees	1
feelers	1
feei	1
feed	1
feeble	1
featureless	1
feathery	1
feathered	1
feather	1
feat	1
fears	1
fearless	1
fe	1
fcravell'd	1
fciedlander	1
fcho	1
fawning	1
favouring	1
favoured	1
faulks	1
fattened	1
fatten	1
fatiguingly	1
fatigued	1
fates	1
fatality	1
faster	1
fashions	1
fashion	1
farmward	1
farmer	1
farewell	1
fantastically	1
fans	1
fangs	1
fancies	1
fan	1
famisht	1
familiar	1
famed	1
faltered	1
falter	1
fallacies	1
fal'.lks	1
fajble8	1
faithfully	1
fairy	1
fairest	1
fainted	1
failing	1
faijlks	1
fai'.lf.s	1
faggots	1
fading	1
faded	1
fad	1
fabulous	1
fabulist	1
fablks	1
fa	1
eyne	1
eyesweep	1
eyesore	1
eyelids	1
eyelid	1
exulting	1
exultation	1
extremity	1
extinguish	1
external	1
extant	1
exquisitely	1
exquisite	1
express	1
expound	1
expired	1
experiences	1
experienced	1
expense	1
exists	1
existed	1
exhibition	1
exhibited	1
exerting	1
excursion	1
exclaiming	1
exceptions	1
excel	1
examples	1
exalted	1
exalt	1
ex	1
evil	1
evet	1
eves	1
evening	1
evaporated	1
eureka	1
eternities	1
eternitas	1
etemember'd	1
estates	1
estate	1
established	1
est	1
escaping	1
escaped	1
erudition	1
eruca	1
ergotistical	1
erect	1
er	1
epos	1
epitaph	1
epicure	1
eoyal	1
eovera	1
eose	1
eor	1
eoll'd	1
eock	1
environ	1
envious	1
envies	1
enviably	1
envenomed	1
entum	1
entry	1
entranced	1
entirely	1
enthusiastic	1
enterprise	1
entails	1
enslaved	1
enslave	1
enshrine	1
enlisted	1
enjoyment	1
enjoy	1
enihodied	1
enigmas	1
engrave	1
engine	1
ended	1
encumbered	1
encroacheth	1
encouragingly	1
enclosing	1
enchanting	1
emptiness	1
employs	1
employ	1
empires	1
emotions	1
emmets	1
emerald	1
embryon	1
embracing	1
embody	1
embittered	1
embark	1
elves	1
elucidate	1
elsewhere	1
eloquently	1
eloquent	1
eloquence	1
ellees	1
ell	1
elephantine	1
elephant	1
elements	1
elegy	1
elect	1
eld	1
ejection	1
ejected	1
ejaculation	1
eifl	1
eidiculous	1
eia	1
efsteak	1
efficient	1
effects	1
efface	1
eeveals	1
eeserve	1
eery	1
eepentant	1
eemain'd	1
eego	1
eebel	1
eeach	1
edified	1
edge	1
eden	1
ed	1
ecstasy	1
echoed	1
eath	1
eastern	1
eased	1
earthward	1
earn	1
early	1
earliest	1
earlier	1
eaply	1
eail'd	1
eai	1
eaglet	1
eagles	1
eaeh	1
eack'd	1
dwindled	1
dwellings	1
dwellf.r	1
dwellers	1
dweller	1
duteous	1
during	1
durable	1
dungeon	1
dung	1
dump	1
dumitt	1
dulls	1
dullest	1
dug	1
due	1
dubious	1
drunk	1
drum	1
drownd	1
drought	1
droopt	1
drooping	1
droll	1
drives	1
driver	1
drips	1
dripp'd	1
drip	1
drink	1
dressed	1
drear	1
dreamer	1
dreadful	1
drawn	1
drave	1
draught	1
drags	1
doze	1
dows	1
downward	1
downhill	1
downfall	1
downcast	1
dower	1
dove	1
doubts	1
doubtful	1
doom	1
don	1
domo	1
doings	1
dogstar	1
doe	1
doctrines	1
doctrine	1
doctrinaire	1
docp	1
dnee	1
dn.ce	1
dizzily	1
diving	1
dived	1
disturbed	1
disturb	1
distortion	1
distinguishable	1
distances	1
dissevered	1
disquiet	1
dispossessed	1
disport	1
disobliging	1
disobeyed	1
dismissal	1
dismay	1
disliked	1
disinclined	1
dishonoured	1
disgust	1
disgusi	1
disguised	1
disgraced	1
disembodied	1
disdainful	1
disdained	1
discuss	1
discriminate	1
discreet	1
discreditable	1
discovery	1
discordantly	1
discontented	1
disciples	1
dirt	1
directions	1
direct	1
diplomatist	1
diplomat	1
dint	1
dined	1
dimity	1
dilleivnt	1
digestible	1
digested	1
differing	1
differenl	1
dies	1
dice	1
dialects	1
diadem	1
di'ini	1
dewy	1
dewdrop	1
dew	1
devours	1
devouring	1
devoured	1
devotion	1
devoted	1
devote	1
devising	1
devious	1
devilish	1
devastating	1
detestable	1
determined	1
detected	1
detect	1
details	1
detail	1
destiny	1
destination	1
despots	1
despot	1
despise	1
desperately	1
desperate	1
despairs	1
desolation	1
desired	1
deserts	1
desertion	1
deserting	1
deseri	1
descried	1
descent	1
descended	1
descend	1
deputation	1
depraving	1
depending	1
departing	1
depart	1
dens	1
denounced	1
denizens	1
denizen	1
denied	1
den	1
demurest	1
democracy	1
demi	1
demeanour	1
demand	1
delusion	1
dell	1
deliverer	1
deliver	1
delicately	1
delay	1
deigned	1
degree	1
degenerate	1
defy	1
defrauded	1
definite	1
defiled	1
defiantly	1
defiance	1
deference	1
defence	1
defeated	1
defamation	1
deern'd	1
deer	1
deeps	1
deepen	1
deems	1
deeming	1
deem	1
decoys	1
decorums	1
decorated	1
declined	1
declared	1
deck	1
decide	1
deceives	1
deceit	1
decay	1
debt	1
debauchery	1
debated	1
debanm	1
deathcry	1
deathbed	1
dealt	1
deals	1
deal	1
deag	1
deadliest	1
daughters	1
dates	1
dated	1
dash't	1
dartlike	1
darted	1
darkens	1
darest	1
dares	1
dared	1
dangerous	1
dandling	1
dancing	1
damped	1
damnations	1
damnation	1
dames	1
damages	1
damage	1
daiken'd	1
daggers	1
cy	1
curving	1
curves	1
curtains	1
cursing	1
curses	1
cursed	1
cured	1
cup	1
culminating	1
crystals	1
crystallisation	1
cruslit	1
crushes	1
crush	1
crunching	1
crumpled	1
cruelties	1
crucified	1
crows	1
crowning	1
crowed	1
crowds	1
crouches	1
crouched	1
crosswise	1
crossing	1
crops	1
cronies	1
crocodile	1
croak	1
critical	1
creviced	1
crevice	1
creeps	1
creep	1
creeks	1
creator	1
creating	1
created	1
create	1
creast	1
cream	1
creaking	1
creak	1
crawled	1
craven	1
crave	1
crater	1
crashed	1
crammed	1
crafty	1
craftsman	1
cpuick	1
coz	1
cowl	1
cowering	1
cower	1
cowed	1
cowardly	1
cousins	1
courtyard	1
courtier	1
courses	1
counting	1
countenances	1
counted	1
counsels	1
counselled	1
couldst	1
coukl	1
couhl	1
cough	1
couched	1
costs	1
costly	1
cospetto	1
cosier	1
corvine	1
corpse	1
corporeal	1
corporations	1
corporation	1
coronal	1
cornice	1
corners	1
cornered	1
corner	1
cordially	1
cord	1
cooks	1
cook	1
convulsed	1
convincing	1
conviction	1
converted	1
conversing	1
contusion	1
contrive	1
contrivance	1
contrition	1
contour	1
continued	1
continual	1
contestation	1
contest	1
contents	1
contentment	1
contending	1
contemptuously	1
contemptuous	1
contemptible	1
contemplative	1
contemplated	1
contact	1
consummate	1
constrained	1
constitutions	1
constituted	1
consternation	1
constable	1
conspired	1
consign	1
considering	1
consideration	1
conquest	1
conquerors	1
conqueror	1
conquered	1
conlliet	1
conjugally	1
conjoined	1
conies	1
confused	1
confound	1
conflicts	1
conflicting	1
conflagration	1
confirm	1
configuration	1
confident	1
confidence	1
confide	1
confession	1
confessing	1
conferred	1
confabulation	1
condemned	1
condemn	1
condamne	1
conclusive	1
conclusion	1
concerning	1
conceptions	1
conceive	1
conceit	1
conceal	1
comprise	1
comprehensive	1
composition	1
comport	1
completed	1
complaints	1
complained	1
complacently	1
competed	1
compensation	1
compensate	1
comparison	1
comparatively	1
companions	1
community	1
commonwealths	1
commonplaces	1
commiseration	1
comment	1
commended	1
commemorated	1
commanded	1
command	1
comlt'innm	1
comfortably	1
comet	1
combining	1
columns	1
colours	1
colourm	1
collapsing	1
cogitate	1
coaxed	1
coachman	1
co	1
clutching	1
clutch	1
clump	1
cloves	1
cloudlets	1
clouded	1
clots	1
clothed	1
cloth	1
clot	1
closing	1
closer	1
cloistered	1
clogged	1
clirnb'd	1
clinics	1
clings	1
climate	1
clierisli'd	1
client	1
click	1
clever	1
clerk	1
clerics	1
clenched	1
cleared	1
cleanliness	1
clause	1
classic	1
class	1
claspt	1
clasht	1
clash	1
clans	1
clamour	1
clamher'd	1
clack	1
cjadhy	1
civil	1
citizen	1
cities	1
cire/i*	1
circumstance	1
circumspection	1
circumbendibus	1
circulation	1
circuit	1
ciitcs	1
cigar	1
christian	1
chrism	1
chosen	1
choral	1
choosing	1
chooseth	1
choking	1
chin	1
chimney	1
chiming	1
chimborazo	1
chilling	1
chiefs	1
chiding	1
cherishcth	1
cheerful	1
cheered	1
cheek'd	1
cheek	1
checking	1
cheats	1
cheating	1
cheat	1
cheapest	1
cheap	1
chcrish'd	1
chatterings	1
chattered	1
chatter	1
chaste	1
chasms	1
chased	1
chase	1
charming	1
charmer	1
charity	1
chariots	1
charged	1
charge	1
charcoal	1
characters	1
chapters	1
chapter	1
chaps	1
chaos	1
chanticlei	1
changeless	1
challenge	1
chalet	1
chairs	1
chains	1
chain	1
chafed	1
cessation	1
central	1
centenary	1
censure	1
cells	1
ceiling	1
ceased	1
cease	1
cboking	1
caw	1
cautious	1
caution	1
causes	1
catching	1
carved	1
carve	1
cars	1
carrots	1
carrion	1
carries	1
carriage	1
carpets	1
carpenter	1
carnivorous	1
cargo	1
caressing	1
caress	1
carefully	1
carboniferous	1
caracul	1
capulet	1
captive	1
captains	1
capped	1
capes	1
capacious	1
capable	1
cap	1
cantle	1
cantering	1
cant	1
canopied	1
cannol	1
candles	1
candid	1
canass	1
canaille	1
canailh	1
camp	1
calumnious	1
calmly	1
calls	1
calleth	1
caliban	1
calculate	1
caked	1
cairn	1
caique	1
cageling	1
cabin	1
cabbage	1
c<ir<iiitl"i	1
buzzing	1
button	1
butting	1
butterlly	1
busier	1
bush	1
bury	1
burrowing	1
burrow	1
burr	1
burpass'd	1
burns	1
burnisht	1
burner	1
burned	1
burn	1
buoyant	1
buow	1
bung	1
bunch	1
bulwarks	1
bulrush	1
bulls	1
bullock	1
bulky	1
bulk	1
builded	1
bugs	1
buffeted	1
buffet	1
buffel	1
buffalo	1
buds	1
buddenly	1
bud	1
bucket	1
buck	1
bubbled	1
btrive	1
btretch'd	1
btone	1
btag	1
brutality	1
brutal	1
brushed	1
brush	1
brsl	1
brown	1
broth	1
broomstick	1
broom	1
brood	1
broidered	1
bristly	1
brisk	1
brinks	1
brings	1
bringing	1
brine	1
brighter	1
brightened	1
brief	1
bridges	1
bridged	1
bridge	1
brewed	1
brewage	1
brethren	1
breezes	1
breeze	1
breeds	1
breaths	1
breathes	1
breastplates	1
breasted	1
breaks	1
breakfasted	1
break	1
brazen	1
brayed	1
braved	1
bran	1
brainless	1
braced	1
bpotless	1
bpoken	1
bplendours	1
bpend	1
bpeck	1
bp	1
box	1
bowers	1
bower	1
bowels	1
bovine	1
bourn	1
boundless	1
bounding	1
bounce	1
boulder	1
bough	1
bottom	1
botch	1
boss	1
boson	1
bosoms	1
bosniac	1
bose	1
borrowed	1
borrovd	1
bored	1
border	1
booted	1
boot	1
boon	1
bono	1
bonds	1
bomething	1
bome	1
bom	1
boiling	1
bogs	1
boating	1
boasting	1
boastfid	1
boar	1
bnt	1
bneer'd	1
bmite	1
bmiling	1
bmi<	1
blushes	1
blush	1
blossomy	1
blossoms	1
blocks	1
bloating	1
blinding	1
blighted	1
blessed	1
bless	1
blent	1
blemish	1
bleet	1
bleeping	1
bleed	1
bleating	1
blasphemy	1
blanc	1
blades	1
blackness	1
blacker	1
bky	1
bkipp'd	1
bittern	1
bitterly	1
bitterest	1
bites	1
bince	1
billy	1
billow	1
bill	1
bile	1
bidele88	1
bide	1
bhame	1
bhal	1
bfe	1
bettor	1
bettled	1
betrayed	1
betray	1
betides	1
bethought	1
bestride	1
bestowm	1
bestow	1
bestirred	1
bestial	1
besought	1
berry	1
berlin	1
berious	1
berg	1
bereft	1
bequeath	1
benevolent	1
benevolence	1
beneficenl	1
bench	1
beloved	1
bellows	1
bellowing	1
bello	1
believing	1
believes	1
believed	1
beliefs	1
belching	1
belated	1
behoved	1
behest	1
behave	1
begun	1
begot	1
begins	1
beginner	1
begging	1
beggar	1
begetter	1
beget	1
befitting	1
beetling	1
beem'd	1
bee	1
bedlam	1
bedabbled	1
becomes	1
beckoned	1
beaver	1
beautify	1
beauties	1
beaten	1
beastly	1
beas	1
bearskin	1
bearishly	1
beams	1
beaming	1
beameth	1
beam	1
beal	1
beak	1
beacons	1
beach	1
bdikb1	1
bcall'd	1
bays	1
bawled	1
baw	1
baulked	1
battleship	1
baste	1
bastard	1
basin	1
baseborn	1
bars	1
barriers	1
baron	1
barks	1
barking	1
barked	1
barbers	1
bar	1
baptised	1
bappen'd	1
bannered	1
banisht	1
banish	1
bangs	1
bandy	1
bandit	1
bandages	1
band	1
ban	1
balmy	1
balloon	1
ball	1
baldness	1
balanced	1
bah	1
bags	1
bage	1
baffled	1
bafbed	1
badness	1
backyards	1
backslider	1
bacciif	1
baby	1
axles	1
axd	1
awkward	1
awhili	1
awaken	1
awaked	1
avowed	1
avow	1
avon	1
avoes	1
aving	1
avhose	1
avho	1
avhere	1
avenging	1
avenged	1
avarice	1
avalanche	1
authors	1
auriferous	1
aureole	1
audax	1
atul	1
attracts	1
attorneys	1
attic	1
attainment	1
atrocity	1
atremble	1
atop	1
athletes	1
athirst	1
atheniensis	1
asylum	1
asunder	1
astray	1
astonisht	1
assorted	1
assigned	1
assemblies	1
assail	1
aspires	1
aspiration	1
asks	1
asking	1
ashes	1
ascent	1
arts	1
artisans	1
arsenal	1
arse	1
arrogai	1
arrive	1
arouse	1
army	1
armies	1
arisen	1
ariel	1
argument	1
areless	1
ardour	1
archer	1
arch	1
approving	1
approval	1
approacheth	1
approaches	1
applied	1
apples	1
apple	1
appeared	1
apollo	1
apeckt	1
aot	1
aol	1
anything	1
anxiety	1
ants	1
antler'd	1
antisoporific	1
anti	1
antfc	1
antechamber	1
answers	1
annum	1
animation	1
animated	1
animals	1
andwhal	1
ancestral	1
anarchic	1
anarch	1
amusement	1
ample	1
amphion	1
amo	1
amiss	1
amends	1
ambuscade	1
amble	1
ambitions	1
amber	1
amazement	1
amazed	1
amalgamated	1
amain	1
altogether	1
altitude	1
alternation	1
alter	1
altar	1
alraschid	1
alpine	1
aloud	1
aloft	1
almighty	1
allndea	1
allied	1
alliance	1
alipp'd	1
alilks	1
alike	1
alihorr'j	1
alarms	1
ajlca	1
ajb	1
airs	1
ainsi	1
aimless	1
aiming	1
aihem&nsm^	1
aiaini'd	1
ahles	1
ahelter'd	1
aguish	1
agreeing	1
agree	1
agony	1
agitation	1
afterwards	1
afternoon	1
affray	1
affords	1
affection	1
affectation	1
affair	1
aery	1
aegis	1
advice	1
adventurous	1
adventure	1
adornment	1
adorn	1
adored	1
admit	1
admires	1
admirers	1
admirably	1
admirable	1
adequately	1
addressing	1
addressed	1
adders	1
adaptation	1
acted	1
acquittal	1
acquainted	1
acorn	1
acknowledged	1
acknowledge	1
achilles	1
accustomed	1
accusing	1
accusers	1
accuser	1
accursed	1
accuracy	1
accorded	1
accord	1
accident	1
accent	1
abysmal	1
abuse	1
absorbed	1
abrupt	1
abortive	1
abortion	1
aboard	1
ablush	1
ablaze	1
abject	1
abideth	1
abides	1
abide	1
abasht	1
abasement	1
a.nto	1
^eee	1
].	1
])	1
]!	1
\zq	1
\\	1
\>\	1
\1	1
\'\<	1
['	1
?''	1
>uf	1
>omo	1
>oiup	1
>nlv	1
>blivion	1
>ays	1
>.	1
>'	1
<li	1
3e's	1
1'xirc	1
1'nder	1
1	1
0	1
/////	1
//-•"	1
/"'.-■	1
.^	1
....	1
..."	1
.')	1
),	1
)"	1
(,	1
((	1
("	1
'],	1
'.,	1
')	1
'(	1
''	1
%	1
"]	1
"...	1
")	1
!■	1
!...	1
