,	3147
the	3070
.	1461
and	1432
;	1042
!	1020
of	984
in	782
"	716
a	700
that	686
to	618
:	608
—	595
|'s|	528
her	433
on	414
with	379
from	348
is	340
his	340
i	315
he	286
for	284
thy	270
they	263
by	262
not	254
was	244
but	242
like	238
as	225
'	216
their	202
at	202
or	201
it	201
she	193
|romannumeral|	170
over	163
my	159
who	157
more	156
are	148
thou	144
god	141
our	139
?	137
all	135
thee	134
its	132
when	128
no	127
him	123
had	123
old	122
yet	119
there	117
this	112
we	111
through	109
them	107
shall	101
one	100
which	99
hand	98
man	95
were	94
great	94
be	94
love	93
|arabic3digit|	92
once	92
land	89
those	87
long	87
last	81
heart	79
me	78
have	78
an	77
what	76
then	75
king	75
upon	74
still	72
so	72
your	71
song	71
men	71
day	71
where	68
us	68
far	68
earth	68
thine	65
nor	65
down	65
time	64
o	64
night	63
death	62
while	61
."	61
now	59
ye	56
some	56
sea	56
life	56
wind	55
thus	55
heaven	54
(	53
never	52
dead	52
whose	51
up	50
round	50
may	50
forth	50
you	49
light	49
sun	48
will	47
sang	47
years	46
than	46
strong	46
past	46
mother	46
first	46
faith	46
each	46
world	45
stood	45
saw	45
true	44
mid	44
eyes	44
ere	44
dark	44
can	44
)	44
sad	43
new	43
half	43
might	42
hour	42
twas	41
truth	41
these	41
red	41
here	41
died	40
well	39
though	39
low	39
till	38
things	38
sleep	38
see	38
has	38
ever	38
blood	38
black	38
alone	38
spring	37
spake	37
how	37
many	36
if	35
die	35
around	35
|arabic5+digit|	34
own	34
late	34
irish	34
head	34
church	34
white	33
sword	33
sweet	33
such	33
said	33
made	33
!"	33
|arabic2digit|	32
would	32
race	32
d	32
country	32
child	32
back	32
ah	32
too	31
rest	31
people	31
loved	31
lay	31
hope	31
high	31
green	31
face	31
could	31
before	31
wrong	30
rose	30
peace	30
into	30
gold	30
feet	30
days	30
chief	30
yon	29
woe	29
voice	29
smile	29
let	29
ireland	29
good	29
fair	29
erin	29
come	29
cloud	29
war	28
none	28
heard	28
fire	28
england	28
born	28
today	27
three	27
thought	27
strength	27
right	27
out	27
nation	27
n	27
must	27
mary	27
hills	27
hers	27
hath	27
came	27
bard	27
tis	26
lies	26
cold	26
year	25
wood	25
went	25
pure	25
ocean	25
near	25
morn	25
home	25
glory	25
blessed	25
again	25
tree	24
shore	24
say	24
sat	24
lord	24
gave	24
breast	24
beside	24
after	24
above	24
whom	23
wept	23
son	23
slowly	23
praise	23
passed	23
nations	23
name	23
kings	23
just	23
holy	23
hands	23
golden	23
art	23
sing	22
saint	22
river	22
rise	22
raised	22
oft	22
mountain	22
loud	22
live	22
isle	22
hill	22
grey	22
grave	22
friend	22
freedom	22
eye	22
eire	22
brow	22
athunree	22
wave	21
trod	21
stands	21
queen	21
off	21
little	21
lie	21
ill	21
found	21
deep	21
crown	21
cross	21
clan	21
city	21
air	21
|arabic1digit|	20
winter	20
two	20
stranger	20
sent	20
save	20
priest	20
prayer	20
part	20
pale	20
nature	20
makes	20
lost	20
false	20
divine	20
cry	20
blind	20
a.d	20
..	20
without	19
wild	19
way	19
strange	19
stand	19
spirit	19
side	19
should	19
rock	19
plain	19
oh	19
make	19
lived	19
left	19
know	19
house	19
grace	19
go	19
foot	19
fell	19
cause	19
blue	19
age	19
young	18
words	18
won	18
under	18
soul	18
sorrow	18
power	18
pine	18
moon	18
hard	18
guest	18
free	18
fight	18
every	18
close	18
children	18
breath	18
-	18
within	17
virtue	17
times	17
storm	17
stone	17
sons	17
slow	17
scorn	17
sank	17
only	17
lives	17
knew	17
hear	17
feast	17
broad	17
bright	17
blow	17
beneath	17
base	17
bards	17
*	17
sunset	16
star	16
since	16
seemed	16
realm	16
princes	16
prince	16
poor	16
place	16
o'neill	16
norman	16
music	16
m	16
joy	16
grief	16
graves	16
full	16
forest	16
flowers	16
flower	16
fall	16
eve	16
dream	16
darkness	16
breeze	16
brave	16
bier	16
battle	16
wail	15
vain	15
trees	15
tears	15
soon	15
seen	15
noble	15
much	15
mine	15
mac	15
less	15
leave	15
lake	15
keep	15
hate	15
give	15
fought	15
door	15
dear	15
clear	15
cheek	15
bound	15
been	15
away	15
angel	15
ages	15
against	15
wine	14
tower	14
state	14
sin	14
pride	14
nigh	14
morning	14
heavenly	14
ground	14
fate	14
dirge	14
cast	14
burst	14
built	14
behold	14
wrath	13
woods	13
waves	13
walls	13
vision	13
towers	13
suffering	13
streams	13
stream	13
st	13
sister	13
sigh	13
shone	13
set	13
self	13
sceptre	13
saints	13
ruled	13
onward	13
laid	13
knight	13
kind	13
hundred	13
host	13
hast	13
floor	13
fields	13
father	13
dying	13
dread	13
cries	13
comes	13
christ	13
bud	13
best	13
bear	13
yellow	12
wide	12
weep	12
throne	12
thousand	12
theirs	12
take	12
soft	12
snow	12
sky	12
skies	12
silence	12
shades	12
seas	12
sacred	12
rushed	12
purple	12
mountains	12
most	12
meet	12
maid	12
longer	12
line	12
latest	12
kingdom	12
justice	12
island	12
infant	12
honour	12
hold	12
held	12
grew	12
gone	12
foe	12
farewell	12
end	12
e	12
done	12
distant	12
convent	12
babe	12
woman	11
weak	11
waste	11
vale	11
treads	11
tomb	11
tide	11
tell	11
stern	11
steel	11
sole	11
slept	11
sense	11
scarce	11
s	11
roll	11
religion	11
proud	11
priests	11
pass	11
ours	11
nought	11
native	11
locks	11
lit	11
leaves	11
laws	11
hung	11
grows	11
grove	11
gate	11
few	11
fear	11
fast	11
faithful	11
drew	11
draws	11
curse	11
crowned	11
clouds	11
chiefs	11
charles	11
chains	11
cave	11
both	11
birth	11
autumn	11
arms	11
among	11
am	11
youth	10
wound	10
word	10
wintery	10
wife	10
waters	10
violet	10
twain	10
turned	10
tread	10
tale	10
spiritual	10
spanish	10
sound	10
souls	10
sings	10
sick	10
roof	10
rome	10
rang	10
pity	10
owen	10
other	10
ode	10
oak	10
midnight	10
met	10
loves	10
looks	10
looked	10
look	10
large	10
lands	10
kept	10
human	10
hound	10
horn	10
holds	10
hearts	10
hair	10
grass	10
goes	10
gifts	10
future	10
funeral	10
flashed	10
falls	10
exile	10
eternal	10
eagle	10
dust	10
dropped	10
crest	10
charge	10
calm	10
brows	10
bring	10
bosom	10
blessing	10
bleeding	10
behind	10
yew	9
worn	9
work	9
woes	9
winds	9
why	9
wear	9
vanquished	9
unseen	9
touched	9
tombs	9
thoughts	9
ten	9
teach	9
swells	9
staff	9
sore	9
shepherd	9
shadow	9
rough	9
ring	9
patrick	9
others	9
nial	9
muse	9
moan	9
march	9
loose	9
living	9
lips	9
least	9
law	9
knee	9
imperial	9
hymn	9
history	9
help	9
hall	9
grow	9
gael	9
fruit	9
four	9
foes	9
fly	9
flock	9
fitz	9
fed	9
ear	9
dull	9
dew	9
deeds	9
de	9
courts	9
burned	9
brought	9
brother	9
break	9
book	9
blast	9
bird	9
between	9
bells	9
bed	9
because	9
beam	9
bare	9
ay	9
answer	9
angels	9
amid	9
alas	9
worlds	8
woke	8
wing	8
wherein	8
western	8
wealth	8
wand	8
walked	8
vast	8
unknown	8
turn	8
toward	8
toll	8
thrice	8
tear	8
sung	8
sublime	8
spurned	8
speak	8
spain	8
sought	8
smote	8
slew	8
sign	8
shame	8
shalt	8
shade	8
secret	8
saxon	8
rushing	8
ruin	8
root	8
roe	8
rocky	8
rising	8
returned	8
restored	8
rain	8
put	8
prophet	8
pomp	8
o'donnell	8
note	8
north	8
neck	8
mould	8
moment	8
mind	8
memory	8
main	8
lift	8
known	8
keen	8
inisfail	8
ice	8
homeward	8
height	8
hail	8
greatness	8
glad	8
forehead	8
flood	8
english	8
earliest	8
dumb	8
drop	8
dreams	8
doth	8
dim	8
dawn	8
crag	8
court	8
conn	8
comest	8
clansmen	8
called	8
brand	8
bower	8
birds	8
billows	8
beyond	8
beware	8
below	8
barren	8
ancient	8
altars	8
altar	8
along	8
••	7
written	7
worth	7
wondrous	7
women	7
wolf	7
win	7
weeds	7
weal	7
wasted	7
walks	7
wait	7
vn	7
visions	7
virtues	7
virgin	7
valleys	7
vales	7
twixt	7
trust	7
triumph	7
track	7
tirconnell	7
thunder	7
thronged	7
taught	7
swift	7
sunshine	7
sunrise	7
summer	7
sudden	7
stars	7
spread	7
splendour	7
southern	7
songs	7
sold	7
small	7
sire	7
singing	7
silver	7
sight	7
shower	7
shook	7
shine	7
sharp	7
seek	7
saviour	7
same	7
sake	7
ruins	7
roman	7
rode	7
rocks	7
rests	7
ran	7
radiance	7
prayed	7
pleased	7
plains	7
palace	7
order	7
nest	7
move	7
mighty	7
lying	7
lowly	7
lo	7
lightning	7
learned	7
later	7
laeghaire	7
kine	7
iron	7
inly	7
honoured	7
hollow	7
hide	7
hidden	7
healing	7
hated	7
hark	7
happy	7
halls	7
haired	7
guard	7
gods	7
gleam	7
glance	7
gazed	7
friends	7
foam	7
flung	7
flash	7
feared	7
fame	7
evening	7
even	7
endless	7
earthly	7
earlier	7
earl	7
draw	7
did	7
desmond	7
dashed	7
crime	7
cried	7
couch	7
cloisters	7
cliff	7
claim	7
chaucer	7
changed	7
buried	7
bread	7
brake	7
boy	7
boast	7
blows	7
blossom	7
bless	7
bent	7
bell	7
beauty	7
beautiful	7
bay	7
banner	7
ashes	7
answered	7
another	7
always	7
airs	7
|arabic4digit|	6
yonder	6
yoke	6
wrecks	6
wreath	6
works	6
wise	6
winged	6
widowed	6
whisper	6
whereon	6
west	6
weeps	6
weeping	6
wears	6
ways	6
watch	6
wailing	6
voices	6
victory	6
veil	6
ulster	6
twin	6
twice	6
tudor	6
traced	6
tomorrow	6
told	6
tidings	6
thrown	6
thomas	6
tender	6
tempests	6
tara	6
takes	6
sure	6
strike	6
story	6
stones	6
stay	6
stag	6
spot	6
soothsayer	6
snows	6
smiles	6
smiled	6
sleeps	6
slave	6
slain	6
sits	6
sit	6
sins	6
sinking	6
silent	6
shield	6
shed	6
shaped	6
shape	6
send	6
seed	6
second	6
scorned	6
scarcely	6
sands	6
rules	6
royal	6
roderick	6
rite	6
rich	6
rhyme	6
return	6
regal	6
reddening	6
reached	6
r	6
prayers	6
pontiff	6
poet	6
passion	6
pain	6
paced	6
nurse	6
nothing	6
next	6
neath	6
narrow	6
named	6
mourning	6
mourn	6
moor	6
modern	6
milk	6
margaret	6
lore	6
lighted	6
lifted	6
liberty	6
led	6
laughed	6
lakes	6
lady	6
knows	6
knelt	6
hugh	6
hosts	6
horse	6
hoar	6
harp	6
groves	6
glories	6
gloom	6
glass	6
gives	6
given	6
girl	6
giant	6
gates	6
fresh	6
forgive	6
fleeting	6
fixed	6
finds	6
fates	6
fasts	6
eternity	6
equal	6
else	6
edward	6
dost	6
dirges	6
dies	6
descends	6
deed	6
dance	6
cup	6
corpse	6
common	6
command	6
cliffs	6
circle	6
christmas	6
chanting	6
brown	6
broken	6
brief	6
bride	6
breathed	6
breaks	6
bones	6
bloom	6
bending	6
became	6
bears	6
battles	6
ascend	6
army	6
anthems	6
afar	6
abbey	6
•	5
yore	5
wrongs	5
wreck	5
woven	5
widow	5
wholly	5
wherever	5
weeks	5
week	5
warriors	5
warm	5
wall	5
waiting	5
vine	5
vengeance	5
vapour	5
valley	5
unto	5
triumphant	5
tongue	5
together	5
throng	5
think	5
th	5
temples	5
tempest	5
swore	5
swords	5
sweetness	5
sweep	5
sway	5
sunbeams	5
stronger	5
strife	5
strew	5
streets	5
stormy	5
stony	5
stock	5
steps	5
stephen	5
steep	5
standards	5
standard	5
sport	5
south	5
slay	5
slaves	5
sighing	5
showers	5
shout	5
shores	5
shines	5
shakes	5
service	5
sees	5
seem	5
science	5
scene	5
scattered	5
sawest	5
sarsfield	5
saintly	5
sail	5
sage	5
rush	5
run	5
rule	5
rolls	5
rolled	5
roar	5
risen	5
rings	5
ridge	5
reverence	5
revel	5
rejoice	5
region	5
rebel	5
reared	5
realms	5
rage	5
question	5
prey	5
perfect	5
pathos	5
path	5
paid	5
orphan	5
older	5
nuala	5
noontide	5
noon	5
nobles	5
nine	5
mystic	5
myriads	5
mute	5
murrough	5
moved	5
monks	5
mirth	5
martyr	5
maids	5
maiden	5
madness	5
lonely	5
loch	5
lines	5
lights	5
lest	5
legend	5
learn	5
leaf	5
laughter	5
lamp	5
lamb	5
lack	5
kissed	5
kiss	5
kingly	5
kingdoms	5
keeps	5
j	5
invader	5
huge	5
hid	5
heroic	5
hereafter	5
henry	5
hearth	5
heads	5
haunted	5
growth	5
grown	5
greater	5
grandmother	5
ghost	5
gale	5
fury	5
frown	5
frame	5
form	5
forests	5
force	5
fling	5
flesh	5
fires	5
find	5
field	5
felt	5
feel	5
feasts	5
fathers	5
fancy	5
evermore	5
errors	5
ends	5
egypt	5
early	5
drops	5
drifts	5
drifted	5
drawn	5
downward	5
dog	5
desire	5
deserts	5
delight	5
dane	5
daily	5
crept	5
creature	5
count	5
conquering	5
coming	5
clay	5
clans	5
claims	5
clad	5
churchyard	5
childish	5
cheer	5
chapel	5
chant	5
century	5
centuries	5
ceased	5
caves	5
caught	5
carthy	5
cannot	5
bush	5
burden	5
buds	5
brood	5
brethren	5
breasts	5
brain	5
bought	5
bore	5
bold	5
blown	5
bled	5
bind	5
better	5
bend	5
believe	5
being	5
beauteous	5
beams	5
battlefield	5
banks	5
bank	5
band	5
backward	5
babes	5
aye	5
ascending	5
arose	5
arise	5
arch	5
any	5
ancestral	5
although	5
action	5
across	5
abode	5
abhorred	5
?"	5
yours	4
wronged	4
wreaths	4
worship	4
wore	4
woody	4
wonder	4
wish	4
wings	4
wills	4
willow	4
whispered	4
whilst	4
wheel	4
whatever	4
wedding	4
weakness	4
wan	4
wake	4
waft	4
w	4
vow	4
violets	4
verse	4
varese	4
vapours	4
vanity	4
upward	4
upright	4
unchanged	4
ululah	4
tyrants	4
twelve	4
triumphed	4
tresses	4
trance	4
traitors	4
trace	4
towards	4
tossed	4
took	4
toned	4
thunders	4
thirst	4
thin	4
thence	4
themselves	4
temple	4
tall	4
swiftly	4
swell	4
survives	4
suns	4
struck	4
strewn	4
strangers	4
strain	4
steed	4
statue	4
starry	4
spurn	4
spoiler	4
spirits	4
spenser	4
speech	4
spare	4
space	4
sort	4
soil	4
snowy	4
smell	4
sink	4
silk	4
shrill	4
shriek	4
shining	4
shannon	4
shaft	4
shadows	4
served	4
serene	4
sept	4
sends	4
seldom	4
seeming	4
seat	4
sealed	4
scarred	4
scar	4
says	4
sailed	4
sadness	4
sacrifice	4
ruined	4
rout	4
rooted	4
robe	4
roared	4
rill	4
rights	4
righteous	4
reward	4
repose	4
repent	4
remote	4
relics	4
reigns	4
reign	4
reeds	4
received	4
ready	4
read	4
re	4
quiet	4
purity	4
psalms	4
prime	4
pressed	4
present	4
porch	4
point	4
plume	4
plough	4
play	4
planet	4
pines	4
pillar	4
perhaps	4
perforce	4
penance	4
peasant	4
peak	4
palm	4
pagan	4
pace	4
outcasts	4
open	4
olden	4
odour	4
o'more	4
notes	4
newborn	4
needs	4
need	4
names	4
mystery	4
mused	4
murmurs	4
mouth	4
mount	4
mixed	4
mix	4
mists	4
mist	4
meeting	4
meek	4
meads	4
master	4
mass	4
marriage	4
mark	4
marge	4
manhood	4
loss	4
linked	4
limb	4
lifts	4
level	4
letter	4
lesson	4
lent	4
leap	4
lean	4
laughing	4
latter	4
knowledge	4
knell	4
kindly	4
james	4
insight	4
hymns	4
hut	4
hurled	4
hours	4
hopes	4
hoary	4
herald	4
heavy	4
harvest	4
happier	4
hadst	4
guide	4
godlike	4
glow	4
glare	4
gentle	4
gems	4
garden	4
gainst	4
fruition	4
frozen	4
frosty	4
front	4
foster	4
forgotten	4
foregone	4
followed	4
flying	4
floods	4
flight	4
fleet	4
flee	4
fled	4
flashes	4
flame	4
fingers	4
fever	4
fanes	4
famine	4
fairy	4
fail	4
faded	4
faces	4
evangeline	4
embrace	4
elements	4
easier	4
dwell	4
due	4
druids	4
drink	4
dreadful	4
dragged	4
dove	4
doubt	4
doom	4
discrown'd	4
dimmed	4
dewy	4
destiny	4
destined	4
despised	4
desolation	4
desolate	4
departed	4
demon	4
deck	4
daughters	4
cypress	4
crowns	4
crew	4
creed	4
conquerors	4
commerce	4
coasts	4
clown	4
closed	4
clasp	4
christian	4
choose	4
choice	4
chime	4
childhood	4
chieftains	4
chased	4
chase	4
chambers	4
chain	4
cells	4
cease	4
castle	4
captive	4
calls	4
call	4
bruce	4
british	4
brine	4
brightening	4
brian	4
breathes	4
breathe	4
boyhood	4
bondage	4
bond	4
blossoms	4
blighted	4
blight	4
bleak	4
blame	4
betrayed	4
betray	4
believed	4
beech	4
beds	4
beats	4
beast	4
beach	4
bark	4
banners	4
bands	4
ban	4
ballad	4
balance	4
babble	4
azure	4
awe	4
authentic	4
armour	4
arm	4
apple	4
apostle	4
apart	4
anguish	4
alba	4
aged	4
advance	4
act	4
about	4
'•	4
■•	3
■	3
yields	3
writ	3
wreathed	3
wounded	3
worst	3
wordsworth	3
woodlands	3
woodland	3
wolves	3
witness	3
wisdom	3
wire	3
wildered	3
widows	3
whole	3
whitening	3
whispers	3
whereof	3
whence	3
wert	3
well-known	3
welcome	3
weed	3
wearied	3
waxed	3
waved	3
watched	3
wastes	3
washed	3
wars	3
warning	3
warfare	3
waken	3
waited	3
vows	3
void	3
voiced	3
vni	3
village	3
vigil	3
vexed	3
vestal	3
vest	3
verge	3
veiled	3
vassal	3
vanish	3
use	3
until	3
unmoved	3
unlike	3
tyrant	3
twilight	3
turret	3
troy	3
troubled	3
trouble	3
trodden	3
triumphs	3
tribute	3
trials	3
tremble	3
trample	3
tracked	3
touch	3
torrent	3
torpid	3
tore	3
tops	3
tonight	3
toils	3
toil	3
tirone	3
ties	3
throw	3
throned	3
thrills	3
threatening	3
thomond	3
thirty	3
thing	3
thick	3
thereof	3
temporal	3
task	3
tardy	3
tales	3
taken	3
taint	3
swims	3
sweets	3
sweeter	3
sweeps	3
sup	3
strung	3
stroke	3
strikes	3
stricken	3
stretched	3
streamed	3
strand	3
stirred	3
stepped	3
stayed	3
stature	3
states	3
stately	3
stain	3
springing	3
spray	3
spheres	3
specious	3
spear	3
sonnet	3
sometimes	3
solitude	3
solace	3
soar	3
smoke	3
slopes	3
slight	3
slender	3
sleet	3
slays	3
slanted	3
siren	3
sinks	3
single	3
sighs	3
showed	3
shoots	3
ship	3
shepherds	3
sheaf	3
share	3
shapes	3
shake	3
setting	3
servants	3
servant	3
serpent	3
self-love	3
seine	3
seekest	3
seeing	3
sedge	3
secular	3
screen	3
scotland	3
school	3
scents	3
scent	3
sand	3
salt	3
sadly	3
saddened	3
room	3
roamed	3
rises	3
ride	3
revealed	3
resurrection	3
reserved	3
reply	3
replied	3
remember	3
remained	3
rejoined	3
regions	3
refuse	3
records	3
reborn	3
rebels	3
reap	3
reach	3
rays	3
ray	3
raven	3
random	3
quenched	3
quelled	3
quell	3
queenly	3
puissance	3
prosperous	3
propped	3
prop	3
prone	3
procession	3
prized	3
princely	3
priestly	3
priesthood	3
pretence	3
praised	3
powers	3
possess	3
poison	3
plunge	3
pluck	3
plighted	3
pledges	3
pledged	3
pledge	3
plead	3
played	3
planted	3
plague	3
placed	3
pirate	3
piles	3
pile	3
piercing	3
phantoms	3
permits	3
perchance	3
peal	3
peaceful	3
passing	3
paschal	3
parts	3
pang	3
painted	3
pains	3
page	3
oxford	3
outward	3
orient	3
ones	3
oisin	3
ofttimes	3
often	3
obedience	3
noteless	3
noted	3
northern	3
noma	3
news	3
neighbours	3
needed	3
nearer	3
mysterious	3
myriad	3
mutual	3
musical	3
muses	3
murmured	3
mouths	3
mourners	3
moulder	3
mortal	3
monumental	3
months	3
monk	3
monarchs	3
moist	3
mock	3
mission	3
miss	3
mirror	3
militant	3
milesius	3
mild	3
mightier	3
merit	3
mercy	3
mellow	3
meat	3
mean	3
meadow	3
mask	3
martyrs	3
marsh	3
mars	3
marred	3
marked	3
marched	3
marble	3
malison	3
maimed	3
mail'd	3
maidens	3
lurked	3
luminous	3
loyalty	3
lowing	3
lower	3
loving	3
lords	3
lordlier	3
loosed	3
lip	3
lineage	3
lime	3
letters	3
leix	3
legends	3
ledges	3
leans	3
leal	3
lays	3
laurence	3
launched	3
launch	3
lately	3
lark	3
language	3
lament	3
lair	3
lago	3
knights	3
knife	3
kneel	3
knaves	3
kinsale	3
kerne	3
june	3
judgement	3
jesus	3
jest	3
ivy	3
isles	3
inward	3
instinct	3
immortal	3
imaged	3
husband	3
hunger	3
honours	3
homesteads	3
holier	3
himself	3
hillside	3
higher	3
heroes	3
henceforth	3
heights	3
hedge	3
heavier	3
heavenward	3
hearths	3
hearted	3
hears	3
heaps	3
heal	3
haunts	3
haughty	3
hangs	3
handed	3
growths	3
greeting	3
greet	3
greece	3
grain	3
goodhearted	3
glorious	3
glorified	3
glooms	3
glitter	3
glen	3
glee	3
gleams	3
gleaming	3
girt	3
gift	3
ghostly	3
gerald	3
gaze	3
gain	3
gaelic	3
fulfilled	3
frowned	3
freight	3
freed	3
fraud	3
frank	3
fount	3
founded	3
fortune	3
forsook	3
forsake	3
forlorn	3
forget	3
foretold	3
foreheads	3
forego	3
ford	3
flakes	3
fine	3
fiercely	3
fi-om	3
feed	3
feasting	3
fearless	3
farm	3
fane	3
fan	3
famished	3
falsehood	3
fallen	3
faint	3
eyed	3
exiled	3
except	3
evil	3
eva	3
epitaph	3
empires	3
empire	3
embers	3
elsewhere	3
elder	3
eighteenth	3
echoed	3
east	3
eagles	3
dusky	3
dusk	3
dungannon	3
dry	3
drowned	3
driven	3
drear	3
drave	3
doubtless	3
dogs	3
do	3
diverse	3
dissolved	3
disguised	3
dire	3
dined	3
diamond	3
devotion	3
deserted	3
desert	3
descried	3
descended	3
descend	3
defied	3
decline	3
decay	3
deaf	3
daughter	3
darkling	3
darkened	3
dante	3
dagger	3
cursed	3
crossed	3
crosier	3
creeps	3
creep	3
cradled	3
course	3
counsel	3
couched	3
corn	3
cordial	3
cord	3
convents	3
content	3
conscience	3
conqueror	3
conquered	3
conquer	3
connor	3
conflict	3
comrade	3
cometh	3
coast	3
cloister	3
clod	3
clings	3
churches	3
chords	3
choir	3
charms	3
charmed	3
charm	3
changes	3
changeful	3
celestial	3
celebrated	3
cathall	3
catch	3
carthymore	3
canst	3
cannon	3
camp	3
bursting	3
burns	3
burgh	3
bubbles	3
brushed	3
brothers	3
brightness	3
bridgeless	3
bridegroom	3
breeds	3
breathing	3
breaking	3
brazen	3
bravest	3
brandon	3
bowers	3
bowed	3
bourn	3
boundless	3
bough	3
blushes	3
blooms	3
bloodstained	3
blindness	3
blended	3
blasts	3
blackened	3
blackbird	3
bitterness	3
bit	3
bis	3
binds	3
bid	3
bethlehem	3
benign	3
bends	3
beloved	3
belongs	3
belong	3
begin	3
beggar	3
began	3
bees	3
beat	3
beads	3
bays	3
barge	3
bar	3
banba	3
bade	3
bad	3
avenge	3
attained	3
atoms	3
athimree	3
ask	3
arc	3
approach	3
anticipate	3
anthem	3
annunciation	3
anger	3
anew	3
alpine	3
almost	3
almond	3
alien	3
aid	3
adverse	3
adore	3
acts	3
accursed	3
**	3
),	3
|	2
youthful	2
younger	2
yearning	2
yearned	2
xin	2
wrought	2
wrongful	2
wrestling	2
wrestles	2
wouldst	2
worthy	2
worse	2
worldlings	2
worest	2
woo	2
wondering	2
womb	2
womanhood	2
wold	2
woidd	2
witnessed	2
withheld	2
wins	2
windsor	2
window	2
willows	2
wiles	2
wield	2
wicked	2
whoever	2
whither	2
whiteness	2
wheresoever	2
wherefore	2
wheels	2
wet	2
westward	2
wells	2
welcomed	2
wedded	2
wed	2
weaves	2
weave	2
we'll	2
waxen	2
warrior	2
warms	2
warbles	2
waned	2
wandered	2
walk	2
waits	2
wailings	2
wafts	2
wade	2
vulgar	2
vowed	2
virtuous	2
vines	2
victim	2
vice	2
vernal	2
venomed	2
vein	2
vaults	2
vaulted	2
vanities	2
van	2
valiant	2
uttered	2
used	2
urged	2
upstart	2
uprose	2
uplifting	2
uplifteth	2
uplift	2
unvanquish'd	2
unsung	2
unshaken	2
unripe	2
unnamed	2
unloved	2
unjust	2
union	2
unholy	2
unheeding	2
undismayed	2
understood	2
understand	2
unconscious	2
unconfined	2
uncheer'd	2
unborn	2
unaware	2
uladh	2
u	2
turns	2
tuatha	2
truths	2
trunk	2
trumpets	2
tribes	2
trembling	2
trellis	2
treason	2
tread'st	2
trapped	2
transferred	2
tramples	2
trampled	2
traitor	2
trailed	2
tragic	2
traditions	2
torrents	2
torque	2
torches	2
tolled	2
toiling	2
tn	2
tir	2
tinged	2
timid	2
thundercloud	2
thrush	2
thrive	2
threads	2
thousands	2
thoughtest	2
thorn	2
thirty-four	2
third	2
thereon	2
theme	2
thanks	2
thankful	2
thames	2
thai	2
texts	2
terrible	2
terraced	2
tenderer	2
temptations	2
tempers	2
tby	2
tawny	2
tasks	2
tarry	2
targe	2
talked	2
t	2
syrian	2
sympathies	2
sworn	2
swer'd	2
swept	2
swelled	2
swear	2
sward	2
swan	2
sustained	2
surprise	2
surge	2
suppliants	2
sunken	2
sunk	2
summons	2
summit	2
sugane	2
suffer	2
sue	2
succeeds	2
subjected	2
subduing	2
subdued	2
stubborn	2
struggling	2
striking	2
strides	2
stretch	2
street	2
strangled	2
strangely	2
straightway	2
straight	2
stooping	2
stoop	2
stoled	2
stillness	2
stigma	2
step	2
stems	2
steeds	2
staunch	2
statued	2
statesman	2
starve	2
stared	2
stamps	2
stamped	2
stalked	2
stake	2
stains	2
stage	2
spurns	2
spotted	2
spotless	2
spoke	2
spoils	2
splenetic	2
spleen	2
spine	2
sphere	2
spent	2
spells	2
speaks	2
sparkling	2
spanning	2
span	2
sow	2
southward	2
sounded	2
sorest	2
solitary	2
solid	2
softly	2
softer	2
social	2
sobbing	2
sob	2
snare	2
smooth	2
smites	2
smite	2
slumber	2
slope	2
slid	2
sleepless	2
sleeping	2
slaughter	2
slane	2
slakes	2
skylark	2
skirts	2
site	2
sisters	2
sires	2
sinning	2
sinned	2
simeon	2
silken	2
signs	2
sibyl	2
shrines	2
shrine	2
showered	2
show	2
shouts	2
shoulder	2
short	2
shock	2
shipless	2
sheltering	2
shelley	2
sheep	2
sharpening	2
sharpened	2
shaking	2
shadowed	2
seven	2
serious	2
serf	2
sere	2
sentenced	2
selfsame	2
seers	2
seer	2
seeks	2
secure	2
seaward	2
seated	2
seal	2
scroll	2
scourge	2
scorns	2
scope	2
sceptres	2
scare	2
scant	2
scales	2
scaled	2
saturday	2
satan	2
sanguine	2
sandy	2
sanctity	2
salem	2
saith	2
sainted	2
sailing	2
saffron	2
safe	2
sadder	2
sacrificial	2
ruth	2
rushes	2
ruinous	2
rosebud	2
rory	2
roots	2
rolling	2
roisin	2
robin	2
robes	2
robert	2
robbers	2
roaring	2
roads	2
road	2
rivers	2
rival	2
rites	2
ripples	2
ripple	2
ringing	2
rifted	2
ridges	2
ribbed	2
rhymes	2
reveres	2
reverent	2
revered	2
revenge	2
reveal	2
returns	2
returning	2
retained	2
responds	2
resplendent	2
resounded	2
rent	2
renown	2
renews	2
rend	2
remove	2
remit	2
remains	2
remain	2
reigned	2
refused	2
reflects	2
reed	2
redress	2
redeemer	2
redeemed	2
redden	2
redbreast	2
recreant	2
record	2
recognised	2
recent	2
receives	2
receive	2
reason	2
rear	2
reading	2
rather	2
rare	2
rapture	2
ranks	2
range	2
rakes	2
raise	2
rainy	2
radiant	2
rack	2
raced	2
rabble	2
quick	2
quays	2
quarries	2
quaint	2
pyre	2
pursuing	2
pursued	2
psalm	2
proved	2
prosper	2
prophetic	2
prophecy	2
proof	2
promontory	2
prometheus	2
prolong	2
proclaimed	2
private	2
prisoner	2
pressing	2
presses	2
precipice	2
precinct	2
preaches	2
pray	2
poured	2
pour	2
possessed	2
portals	2
populous	2
pom	2
poles	2
pointed	2
plumes	2
plight	2
pleasure	2
pleasant	2
pleasance	2
plays	2
planks	2
pitfall	2
pipe	2
pinions	2
pindan	2
pillow	2
piled	2
pierced	2
pierce	2
pieces	2
picture	2
phantom	2
perpetual	2
perish	2
period	2
penal	2
peerless	2
pearl	2
pealing	2
pealed	2
peaks	2
pbidian	2
pause	2
patriot	2
patience	2
pathetic	2
passionate	2
parted	2
partakes	2
partake	2
parricide	2
parent	2
parched	2
pangs	2
palls	2
pallid	2
pall	2
painless	2
p	2
overthrown	2
overlooks	2
overhung	2
outstretched	2
outlawry	2
ot	2
ossory	2
orphans	2
ormond	2
oriel	2
organs	2
ordains	2
orb	2
oppressor	2
oppressed	2
onset	2
omens	2
omen	2
olive	2
offending	2
offence	2
oct	2
occult	2
obey	2
ob	2
oath	2
o'ruark	2
o'erhead	2
o'don	2
o'brien	2
nursling	2
nun	2
novissima	2
norton	2
northeast	2
noonday	2
nomad	2
noblest	2
nobler	2
nobleness	2
nobilis	2
ni	2
newly	2
net	2
nests	2
nell	2
needless	2
neck'd	2
natural	2
natal	2
narrower	2
naked	2
mystical	2
mysteries	2
myrtles	2
muttered	2
murderers	2
murdered	2
munro	2
mulla	2
mourned	2
moulded	2
moss	2
mornings	2
moran	2
moors	2
moonlit	2
moonlight	2
monarch	2
mocks	2
mocking	2
moans	2
mitred	2
missed	2
mingled	2
mime	2
meteor	2
mere	2
melts	2
melt	2
melancholy	2
meets	2
meekness	2
meed	2
meaner	2
meadows	2
may'st	2
maurice	2
mates	2
masters	2
masque	2
masked	2
marvellous	2
marvel	2
martyred	2
martyrdom	2
marshal	2
marry	2
marks	2
marish	2
manners	2
manly	2
manlier	2
mankind	2
mangled	2
mandate	2
manannan	2
malice	2
malachi	2
maize	2
mail	2
magic	2
maelmire	2
mad	2
lustrous	2
lust	2
lurks	2
lurk	2
lure	2
lulled	2
loyal	2
lover	2
lovely	2
lordly	2
loneliness	2
loftier	2
livest	2
liverpool	2
livelier	2
lithe	2
listening	2
listener	2
lions	2
linnets	2
lingers	2
linger	2
lindisfarne	2
lilies	2
lightness	2
lightest	2
lifting	2
lift'st	2
licensed	2
lerici	2
lee	2
leaving	2
leavest	2
leaps	2
leaned	2
leagues	2
leading	2
leaden	2
lead	2
le	2
lawns	2
laurel	2
launching	2
laugh	2
laud	2
lasts	2
languish	2
landscape	2
landed	2
lambs	2
lain	2
lagenian	2
ladder	2
lacks	2
lacking	2
labyrinth	2
labouring	2
labour	2
knowing	2
kneels	2
kindred	2
kindness	2
kin	2
kilmallock	2
key	2
ken	2
kejoice	2
k	2
jasmine	2
itself	2
italy	2
islands	2
irreverent	2
iris	2
iriel	2
ire	2
ir	2
iorras	2
iona	2
invisible	2
inviolate	2
invaders	2
intense	2
insurgent	2
insult	2
inland	2
injured	2
infinity	2
infinite	2
industry	2
increase	2
inchiquin	2
incarnate	2
impressions	2
impress	2
impious	2
imayle	2
image	2
illusive	2
illuminate	2
ilex	2
ikerren	2
idyll	2
idol	2
hushed	2
hurrying	2
hurls	2
hunt	2
hungry	2
humanity	2
hum	2
ht	2
hotbed	2
hose	2
honey	2
homer	2
homage	2
hollows	2
hollies	2
holes	2
hoarse	2
hoarfrost	2
hi	2
herself	2
herod	2
hero	2
hermit	2
heremon	2
herds	2
helps	2
heifer	2
heavens	2
heath	2
hearest	2
heaped	2
healthier	2
healthful	2
heals	2
headland	2
hawk	2
having	2
haunt	2
hates	2
harsh	2
hang	2
hallowed	2
habit	2
h	2
gusty	2
gust	2
guns	2
guilt	2
groans	2
grind	2
grim	2
grievous	2
grieve	2
griefs	2
grecian	2
graveyard	2
graven	2
gratitude	2
grateful	2
grassy	2
grasp	2
grant	2
granite	2
grandchild	2
gradual	2
gracious	2
gore	2
goal	2
goad	2
gloss	2
gloomy	2
glittering	2
girdled	2
germ	2
gently	2
gentlest	2
gentleness	2
genius	2
gay	2
gathered	2
gather	2
garish	2
gardens	2
garb	2
gained	2
gaels	2
furrowed	2
furrough	2
furness	2
funereal	2
function	2
fruitful	2
frore	2
fro	2
fret	2
freshly	2
freeman	2
franciscans	2
franciscan	2
france	2
fragments	2
fragment	2
fountain	2
foul	2
forms	2
forgiveness	2
forfeit	2
footsteps	2
fools	2
food	2
font	2
fond	2
follow	2
flushed	2
flowing	2
flowed	2
flow	2
flocks	2
flocked	2
flinging	2
flingeth	2
flies	2
fleets	2
flatteries	2
flat	2
five	2
fionn	2
finger	2
fillet	2
fights	2
fiery	2
fiercer	2
fierce	2
fiend	2
fidl	2
fewer	2
festal	2
fen	2
feebly	2
features	2
fault	2
farthest	2
farther	2
fantasy	2
fantastic	2
famish	2
faithless	2
failures	2
f	2
extends	2
extending	2
expiatory	2
exclaimed	2
exchange	2
evangelist	2
ethnea	2
esteemed	2
esteem	2
est	2
escaped	2
escape	2
erred	2
erewhile	2
eome	2
entombed	2
entering	2
entered	2
enfeebled	2
enemy	2
empurpled	2
emigrants	2
emblems	2
embattled	2
elk	2
elbe	2
egyptian	2
eeligio	2
educated	2
edged	2
ed	2
eat	2
eastward	2
eastern	2
earthward	2
ears	2
dyed	2
dwindle	2
duty	2
dutchman	2
dutch	2
dungeon	2
dumbly	2
dubtach	2
dublin	2
dubh	2
drunken	2
drown	2
drooping	2
drift	2
dried	2
dressed	2
dreary	2
dreamer	2
drank	2
drained	2
dower'd	2
dower	2
doors	2
doomed	2
donald	2
domes	2
dome	2
domains	2
domain	2
does	2
doctrine	2
ditty	2
dispersed	2
disloyal	2
disgust	2
disguise	2
discussed	2
discipline	2
discerned	2
disastrous	2
dint	2
diffused	2
different	2
destinies	2
despite	2
despair	2
descending	2
depth	2
depart	2
dense	2
dens	2
denounce	2
dells	2
delights	2
degrees	2
defiance	2
defaced	2
deer	2
deeper	2
decree	2
declare	2
deceived	2
daylight	2
dawns	2
dasheth	2
darkly	2
darker	2
dare	2
danger	2
dainty	2
daffodil	2
cygnet	2
curves	2
curses	2
crystalline	2
crypt	2
crying	2
crushed	2
cruel	2
crowds	2
crowd	2
cromwell	2
cripple	2
crimson	2
creek	2
creeds	2
creator	2
creation	2
crags	2
craggy	2
cower	2
cover	2
courtly	2
counts	2
countenance	2
counted	2
counsels	2
cornelia	2
cormac	2
cool	2
converse	2
consumes	2
congealed	2
confession	2
conceded	2
conceal	2
composed	2
complete	2
companionship	2
commingling	2
commanded	2
comfort	2
comely	2
columba	2
colder	2
clung	2
clue	2
clothed	2
clothe	2
cloth	2
clontarf	2
clonmacnoise	2
cloak	2
climes	2
clime	2
climbing	2
climb	2
cleft	2
cleave	2
clean	2
clamour	2
cities	2
christendom	2
chimed	2
chill	2
chieftain	2
chiefest	2
cheered	2
cheeks	2
cheat	2
chastity	2
charity	2
chants	2
chanted	2
chanced	2
chance	2
challenge	2
chakles	2
certain	2
centuried	2
centre	2
censer	2
cell	2
cedar	2
cavil	2
causeless	2
cathedral	2
casts	2
cassandra	2
casement	2
cares	2
carbery	2
calvary	2
calphurn	2
caeo	2
butterfly	2
bursts	2
builds	2
build	2
brooked	2
brook	2
broke	2
brigade	2
brier	2
bridges	2
bridge	2
bridal	2
breezy	2
breer	2
breed	2
breathless	2
breaker	2
breadth	2
brass	2
branded	2
branches	2
branch	2
bramble	2
boys	2
bounded	2
boughs	2
boors	2
boon	2
books	2
bone	2
bondsman	2
bolt	2
boat	2
boasts	2
boasted	2
board	2
bloodred	2
bloodhounds	2
blocks	2
blithesome	2
blithe	2
blinds	2
blindly	2
blinded	2
blending	2
blend	2
blazing	2
blanche	2
blameless	2
blackwater	2
bishop	2
birthday	2
bids	2
betwixt	2
bereft	2
beholds	2
beheld	2
beasts	2
bearing	2
beard	2
baying	2
bataillah	2
baser	2
barrier	2
barons	2
baptised	2
banquet	2
banded	2
baia	2
bagnal	2
backed	2
babylonian	2
babbling	2
b	2
axes	2
axe	2
autumnal	2
aught	2
ate	2
assumed	2
aspen	2
asleep	2
aside	2
ascetic	2
ascended	2
arts	2
arona	2
armed	2
arethusa	2
aran	2
apt	2
apostles	2
apennines	2
antique	2
answers	2
anon	2
annulled	2
annual	2
annals	2
angelic	2
amerced	2
also	2
already	2
aloud	2
aloft	2
alms	2
alliance	2
allhallows	2
alfred	2
alder	2
albeit	2
aims	2
aileach	2
agnes	2
affections	2
adored	2
adduxit	2
addressed	2
actual	2
aching	2
abysses	2
abyss	2
absolved	2
abroad	2
aboo	2
abides	2
<	2
.)	2
.'	2
□	1
•■	1
•'	1
~.	1
}	1
|iiiet	1
|iatho>	1
|arabicprice|	1
zoned	1
zone	1
zest	1
youngling	1
yielding	1
yield	1
yews	1
yetnoneknowshow	1
yesterday	1
yell	1
yei	1
yeasty	1
yearneth	1
yearn	1
yawn	1
yards	1
y	1
xvni	1
xrr	1
xr	1
xor	1
xn	1
xature	1
wtio	1
wry	1
wrung	1
wroughtest	1
wroth	1
writh'st	1
writes	1
wrinkle	1
wrestled	1
wrestle	1
wreak	1
wrapped	1
wraith	1
wounds	1
worshipped	1
worm	1
worldwide	1
working	1
wordless	1
wool	1
wooed	1
woodstock	1
woodsman	1
wonted	1
wondrously	1
wonders	1
wonderingly	1
wok	1
witless	1
withered	1
wither	1
withdraws	1
witch	1
wished	1
wiping	1
wipe	1
winning	1
winking	1
winging	1
windy	1
windless	1
winding	1
windflower	1
wincinsr	1
willingly	1
william	1
willeth	1
willed	1
wildernesses	1
wilderness	1
wilberforce	1
whoso	1
whore	1
whitest	1
whiter	1
whitens	1
whitehall	1
whitc	1
whistling	1
whispering	1
whinny	1
whensoever	1
wheat	1
wharf	1
wexford	1
wending	1
weights	1
weighed	1
wei	1
weedy	1
weathered	1
weather	1
weasel	1
wearily	1
wealthy	1
wealthier	1
weakening	1
we've	1
wdiiteness	1
wc	1
wbo	1
wbat	1
wayward	1
wayside	1
waxing	1
waving	1
wavering	1
watery	1
watered	1
water	1
watchman	1
watching	1
watches	1
wash	1
warreth	1
warrest	1
warred	1
warn"d	1
warmth	1
warhorse	1
wards	1
warded	1
ward	1
warbling	1
warbled	1
wanting	1
want	1
wanner	1
wane	1
wanderings	1
wandering	1
wanderers	1
wandered'st	1
wander	1
walter	1
walnut	1
waller	1
wallace	1
walking	1
waking	1
wakes	1
wakens	1
wakening	1
wakened	1
waked	1
waitings	1
wain	1
wails	1
wailer	1
waif	1
wage	1
wafting	1
wae	1
waded	1
vultures	1
vt	1
vr	1
vote	1
votaries	1
volunteers	1
voluminous	1
volume	1
vocations	1
vocation	1
vocal	1
vm	1
vivifies	1
vivian	1
vital	1
vita	1
visiting	1
visionary	1
visible	1
visaged	1
visage	1
virginal	1
virgilius	1
vinum	1
vineyard	1
vindictiveness	1
vim	1
villages	1
vile	1
viewed	1
vidual	1
victorious	1
victor	1
victims	1
vex	1
vevey	1
veteran	1
vet	1
vesuvian	1
vesture	1
vestments	1
vesper	1
very	1
versed	1
versatile	1
verona	1
vermin	1
verdurous	1
vel	1
vehement	1
vault	1
vaughan	1
vastness	1
vase	1
varying	1
vary	1
vapoury	1
vanward	1
vanquish	1
vanitatum	1
vanitas	1
vanishing	1
vanguard	1
valued	1
value	1
vainly	1
vainglorious	1
vainer	1
vague	1
vaeese	1
utters	1
utmost	1
usurps	1
usurping	1
usurped	1
usages	1
usage	1
urns	1
urn	1
ur	1
upwell'd	1
upwards	1
uproar	1
upraised	1
uplifted	1
upland	1
upholding	1
upgrew	1
upbraiding	1
upas	1
unworthy	1
unwise	1
unwilling	1
unwept	1
unweeting	1
unvexed	1
untruthful	1
untrembling	1
untouchm	1
untold	1
unthrill'd	1
unsuspecting	1
unsubdued	1
unsteady	1
unstable	1
unspiritual	1
unshriven	1
unshifting	1
unshed	1
unshamed	1
unseductive	1
unsealed	1
unroselike	1
unrisen	1
unresting	1
unrest	1
unrequited	1
unrequiem'd	1
unquiet	1
unquenched	1
unqueeidy	1
unprosperous	1
unopened	1
unnatural	1
unmesh'd	1
unmeet	1
unmated	1
unmanned	1
unloving	1
unlovely	1
unless	1
unkiss'd	1
universe	1
united	1
unite	1
unicorn	1
unhonoured	1
unhewn	1
unhear	1
unhappy	1
unhallowed	1
ungrateful	1
ungarner'd	1
unfilm'd	1
unfading	1
unequally	1
unending	1
undulation	1
undoing	1
undispensed	1
undimmed	1
understanding	1
underneath	1
uncrowned	1
uncover	1
unconsummate	1
unconsecrated	1
unconsciously	1
uncomforted	1
unclouded	1
uncle	1
unchangeable	1
unbroken	1
unbribed	1
unbounded	1
unbound	1
unblurr'd	1
unblown	1
unbidden	1
unbeloved	1
unbaptized	1
unafraid	1
unabiding	1
una	1
umbria	1
umbhall	1
ulsteb	1
ua	1
tyrone	1
tyrian	1
tyre	1
tyrawley	1
tyranny	1
tyrannous	1
tyrannicides	1
types	1
type	1
tyne	1
twitter	1
twisting	1
twinkle	1
twines	1
twine	1
twig	1
twenty-six	1
twenty-nine	1
twenty	1
twelfth	1
tuscan	1
turtledoves	1
turrets	1
turner	1
turbaned	1
tuo	1
tumultuous	1
tumults	1
tumult	1
tuileries	1
truthful	1
trustingly	1
trusted	1
trunks	1
trumpet	1
trump	1
truly	1
troubling	1
troubles	1
troth	1
trophies	1
trivial	1
tripped	1
tried	1
tricks	1
trickled	1
tribe	1
trial	1
tress	1
trenchant	1
tremulous	1
trembles	1
trembled	1
trellised	1
treble	1
treat'st	1
treasures	1
travels	1
travelling	1
transposing	1
transports	1
transmitted	1
translation	1
transfixed	1
transfigured	1
transfiguration	1
transfigurance	1
transcendent	1
trans	1
tranquillized	1
tranced	1
trampling	1
traiu'd	1
traits	1
train	1
trail	1
traigh	1
tradition	1
trader	1
tracks	1
traces	1
toyed	1
towering	1
tov	1
tourney	1
tournament	1
touches	1
total	1
toss	1
torna	1
torn	1
torments	1
torchbearer	1
torch	1
tor	1
top	1
tooth	1
tonsured	1
tonsure	1
tone	1
tome	1
tombstones	1
tolls	1
toilest	1
tnaying	1
tlwy	1
tliv	1
tlicm	1
title	1
titianic	1
tithe	1
titan	1
tissue	1
tired	1
tircoxnell	1
tirconnelts	1
tirconnel	1
tintern	1
tingling	1
tinge	1
tills	1
tillage	1
tilings	1
tigress	1
tighter	1
tierce	1
thyself	1
thyrsus	1
thv	1
throstle	1
throbbing	1
throat	1
thrilling	1
thrilled	1
thridding	1
threw	1
threshold	1
threne	1
thralls	1
thrall	1
thraldom	1
thoughtful	1
thoa	1
thistles	1
thirteenth	1
thinffs	1
thickset	1
thickets	1
thicket	1
thickening	1
thhou	1
thews	1
therefore	1
thereby	1
thepresidency	1
thenceforth	1
themes	1
theistic	1
theban	1
thau	1
thatthree	1
thatched	1
thar	1
thank	1
text	1
teue	1
testimony	1
terror	1
terms	1
tented	1
tenor	1
tenfold	1
tenebris	1
tenebkis	1
tendrils	1
tenderness	1
tenderly	1
tenderest	1
tendance	1
tempted	1
templed	1
tempestuous	1
tells	1
teeth	1
teeming	1
tearless	1
tearful	1
teardrop	1
teaching	1
te	1
taylor	1
taua	1
tasting	1
tasted	1
tarrying	1
tarried	1
tarnish	1
tarento	1
tapestries	1
tapers	1
taper	1
tap	1
tanistry	1
tanist	1
tangled	1
talismans	1
talismanic	1
taking	1
takest	1
tail	1
tables	1
table	1
tabernacle	1
t^vkop	1
t'ward	1
systems	1
synods	1
sympathy	1
sylvan	1
sycamore	1
swoops	1
swoop'd	1
swimming	1
swilly	1
sweyn	1
swerved	1
sweetly	1
sweetheart	1
sweeten	1
sweat	1
swcll'd	1
sways	1
swaying	1
swayed	1
swathe	1
swarmed	1
swans	1
swang	1
swallow	1
susurrent	1
sustains	1
sustaining	1
sustain	1
sussex	1
suspended	1
surviveth	1
survived	1
survive	1
surrounding	1
surrender	1
surly	1
surges	1
surface	1
surf	1
surceased	1
surcease	1
suppressing	1
suppressed	1
supper	1
superficial	1
sunnier	1
sunn'd	1
sunlike	1
sunlight	1
sunless	1
sunflowers	1
sunday	1
summoned	1
summits	1
summed	1
sullen	1
suir	1
suggested	1
sufferings	1
sufferers	1
sufferer	1
suffcr'd	1
sucked	1
succinct	1
successive	1
success	1
succeed	1
subtly	1
subtle	1
subsoiling	1
suborn	1
sublimed	1
subjects	1
subdues	1
stupor	1
stumbling	1
studded	1
stubble	1
stuart	1
struggles	1
struggled	1
strongbow	1
stripped	1
strip	1
string'd	1
stride	1
strict	1
strewing	1
stretches	1
strenuous	1
strengths	1
strengthen	1
streamlet	1
streaming	1
straying	1
strayed	1
straw	1
strangle	1
strait	1
strains	1
straining	1
strained	1
straightness	1
stormed	1
stork	1
stored	1
store	1
stops	1
stop	1
stoles	1
stole	1
stolcd	1
stkew	1
stirs	1
sting	1
stifled	1
stepping	1
steer	1
steeps	1
stealth	1
stealeth	1
steady	1
stays	1
staves	1
statute	1
statutable	1
statues	1
stations	1
statesmen	1
stateliest	1
starts	1
startled	1
starred	1
stares	1
stare	1
stanzas	1
stantis	1
standing	1
standeth	1
standest	1
stamp	1
stak	1
stairs	1
staircase	1
stair	1
stained	1
staider	1
staggering	1
stagger	1
stadium	1
stabs	1
stables	1
stable	1
srorse	1
squares	1
springtime	1
springtide	1
springs	1
sprays	1
sprang	1
spousal	1
spotty	1
sponge	1
spoken	1
spoilers	1
split	1
splinter'd	1
splendid	1
spleenful	1
spking	1
spited	1
spite	1
spit	1
spires	1
spike	1
spider	1
spices	1
sphinx	1
spezzia	1
spell	1
speed	1
speechless	1
sped	1
spectre	1
speakest	1
spark	1
spareth	1
spar	1
spanned	1
spall	1
spade	1
spaces	1
sows	1
sown	1
sowed	1
sovereign	1
southey	1
source	1
sour	1
sounds	1
soundeth	1
souled	1
sorry	1
sorrowing	1
soreness	1
sorely	1
sorceress	1
sophists	1
sophisticating	1
sophia	1
sooner	1
sonorous	1
sonnets	1
son">tets	1
something	1
sombre	1
solved	1
solemnities	1
soldiers	1
soldier	1
sojourn	1
soils	1
soid	1
soi'ted	1
softened	1
sodden	1
sod	1
socialist	1
sobbed	1
soaring	1
soared	1
snuff	1
snow-white	1
snatched	1
snatch	1
snapped	1
snake	1
sn&pt	1
smouldering	1
smoothness	1
smoothly	1
smoky	1
smitten	1
smiling	1
smiler	1
smerwick	1
smelled	1
smeared	1
slunk	1
sluggish	1
sluggard	1
sloth	1
sloken	1
slogan	1
slips	1
slipping	1
slippery	1
slipped	1
slip	1
slings	1
slimes	1
slieve	1
slievc	1
sliding	1
slides	1
sleeper	1
slayer	1
slackened	1
slacken	1
skyey	1
skirt	1
skinn'd	1
skin	1
skilled	1
skilful	1
skiff	1
skeletons	1
skard	1
sixty	1
sixteen	1
siug	1
sitting	1
sisterhood	1
sisteks	1
sis	1
sirmio	1
sir	1
sion	1
sio	1
sinners	1
sinless	1
singer	1
sing'st	1
sinews	1
simple	1
silvering	1
silks	1
silently	1
signifies	1
signed	1
signal	1
sighed	1
sifted	1
sidney	1
siding	1
sickness	1
shut	1
shuns	1
shun	1
shrunken	1
shrovetide	1
shrouded	1
shroud	1
shrivelled	1
shrieks	1
shrank	1
shows	1
shown	1
showery	1
shovdd	1
shoulders	1
shouldering	1
shot	1
shortly	1
shoidd	1
shocks	1
shiver	1
ships	1
shipmast	1
shillings	1
shifteth	1
shifted	1
shift	1
shields	1
shereason'd	1
shepherdless	1
shelves	1
shelter	1
sheer	1
sheen	1
shedd'st	1
sheathed	1
sheath	1
sharper	1
sharpen	1
shares	1
shared	1
shapelier	1
shanid	1
shameless	1
shamefaced	1
shamed	1
shallows	1
shallowest	1
shakespearian	1
shai	1
shaggy	1
shafts	1
shadowy	1
severe	1
severance	1
sever	1
seventy	1
seventeen	1
settling	1
settles	1
sets	1
session	1
servitude	1
serviceable	1
seriousness	1
serenest	1
seraphs	1
seraph	1
sepulchral	1
separate	1
sentury	1
sensuous	1
sensualists	1
sensual	1
sensitive	1
sending	1
senator	1
sempee	1
seller	1
selfless	1
selfish	1
seizure	1
seest	1
seesaws	1
seems	1
seemly	1
seeking	1
seeds	1
sedulius	1
seduce	1
secrets	1
seasons	1
season	1
seashore	1
search	1
seagulls	1
seagreen	1
seabirds	1
scythian	1
scythed	1
scu	1
scriptures	1
scribes	1
scribe	1
screened	1
scourges	1
scotus	1
scot	1
scone	1
scoffs	1
scoffing	1
scoff	1
scipio	1
scio	1
scholastic	1
scholar	1
schismatic	1
schemes	1
scheme	1
sceptred	1
sceptic	1
scented	1
scenes	1
scawfell	1
scatter	1
scaring	1
scarf	1
scantly	1
scanned	1
scalp	1
sayest	1
saved	1
savage	1
saul	1
satraps	1
satisfied	1
satire	1
sat'st	1
sarpedon	1
sandstone	1
sanctifies	1
sample	1
samite	1
samaria	1
salvete	1
salute	1
saltzburgh	1
salome	1
sallies	1
saksfield	1
sakes	1
sails	1
sailor	1
safety	1
saesfield	1
sacrosanct	1
sacristan	1
sacraments	1
sacramental	1
sacrament	1
sackcloth	1
sabsean	1
sable	1
sabbatical	1
sabbaths	1
rydal	1
rv	1
rusty	1
russian	1
ruslrd	1
rural	1
runs	1
runnest	1
runlets	1
rugged	1
ruffled	1
rude	1
rubric	1
rubens	1
rubbed	1
rub	1
royalty	1
rounds	1
roughen'd	1
rotten	1
rote	1
rosy	1
rossi	1
rosier	1
roseate	1
rosary	1
rosaries	1
rookery	1
roofs	1
roofless	1
rood	1
romans	1
romance	1
rocket	1
rocked	1
roche	1
robed	1
robber	1
robbed	1
rob	1
roams	1
roam	1
roadside	1
rnirror'd	1
riven	1
rive	1
risrlit	1
ring'st	1
rimm'd	1
rills	1
rigid	1
rightly	1
rifle	1
rife	1
ridged	1
rides	1
rider	1
riches	1
rice	1
ribbon	1
rhythmic	1
rhymed	1
rewards	1
revolt	1
revere	1
retunvd	1
retributive	1
retracted	1
retract	1
retard	1
retains	1
retain	1
resurgent	1
resumes	1
resumed	1
restraint	1
restore	1
restoration	1
restlessness	1
resting-place	1
resting	1
restest	1
rested	1
responsive	1
respond	1
respite	1
respirations	1
respiration	1
respecting	1
resist	1
resilient	1
reserves	1
reserve	1
requite	1
requiescet	1
requiem	1
reproaches	1
reproach	1
report	1
replieth	1
replies	1
repinings	1
repentance	1
renovated	1
renounce	1
reniernber'd	1
reniaineth	1
renewest	1
renewed	1
renew	1
removed	1
remitted	1
remembered	1
remark	1
remands	1
remaind	1
reluctantly	1
reluctant	1
reliquaries	1
relinquishing	1
religious	1
relic	1
relentless	1
released	1
rejoiced	1
reigning	1
rehearsed	1
regents	1
refluent	1
reflex	1
referred	1
reels	1
reel	1
reefs	1
reef	1
redder	1
reddened	1
recounted	1
reconciler	1
recoils	1
recoil	1
recognise	1
reckons	1
reckon	1
recede	1
recalled	1
rebuke	1
rebounded	1
rebound	1
rebellion	1
rebcll'd	1
reasoned	1
reascending	1
reaps	1
reappear	1
reaping	1
reaper	1
reaped	1
realised	1
reads	1
readier	1
read'st	1
reaching	1
rcfrcsh'd	1
raw	1
ravine	1
raves	1
ravens	1
rave	1
ravage	1
rath	1
rashes	1
rash	1
rapturous	1
raptures	1
rapt	1
rapine	1
rapids	1
rapidly	1
rao	1
ranters	1
rank	1
raniah	1
ranging	1
ranged	1
rammed	1
rally	1
raleigh	1
raking	1
rake	1
rains	1
rained	1
raindrops	1
raindrop	1
raiment	1
railed	1
rail	1
rags	1
rago	1
ragged	1
rages	1
raged	1
rafter	1
racked	1
racing	1
rachel	1
races	1
rabbits	1
quietude	1
quies	1
quickly	1
quicken	1
quest	1
quern	1
quenching	1
queens	1
queasy	1
quaking	1
quaintly	1
quaff	1
qpgrown	1
q	1
python	1
pyramid	1
puts	1
pushed	1
push	1
purpling	1
purification	1
pureness	1
pulses	1
pulse	1
puissant	1
pueris	1
public	1
psalter	1
pry	1
provoke	1
providence	1
provided	1
prove	1
protect	1
protean	1
prostrate	1
prostituted	1
prospers	1
prospered	1
prospective	1
prose	1
proscribed	1
proscribe	1
prorogation	1
proportion	1
prophets	1
prophesied	1
prophecies	1
proper	1
prond	1
prompt	1
promises	1
promised	1
promise	1
progeny	1
profundis	1
profound	1
profanations	1
procumbent	1
proceed	1
probation	1
prize	1
prison	1
printing	1
primate	1
primaeval	1
pretty	1
press	1
presence	1
prescience	1
prerogatives	1
prepossessed	1
prepared	1
pregnant	1
preferring	1
preferred	1
predicted	1
precious	1
precept	1
preach	1
praising	1
praises	1
prairie	1
practised	1
powder	1
poverty	1
pours	1
potentate	1
posts	1
possible	1
possession	1
portsmouth	1
portmore	1
portionless	1
portents	1
portent	1
portal	1
poppy	1
poplars	1
pope	1
pools	1
pool	1
pontificate	1
pontific	1
pontiffs	1
pomps	1
pomegranate	1
pollard	1
polished	1
poisons	1
poised	1
pointing	1
poetry	1
poetic	1
poer	1
poems	1
poem	1
plunging	1
plunged	1
plundered	1
plunder	1
plot	1
plorans	1
ploeavit	1
plights	1
pleiads	1
plectrum	1
please	1
pleads	1
pleading	1
playmate	1
playing	1
platter	1
plato	1
plants	1
plane	1
plan	1
plainly	1
plain'd	1
plagued	1
placid	1
pitying	1
piteously	1
piping	1
piped	1
pious	1
pink	1
pining	1
pinewoods	1
pinewood	1
pillared	1
pilgrims	1
pilgrimage	1
pilate	1
pigmies	1
pietro	1
piercingly	1
picking	1
piacular	1
pi	1
philippa	1
philip	1
phcebean	1
phantasmal	1
petrsea	1
petrified	1
petrarch	1
peter	1
perturbed	1
persons	1
perseverance	1
persephone	1
permitted	1
perished	1
perishable	1
perilous	1
perfumes	1
perch	1
peoples	1
peopled	1
pentelicus	1
pensive	1
penshurst	1
pendulous	1
pellucid	1
peimeval	1
peering	1
peccavit	1
peccatum	1
pebbled	1
pearly	1
pean	1
pcal'd	1
pay	1
pawned	1
paven	1
pavement	1
pauses	1
paul	1
patkick	1
pathways	1
paths	1
patent	1
pasture	1
pastorel	1
passions	1
paseh	1
partition'd	1
parting	1
partial	1
partaker	1
parliamentarians	1
parliamentarian	1
parliament	1
park	1
parish	1
parents	1
pardon	1
parchment	1
parcelled	1
paradise	1
paradisal	1
papal	1
panting	1
panther	1
pant	1
panniers	1
panics	1
panic	1
pane	1
pander	1
pallas	1
palimpsest	1
palestine	1
palatine	1
pakvuli	1
pair	1
paints	1
paint	1
painfully	1
pails	1
pai*t	1
pages	1
pageants	1
pageant	1
pagans	1
pact	1
pacata	1
oye	1
owl	1
owing	1
owho	1
overcast	1
overblown	1
outwrestled	1
outweighs	1
outspread	1
outlaw	1
outcast	1
outbraving	1
outblown	1
otime	1
otherwhere	1
ostent	1
osiers	1
osier	1
orphaned	1
oriflambs	1
oreads	1
ore	1
ordinance	1
orders	1
ordered	1
orchard	1
orbit	1
oranmore	1
orange	1
oppression	1
opposed	1
opinion	1
opiates	1
openeth	1
opened	1
opal	1
omnipresent	1
olympic	1
olove	1
ollave	1
olivet	1
olives	1
oldest	1
offering	1
offer	1
offender	1
offal	1
oer	1
odours	1
odds	1
octaves	1
oceans	1
oblique	1
oatmeal	1
oars	1
oar	1
oaks	1
o'toole	1
o'rourke	1
o'lsteill	1
o'lseill	1
o'erthiown	1
o'erspent	1
o'erslept	1
o'ershone	1
o'erset	1
o'errules	1
o'errule	1
o'erlaid	1
o'erbore	1
o'eeilly	1
o'daly	1
o'connor	1
o'con	1
nymphs	1
nursed	1
nuova	1
nuns	1
nualawas	1
nowhere	1
novitiate	1
novices	1
novembers	1
nous	1
noting	1
nose	1
northmen	1
normans	1
nora	1
nook	1
noisy	1
noise	1
noeman	1
nocturns	1
nobility	1
nn	1
nipped	1
niourn	1
nio	1
ninth	1
ninety	1
niilesof	1
nightingales	1
nightingale	1
niche	1
nicer	1
nice	1
newt	1
neutral	1
nettles	1
netted	1
nets	1
nestled	1
nerves	1
nerve	1
nemedian	1
neither	1
neighbouring	1
neglect	1
negative	1
needest	1
necks	1
nears	1
neagh	1
nd	1
natures	1
natured	1
nationhood	1
narrowed	1
mythologic	1
myrtle	1
myriam	1
mv	1
mutterino	1
muskerry	1
musing	1
murmuring	1
murmur	1
murk	1
murder	1
munster	1
mundane	1
multitude	1
mullaghmast	1
mulberry	1
muddier	1
mourns	1
mournful	1
mourner	1
mourne	1
mounts	1
mounting	1
mountain'd	1
moum'd	1
moulds	1
motion	1
motherless	1
moth	1
mortified	1
morrow	1
morose	1
morass	1
moorland	1
moorish	1
moorings	1
moons	1
moonless	1
moonbeams	1
moonbeam	1
moods	1
mood	1
montrose	1
montorio	1
montgomery	1
monster	1
monotonous	1
monotonies	1
monotone	1
money	1
monastic	1
monarchy	1
mom	1
mole	1
moirin	1
moira	1
moiety	1
modulation	1
modish	1
modest	1
modes	1
moat	1
moanings	1
mitre	1
misty	1
mission'd	1
missing	1
missal	1
misliked	1
miserere	1
miserably	1
misenum	1
misapplied	1
mirthful	1
mirror'd	1
mire	1
mint	1
minstrels	1
minstrel	1
minsters	1
minster	1
ministrations	1
ministering	1
ministered	1
mingle	1
mindful	1
minded	1
mincing	1
minatory	1
mimic	1
million	1
mill	1
milky	1
miles	1
mightiest	1
mien	1
midst	1
midnoon	1
midday	1
michael	1
metric	1
methought	1
meted	1
messing	1
messenger	1
message	1
merrymaker	1
merry	1
merits	1
merged	1
meretricious	1
merchant	1
memories	1
mel	1
meeter	1
meers	1
mechanic	1
meats	1
meath	1
measures	1
measureless	1
measured	1
measure	1
meantime	1
means	1
may-day	1
mavis	1
matured	1
mature	1
matter	1
matron	1
matins	1
matin	1
material	1
mate	1
matched	1
match	1
mastery	1
mast	1
massacre	1
marvels	1
marvelled	1
martvrum	1
married	1
margin	1
marbles	1
maolmora	1
manv	1
mantled	1
mansion	1
mans	1
mano	1
manner	1
manlike	1
manifold	1
manifest	1
manger	1
mangan	1
mallow	1
making	1
maketh	1
maker	1
majesty	1
majesties	1
maigue	1
magnificats	1
magnetic	1
magian	1
maenads	1
maenad	1
maegaket	1
maech	1
madrio	1
madder	1
maddened	1
macedon	1
mace	1
mabtyb	1
ma'am	1
lyre	1
lycian	1
lutes	1
lute	1
lusts	1
lustres	1
lumbering	1
lullabies	1
luini	1
lugano	1
luck	1
lucifer	1
lucid	1
lubrique	1
lowliest	1
lowlier	1
lowlands	1
lowered	1
lovingly	1
lovers	1
lovelight	1
loveliest	1
lours	1
lour	1
loudest	1
losing	1
lose	1
lorna	1
loosened	1
loon	1
looking	1
lookest	1
lono	1
longings	1
longest	1
longed	1
lonelier	1
london	1
lombe	1
loftiest	1
loathe	1
loaming	1
liy	1
lixnau	1
littleness	1
literally	1
litany	1
litanies	1
listeu	1
listened	1
lion	1
linnet	1
links	1
linking	1
link	1
lingeringly	1
lingered	1
linen	1
linden	1
limned	1
limits	1
limit	1
limes	1
limerick	1
limed	1
limbs	1
limbo	1
lily	1
likewise	1
likes	1
liis	1
lightsome	1
lightens	1
lifetime	1
lifeblood	1
lied	1
lids	1
licht	1
libraries	1
liberties	1
liberated	1
lias	1
lia	1
lhke	1
levels	1
lets	1
lethean	1
lethal	1
lessening	1
lessened	1
lericl	1
leprous	1
lepers	1
lengthened	1
lend	1
leland	1
lein	1
legal	1
leech	1
leash'd	1
leash	1
leas	1
learns	1
learning	1
leapt	1
leaning	1
leagued	1
leafless	1
lea	1
lay'st	1
lawn	1
lawless	1
lawful	1
laurels	1
laurelled	1
laureates	1
laureate	1
launoh'd	1
laune	1
laughs	1
laugh'st	1
latticed	1
lattice	1
latian	1
lastly	1
lasting	1
lasted	1
lashes	1
larks	1
largess	1
largely	1
larch	1
lapped	1
lap	1
laments	1
lamented	1
lameness	1
lambdearg	1
lais	1
ladies	1
laden	1
lacy	1
lacerate	1
lac	1
labourer	1
laboured	1
laborious	1
l'nstaunch'd	1
kxnsale	1
kound	1
kome	1
koll	1
koe	1
knoweth	1
knotted	1
knoll	1
knitting	1
knitted	1
knit	1
knightly	1
knighthood	1
knew'st	1
kneeling	1
kneeleth	1
kneaded	1
knave	1
kitten	1
kith	1
kites	1
kir	1
kinsmen	1
kinsman	1
kino	1
kingless	1
kindliest	1
kindle	1
kincora	1
killed	1
kill	1
kilkenny	1
kildare	1
kilcoleman	1
keys	1
kerry	1
kernes	1
kenneth	1
kenn'd	1
kells	1
keeping	1
ked	1
kaiser	1
juno	1
july	1
julian	1
judging	1
judges	1
judge	1
judah	1
jubilee	1
joys	1
joyous	1
jove	1
jour	1
joseph	1
joined	1
john	1
jl	1
jjrow	1
jibe	1
jewellery	1
jewelled	1
jeers	1
jealousy	1
javelin	1
jarring	1
jared	1
jar	1
jacobin	1
jacob	1
jackals	1
j^jr	1
ivies	1
ivied	1
iu	1
italian	1
it^dark	1
isthmus	1
istewry	1
issuing	1
issue	1
isreap'd	1
isolation	1
islam	1
ischia	1
isaak	1
irrevocably	1
irksome	1
irev	1
irena	1
ireal	1
iook'd	1
inwoven	1
invoke	1
invite	1
invincible	1
inverted	1
inveniamur	1
invasion	1
invalides	1
invading	1
intsfatl	1
intruder	1
intricate	1
intervals	1
intertwisted	1
intertangled	1
interred	1
interpret	1
intermingled	1
interminably	1
interments	1
intermediate	1
intercession	1
intent	1
intelligence	1
intellect	1
insults	1
instructed	1
instincts	1
instead	1
instance	1
inspiring	1
inspiration	1
insensibly	1
insects	1
ins	1
inner	1
inmost	1
injustice	1
inishowen	1
inisglaaire	1
inisfa1l	1
inherits	1
ingrate	1
ing	1
infinitude	1
infimi	1
infection	1
infected	1
inexperienced	1
inevitable	1
ineffable	1
indulgence	1
indolence	1
indignant	1
indicates	1
independence	1
indeed	1
increased	1
incorrupt	1
inconsequence	1
incompleteness	1
included	1
incivic	1
incentive	1
incensed	1
incense	1
inbred	1
inaugubation	1
inaction	1
ina	1
imy	1
impostor	1
implore	1
implacable	1
impersonate	1
imperfect	1
imparadised	1
immortalised	1
immemorial	1
immaculate	1
immachlati	1
imayn	1
imagery	1
ilyssus	1
illustrated	1
illusion	1
illumined	1
ikeland	1
iiugh	1
ignobler	1
ignoble	1
iernian	1
ierne	1
ieish	1
idrone	1
idle	1
ideeam'd	1
ida	1
icy	1
iceen*	1
icebergs	1
ibish	1
i've	1
hyads	1
huts	1
husbands	1
hurst	1
hurricane	1
hurn'd	1
huntsman	1
hunting	1
hunters	1
hunter	1
hundredth	1
hundreds	1
hunc	1
humming	1
humility	1
humbly	1
humbler	1
humbleness	1
humble	1
humankind	1
huggest	1
hues	1
huddled	1
htlsh	1
hs	1
hoy	1
howl	1
however	1
hovered	1
hovels	1
housetop	1
household	1
hounds	1
hot	1
hostel	1
hostage	1
hospitalities	1
hospital	1
hosanna	1
horses	1
horsed	1
horror	1
horns	1
horizon	1
hordes	1
hopeless	1
honeymoon	1
hones	1
homeric	1
homeless	1
holiness	1
holiest	1
hoardings	1
hoarded	1
ho	1
hmw	1
historic	1
histoey	1
hist	1
hissed	1
hirelings	1
hireling	1
hired	1
hire	1
hini	1
hinds	1
hindrance	1
hind	1
hilted	1
hilt	1
hillsides	1
highlands	1
highland	1
hieroglyphic	1
hieroglyph	1
hierarchy	1
hides	1
hibernia	1
hi<rh	1
hewing	1
hewer	1
hesper	1
heron	1
herodias	1
hermits	1
hereaven	1
herd	1
hercules	1
herbs	1
herbert	1
herb	1
heralds	1
hence	1
hemlock	1
hemisphere	1
hem	1
helvetian	1
helpless	1
helped	1
helot	1
helmet	1
helm	1
hells	1
hellas	1
hell	1
heliotrope	1
helicon	1
heee	1
heeding	1
heeded	1
hedges	1
hebrews	1
heber	1
heaving	1
heavily	1
heavenliest	1
heaved	1
heave	1
heats	1
heaths	1
heather	1
heathen	1
heartstrings	1
heartfelt	1
hearkened	1
healthy	1
health	1
healed	1
headship	1
headlong	1
headlands	1
hclow	1
hazy	1
havingbeen	1
haverty	1
hating	1
hat	1
hasty	1
haste	1
hase	1
harvests	1
harps	1
harper	1
harnessed	1
harmonised	1
harmonise	1
harmonious	1
harmonies	1
harmonic	1
harm	1
hardened	1
harboured	1
harbour	1
harbinger	1
haply	1
hanging	1
hang'st	1
handled	1
hammers	1
hamlets	1
halfway	1
hairs	1
hailstorm	1
hailed	1
hade	1
hack	1
gusts	1
gushing	1
gushed	1
gums	1
gummy	1
gulfs	1
gulf	1
guise	1
guire	1
guilty	1
guile	1
guesses	1
guess	1
guards	1
guardians	1
guarded	1
growing	1
grovel	1
grot	1
grope	1
groom	1
grod	1
groaned	1
grieved	1
greets	1
greetings	1
greeks	1
greek	1
greed	1
grazed	1
graved	1
grattan	1
grating	1
grates	1
grasps	1
grasmere	1
grappling	1
grapeless	1
granted	1
granote	1
grandmot^	1
grander	1
granary	1
gradually	1
gradations	1
gradation	1
graces	1
graced	1
gracchi	1
gown	1
gourd	1
gotland	1
got	1
gorse	1
gorges	1
gorge	1
gored	1
goodwill	1
goods	1
goodnight	1
goldfinch	1
goest	1
godhead	1
goat	1
gnaws	1
gnawed	1
gnat	1
gnash	1
gnarled	1
glynn	1
glows	1
glowing	1
glorying	1
glorify	1
glorifies	1
gloomily	1
glitters	1
glittered	1
glistened	1
glisten	1
glimmers	1
glimmering	1
gliding	1
glide	1
glens	1
glebe	1
glazed	1
glassy	1
glares	1
glared	1
glances	1
gladness	1
gladly	1
gladdens	1
gladden	1
glaciers	1
glacier	1
gkattan	1
giving	1
givest	1
girls	1
girlish	1
girdling	1
girdle	1
giotto	1
gilt	1
gilded	1
giftless	1
ghoul	1
ghosts	1
germinate	1
geranium	1
geraldine	1
george	1
gentler	1
gentiles	1
genders	1
gear	1
gazes	1
gayer	1
gaunt	1
gaul	1
gathers	1
gathering	1
gatherest	1
gateway	1
garret	1
garniture	1
garments	1
garlanded	1
garland	1
game	1
galloglass	1
galleys	1
galley	1
galled	1
gall	1
galilee	1
gains	1
gaiety	1
gables	1
g	1
furtive	1
furthest	1
further	1
fursey	1
furrow	1
furroughs	1
furred	1
furnace	1
fumes	1
fullfaced	1
fulfiu'd	1
fulfil	1
fuil'd	1
frustrated	1
frustrate	1
fruitage	1
froze	1
frowns	1
frowning	1
frost	1
frorn	1
fronting	1
frino	1
fringes	1
fringed	1
fringe	1
frightened	1
friendship	1
fretting	1
freshening	1
frequentation	1
freezes	1
freeze	1
freemen	1
freaks	1
fraught	1
fraternity	1
franklin	1
frankincense	1
frankest	1
francis	1
frailer	1
fragrance	1
fragile	1
fr	1
foxes	1
fox	1
fourth	1
fourteen	1
fourfold	1
foundry	1
foundress	1
founding	1
foundations	1
fought'st	1
fosters	1
fostered	1
forwent	1
forward	1
forty-three	1
fortunes	1
fort	1
forsaking	1
forsakes	1
former	1
format	1
forked	1
forgot	1
forgives	1
forgiven	1
forgial	1
forgetting	1
forgets	1
forgetfulness	1
forgers	1
forge	1
forgave	1
forgat	1
foreknows	1
foreground	1
foregoest	1
forebore	1
forces	1
forbid	1
forbear	1
forbade	1
footstep	1
foodless	1
fomi'd	1
following	1
follies	1
foliaged	1
folds	1
folded	1
fold	1
foemen	1
fodhla	1
flushes	1
flush	1
flows	1
flown	1
flowery	1
flowerlike	1
flowerless	1
flowering	1
flowered	1
flowere	1
florimel	1
florid	1
flores	1
florence	1
floodlike	1
flooded	1
floeence	1
floating	1
floated	1
flitting	1
flit	1
flint	1
flino	1
flings	1
flieth	1
flickers	1
flew	1
fleshly	1
fleece	1
flatters	1
flatterers	1
flatter	1
flashing	1
flapping	1
flap	1
flake	1
flail	1
flags	1
flag	1
fix	1
fitzgerald	1
fitful	1
fissured	1
fisherman	1
firm	1
firbolgs	1
fintan	1
finian	1
fingered	1
finer	1
finding	1
final	1
film'd	1
filial	1
fighting	1
fig	1
fifty-one	1
fiesole	1
fiends	1
fidelity	1
fideles	1
fiacre	1
ffale	1
feud	1
fethlimea	1
fervid	1
fern	1
fergus	1
feom	1
fens	1
fences	1
fenced	1
fence	1
felon	1
felled	1
feigns	1
feigning	1
feelings	1
feeds	1
feebler	1
fedlim	1
februai'y	1
feb	1
feature	1
feathers	1
feastings	1
feastful	1
fears	1
fearing	1
feargal	1
fawns	1
fattens	1
fathom	1
fatal	1
fat	1
fastness	1
fashioned	1
farms	1
fared	1
fare	1
far-famed	1
fans	1
fanned	1
fangs	1
fang'd	1
fancies	1
family	1
famed	1
faltering	1
falsely	1
falling	1
falcons	1
faiu	1
fairest	1
fairer	1
faintly	1
faintest	1
fain	1
failed	1
faeewell	1
fading	1
fadeth	1
fades	1
facing	1
faced	1
fable	1
eying	1
eyelids	1
extreme	1
extracts	1
exterior	1
extended	1
extend	1
expound	1
expired	1
experience	1
expectation	1
expectant	1
expansion	1
exorcised	1
exiles	1
exhausted	1
exhaled	1
exempt	1
executing	1
exculpate	1
exchanged	1
exasperates	1
exalted	1
ew	1
eves	1
everywhere	1
everlasting	1
eventually	1
evenino	1
evenings	1
eumenides	1
euaidh	1
eturnesb	1
etrurian	1
etruria	1
ethxea	1
ethereal	1
ethell	1
etc	1
et	1
estate	1
established	1
essex	1
essential	1
esquiline	1
esq	1
eside	1
esau	1
es	1
error	1
erring	1
err	1
erase	1
epoch	1
epiphany	1
eound	1
eoss	1
eose	1
eolls	1
eocks	1
eochy	1
entwined	1
entranced	1
entitled	1
enterprising	1
enter	1
enslave	1
enskied	1
ensigns	1
ensanguined	1
enrolled	1
enringed	1
eno	1
ennobled	1
enmities	1
enigma	1
engraving	1
engraven	1
enemies	1
endured	1
endure	1
endurance	1
endowed	1
ending	1
ended	1
endeavour	1
endeared	1
encroaches	1
enclasped	1
encircled	1
en	1
emulous	1
empty	1
employ	1
empery	1
emotion	1
eminent	1
emerged	1
embrown'd	1
embracing	1
embraced	1
embowering	1
embossed	1
embodied	1
embayed	1
embassy	1
emania	1
em	1
elysian	1
ely	1
eloquent	1
elm	1
elizabeth	1
eliot	1
eleven	1
elegy	1
electric	1
election	1
elect	1
eldest	1
elders	1
eld	1
elastic	1
elaborate	1
ejus	1
ejoice	1
either	1
eise	1
eirue	1
eight	1
egean	1
effort	1
effect	1
eeverence	1
eequiescet	1
eeleased	1
eeflucnt	1
eeel'd	1
eeadixg	1
edo	1
edges	1
edgeless	1
edge	1
edens	1
eden	1
eddying	1
ecstasies	1
ecstacies	1
eclipse	1
echo	1
ecclesia	1
ebbing	1
eaten	1
easy	1
earthy	1
earthquake	1
earthern	1
earthborn	1
earned	1
earbuteye	1
eadem	1
dyer	1
dye	1
dwells	1
dwelled	1
duties	1
duteous	1
dusking	1
durham	1
dungeons	1
dunedin	1
dundee	1
dulcet	1
dug	1
duddon.*	1
duddon	1
duck	1
dubious	1
dryads	1
drunk	1
drugged	1
drudges	1
drowuers	1
drove	1
dropping	1
droops	1
drooped	1
droning	1
drogheda	1
driving	1
drifting	1
dressing	1
drench	1
dreaming	1
dreamful	1
drccds	1
drawing	1
drawest	1
draped	1
drags	1
dragonfly	1
dragon	1
dragging	1
dozen	1
dowry	1
downcast	1
dovelike	1
doubted	1
doubly	1
dotes	1
dora	1
dool	1
donore	1
donnard	1
donegal	1
donat	1
domestic	1
dolours	1
dolores	1
doled	1
dole	1
doire	1
dogwood	1
doe	1
djed	1
divorced	1
divisions	1
divining	1
divide	1
diversities	1
ditch	1
disturbed	1
distrust	1
distress	1
distraught	1
distempered	1
distasteful	1
disrobed	1
dispel	1
disinterested	1
dishonoured	1
dishonour	1
disgraced	1
disfranchised	1
disctown'd	1
discreet	1
discoursing	1
discoursed	1
discourse	1
discords	1
discord	1
discerns	1
discern	1
discalced	1
dis	1
dips	1
dipped	1
diplomatic	1
dip	1
dingle	1
dine	1
din	1
dimpling	1
dimness	1
dimming	1
dimly	1
dilate	1
dike	1
dig	1
difficulty	1
differed	1
diest	1
didst	1
diarba	1
diadem	1
dews	1
devoted	1
devil	1
devastating	1
deurns	1
detest	1
detected	1
detail	1
despotism	1
despot	1
despond	1
despise	1
desmonds	1
designed	1
design	1
description	1
descent	1
derniod	1
dereliction	1
deputy	1
depths	1
depressed	1
deprcss'd	1
depraved	1
deposed	1
departing	1
demonum	1
demand	1
delve	1
delusion	1
delos	1
dell	1
deliverer	1
delivered	1
deliverance	1
delirious	1
delighted	1
delicate	1
delaying	1
deject	1
deified	1
defrauded	1
deformed	1
defiled	1
defence	1
defaces	1
deepest	1
deepens	1
deepening	1
deepened	1
deemed	1
deem	1
dedicated	1
decrees	1
declining	1
declined	1
decks	1
decking	1
deception	1
debt	1
debate	1
deasies	1
dearth	1
dearest	1
dearer	1
deal	1
deafness	1
deadened	1
deacon	1
dazed	1
dawned	1
daunt	1
dathi	1
dates	1
dated	1
dashes	1
dash	1
darnel	1
darkest	1
darkens	1
darkening	1
dances	1
dancer	1
danced	1
damp	1
dalriada	1
dallying	1
dalian	1
dale	1
dalcassianbe	1
dairy	1
daintily	1
daedalean	1
dabbled	1
cynical	1
cymbals	1
cyclic	1
cutting	1
cuts	1
cuthbert	1
cut	1
custom	1
curve	1
curious	1
curdled	1
cups	1
cumberland	1
cumber	1
cuma	1
cum	1
culled	1
cuirass	1
cuckoo	1
csu	1
crystal	1
crypts	1
crutches	1
crutch	1
crush	1
crumbled	1
crucifix	1
cruachan	1
crow	1
crovvn'd	1
crouching	1
critic	1
crirnson'd	1
crimsoned	1
cresses	1
crescent	1
creeping	1
creeper	1
creatures	1
creative	1
creates	1
created	1
crcak'd	1
crawl	1
craving	1
crash	1
crammed	1
crafty	1
craftsman	1
craft	1
cradle	1
cpiarry	1
cows	1
cowl	1
cowering	1
coward	1
covered	1
covenant	1
courteous	1
courted	1
courses	1
courmayeur	1
courier	1
courcy	1
county	1
counties	1
countess	1
counterweight	1
counselled	1
councils	1
council	1
couldst	1
couchant	1
cottager	1
cot	1
corrupt	1
corrib	1
correlative	1
corporate	1
coronet	1
cornfields	1
cornerstone	1
corners	1
corned	1
corann	1
coral	1
copse	1
coos	1
coombe	1
cools	1
conway	1
conversed	1
converged	1
controlpd	1
contrasting	1
contracting	1
continuing	1
contend	1
contemptuous	1
contempt	1
contemplations	1
contemplation	1
contemned	1
consummates	1
consummate	1
consuming	1
constitutional	1
constellations	1
constant	1
consort	1
consolations	1
consents	1
consecrated	1
conquests	1
conquers	1
connell	1
connaught	1
conjoined	1
cong	1
confused	1
conflagration	1
confirmed	1
confidence	1
confessed	1
confess	1
confederates	1
conditional	1
condensed	1
concord	1
conceived	1
concealed	1
conainn	1
compute	1
compulsion	1
compline	1
completed	1
complaint	1
complacent	1
compeer	1
compassionate	1
companions	1
companion	1
companies	1
commotion	1
commission	1
comment	1
column'd	1
columkille	1
colpa	1
coloured	1
colour	1
colonna	1
college	1
coldly	1
coins	1
coin	1
coidd	1
coffin	1
cocytus	1
coarser	1
coarse	1
clustering	1
clustered	1
club	1
cloven	1
clove	1
cloudy	1
clouded	1
clothing	1
closer	1
clontibret	1
clone	1
clonard	1
clock	1
clinging	1
cliimes	1
clients	1
clenched	1
clement	1
clears	1
cleansing	1
cleansed	1
clasped	1
clashing	1
clashed	1
clash	1
clarions	1
clarion	1
clarens	1
clarence	1
clare	1
clansman	1
clangour	1
clang'd	1
clang	1
clambers	1
civility	1
civil	1
citied	1
cither	1
citadels	1
cistus	1
circumstance	1
circling	1
circled	1
circean	1
circe	1
cilldara	1
churned	1
christopher	1
christians	1
chosen	1
chorus	1
choral	1
chokes	1
choked	1
choke	1
choirs	1
chivalry	1
chivaley	1
chimes	1
chillon	1
childlike	1
chides	1
chide	1
chestnut	1
chess	1
chersonese	1
cheerless	1
check	1
chdd	1
chastens	1
chaste	1
chasms	1
charter	1
charr'd	1
charnel	1
chariots	1
chariot	1
charged	1
characters	1
chaplets	1
chapels	1
chaos	1
channels	1
channell'd	1
changing	1
change	1
challenged	1
chalice	1
chalcedon	1
chair	1
chaff	1
cesarian	1
certainty	1
ceres	1
ceolfrid	1
central	1
centipede	1
censers	1
celibate	1
cedars	1
ceasing	1
ceaselessly	1
ceaseless	1
causk	1
catullus	1
catholic	1
cathedrals	1
cathbar	1
cataract	1
catacombs	1
catacomb	1
casual	1
castles	1
castled	1
cassi	1
casque	1
cashell	1
cashel	1
case	1
carucate	1
carthys	1
cart	1
carrara	1
carra	1
carpet	1
carouse	1
caroller	1
carol	1
carmeps	1
carlo	1
carles	1
career	1
care	1
cards	1
cardinal	1
car	1
captives	1
captains	1
caprice	1
cape	1
cap	1
canute	1
canto	1
canopies	1
candle	1
cancelled	1
camps	1
campagna	1
camp'd	1
cambridge	1
cambrian	1
calwagh	1
callings	1
calleth	1
caliph	1
calendars	1
calced	1
caitiff	1
cairns	1
cain	1
cahdore	1
caetiiymore	1
caethy	1
caesarian	1
caesar	1
cado	1
cadentis	1
cadence	1
cables	1
c&ild	1
bygone	1
buyer	1
butweareas	1
butted	1
butocean	1
bust	1
buskinn'd	1
burrow	1
burnt	1
burnings	1
burial	1
burghers	1
burgeon'd	1
bunaw	1
bulwarks	1
bull	1
build'st	1
buffets	1
buffet	1
budding	1
budded	1
bubbling	1
brute	1
bruising	1
brow'd	1
brotherhood	1
broods	1
broidery	1
broadening	1
brittle	1
britain	1
brings	1
bringest	1
brims	1
brimful	1
brim	1
brightlier	1
brightest	1
brighter	1
brightens	1
brightened	1
bridget	1
bridged	1
brides	1
bribed	1
bribe	1
briar	1
brendon	1
brehon	1
bred	1
braving	1
brasrff'd	1
brands	1
branching	1
bran	1
brakes	1
braided	1
boyne	1
bowery	1
bow	1
bounty	1
bossed	1
boss	1
bosomed	1
borrows	1
borrowed	1
borrow	1
borromeo	1
boroimhe	1
bordered	1
booty	1
bonds	1
bolton	1
bohum	1
boeotian	1
body	1
bodkin	1
bodies	1
bock	1
boasting	1
boarian	1
blustering	1
blush	1
blurs	1
blotting	1
blot	1
blossomed	1
bloometh	1
bloody	1
bloodstain	1
blooded	1
blinkers	1
blindworm	1
blazonries	1
blazoned	1
blaze	1
blasted	1
blasphemy	1
blank	1
blanching	1
blamed	1
blade	1
blackness	1
blacker	1
blackberry	1
bitterer	1
bitter	1
bitten	1
bite	1
bison	1
bishops	1
birch	1
bim	1
billowy	1
billow	1
bienzi	1
biee	1
bible	1
bewitched	1
bewilderment	1
bewildered	1
bewails	1
bewailed	1
bewail	1
betroths	1
bethel	1
bestow	1
besprinkled	1
bery	1
berry	1
berries	1
berried	1
bercan	1
bequest	1
bequeath	1
benumbed	1
bennchor	1
benignus	1
benighted	1
benediction	1
benedictine	1
benedict	1
benburb	1
bemorse	1
belts	1
belly	1
bellows	1
beigh	1
behoof	1
beholding	1
behaviour	1
begun	1
beguiler	1
begone	1
begins	1
beginning	1
beforehand	1
bedridden	1
bede	1
becomes	1
beckons	1
beckoning	1
becket	1
beatitudes	1
beating	1
beati	1
beaten	1
beara	1
beamless	1
beaming	1
beakers	1
beaker	1
beak	1
beagle	1
beaded	1
bead	1
bcqueath'd	1
bayed	1
bawn	1
bauner'd	1
bauble	1
battleford	1
battled	1
battle-axe	1
battens	1
baths	1
bathes	1
bathed	1
bat	1
bastard	1
basket	1
bask	1
basilic	1
basil	1
bases	1
baseness	1
based	1
barter	1
bars	1
barriers	1
barricades	1
barred	1
barnes	1
bardic	1
barbarous	1
barbaric	1
baptist	1
baptismal	1
baptism	1
banters	1
banshee	1
bannockburn	1
banning	1
bannered	1
bann'd	1
banish	1
banged	1
bandit	1
bandage	1
banburb	1
baltard	1
balor	1
balmy	1
balmiest	1
bale	1
balanced	1
bad'st	1
backs	1
bacchantes	1
bacchanals	1
bacchanalian	1
babylon	1
babel	1
babbled	1
ayer	1
awkwardly	1
awhile	1
awful	1
awakened	1
avonmore	1
avise	1
avho	1
averse	1
avengers	1
avenged	1
ave	1
avatches	1
avail	1
autumns	1
authority	1
auspice	1
ausonia	1
auguster	1
august	1
aughrim	1
attire	1
attic	1
attest	1
attended	1
atom	1
atlantic	1
athwart	1
athuneee	1
athenry	1
athdara	1
astral	1
astonishment	1
astonished	1
assunta	1
assumptions	1
assumption	1
assume	1
assigned	1
assert	1
assassin	1
aspiring	1
aspires	1
aspirations	1
aspiration	1
asperities	1
aspect	1
aslies	1
asked	1
askeaton	1
ashamed	1
ascent	1
ascends	1
artists	1
artillery	1
arrow	1
arriving	1
arraying	1
arraigned	1
arno	1
armorica	1
arming	1
armagh	1
armada	1
arkwright	1
argyle	1
argo	1
argial	1
ardours	1
ardmagh	1
archive	1
arched	1
arcady	1
arcadian	1
arbour	1
arab	1
approaching	1
appointed	1
application	1
applause	1
appears	1
appeared	1
appear	1
apostate	1
aonian	1
aodh	1
antrim	1
antlers	1
antiphons	1
antetype	1
antedate	1
ante	1
anointed	1
anoint	1
annul	1
annoy	1
announced	1
anneal'd	1
anna	1
angles	1
angle	1
angelis	1
angelical	1
anejels	1
anduoneknowstheday	1
andromache	1
andmoors	1
anchors	1
anchoret	1
anarchy	1
anacreontics	1
ampler	1
amphora	1
ami	1
amethystine	1
amethyst	1
america	1
amergin	1
amend	1
amen	1
ambushed	1
ambition	1
amaranth	1
amain	1
alternate	1
altered	1
als	1
alps	1
alpheus	1
alp	1
aloes	1
allowed	1
alleys	1
alleviations	1
allegory	1
alike	1
alight	1
alexander	1
ale	1
alban	1
alb	1
akin	1
aisle	1
aim	1
ailed	1
agueish	1
afterwards	1
afresh	1
affrights	1
affluent	1
aeboe	1
advances	1
advanced	1
adrian	1
adoption	1
adoi'ed	1
admiring	1
admire	1
admiration	1
adjured	1
adieu	1
adelm	1
adder	1
add	1
adamant	1
adam	1
acroceraunian	1
achieve	1
accuse	1
accurate	1
accost	1
accomplished	1
accidental	1
accession	1
accepting	1
accepted	1
accept	1
abusing	1
abused	1
absolving	1
absolve	1
absent	1
abortive	1
abjection	1
abideth	1
abide	1
abdiel	1
abbeys	1
abasement	1
abase	1
abandoned	1
abandon	1
a.ip	1
^ttf	1
^	1
],	1
])	1
]	1
\\	1
\	1
>nce	1
>	1
<>wye	1
1	1
/	1
.-	1
.''	1
.")	1
-"	1
*?	1
("	1
'•'	1
'.	1
'*	1
'&■	1
"*	1
"),	1
!''	1
!'	1
!"*	1
