,	3267
the	1818
—	1195
and	1143
!	1109
of	665
a	561
to	507
in	490
that	413
;	361
.	269
her	258
|'s|	256
i	252
thy	249
on	238
like	231
as	213
is	211
with	195
all	187
its	186
my	170
but	162
over	157
it	156
his	156
where	150
from	147
for	145
not	137
thou	131
when	124
thee	122
which	121
their	114
by	113
heart	112
are	109
upon	104
oh	104
have	98
|arabic3digit|	94
spirit	92
'	88
away	85
|arabic2digit|	84
was	83
love	82
be	82
she	81
has	80
may	79
|arabic1digit|	77
light	75
one	72
far	71
they	70
yet	69
no	69
through	66
night	65
he	65
or	63
at	63
we	61
more	59
never	58
me	58
eye	58
who	57
shall	56
along	55
still	54
sky	53
years	52
there	52
breast	52
bright	51
while	49
thine	48
soul	48
long	47
many	46
flowers	46
beauty	46
now	45
life	45
every	45
day	45
then	44
so	44
an	44
come	43
art	43
"	43
whose	42
were	42
weep	42
too	42
had	42
young	41
hope	41
own	40
him	40
ever	40
dream	39
youth	38
see	38
sea	38
our	38
music	38
land	38
how	38
would	37
page	37
heaven	37
world	36
this	36
some	36
lonely	36
again	36
will	35
should	35
:	35
though	34
round	34
home	34
high	34
gone	34
|romannumeral|	33
till	33
rest	33
note	33
if	33
waters	32
thoughts	32
tears	32
last	32
waves	31
those	31
sun	31
smiles	31
hopes	31
beneath	31
above	31
time	30
song	30
sigh	30
mid	30
brow	30
around	30
them	29
sorrow	29
smile	29
each	29
dark	29
before	29
amid	29
past	28
part	28
hearts	28
eyes	28
dreams	28
what	27
truth	27
loved	27
hours	27
hour	27
fair	27
deep	27
vain	26
thousand	26
tear	26
sad	26
memory	26
here	26
been	26
alone	26
(	26
than	25
joy	25
fancy	25
blessed	25
thought	24
sleep	24
skies	24
moon	24
looks	24
blue	24
|arabic4digit|	23
wings	23
wild	23
wert	23
sweet	23
summer	23
form	23
flower	23
breeze	23
tis	22
pure	22
only	22
lost	22
days	22
broken	22
beautiful	22
within	21
wing	21
look	21
lie	21
left	21
holy	21
hear	21
grave	21
cold	21
-	21
wave	20
vision	20
silent	20
must	20
down	20
clouds	20
back	20
up	19
thing	19
stars	19
moonlight	19
made	19
hast	19
forth	19
earth	19
dead	19
adieu	19
these	18
such	18
sighs	18
seems	18
ray	18
oft	18
nor	18
into	18
ere	18
comes	18
cheek	18
cannot	18
billows	18
after	18
way	17
very	17
us	17
think	17
spell	17
soft	17
power	17
out	17
once	17
native	17
meet	17
make	17
hung	17
gloom	17
gentle	17
\	17
turn	16
tomb	16
sits	16
shore	16
save	16
other	16
new	16
name	16
magic	16
forms	16
early	16
could	16
child	16
bowers	16
?	16
why	15
tale	15
sunny	15
spring	15
sound	15
since	15
shadows	15
rise	15
play	15
know	15
heard	15
go	15
gladness	15
glad	15
feeling	15
bird	15
vale	14
things	14
smiling	14
lovely	14
hill	14
grief	14
fling	14
dim	14
)	14
well	13
wanders	13
stream	13
star	13
spirits	13
n	13
mine	13
methinks	13
low	13
given	13
gay	13
gale	13
darkness	13
cloud	13
calm	13
burning	13
bosom	13
born	13
air	13
whom	12
waste	12
voice	12
streams	12
sounds	12
single	12
roll	12
pain	12
ocean	12
mind	12
lone	12
little	12
line	12
let	12
echo	12
distant	12
dew	12
brighter	12
*	12
wind	11
weary	11
warm	11
visions	11
touch	11
tell	11
t	11
sadness	11
quiet	11
picture	11
mother	11
man	11
lyre	11
hath	11
half	11
golden	11
god	11
friends	11
fondly	11
flung	11
feelings	11
fears	11
even	11
die	11
dear	11
children	11
can	11
break	11
bloom	11
beam	11
!)	11
yonder	10
withering	10
withered	10
wherever	10
wasted	10
vast	10
sunshine	10
storms	10
sleeps	10
shed	10
shadow	10
seas	10
roses	10
precious	10
pass	10
old	10
murmurs	10
met	10
linger	10
lines	10
lights	10
lies	10
hundred	10
head	10
harp	10
hand	10
hallowed	10
glory	10
give	10
gales	10
forget	10
fond	10
flight	10
first	10
feet	10
feel	10
fall	10
faded	10
darkly	10
cherished	10
brain	10
blight	10
beyond	10
bear	10
am	10
winds	9
west	9
wept	9
watched	9
wander	9
true	9
trace	9
tone	9
strings	9
steals	9
spread	9
speak	9
sit	9
silver	9
shade	9
seem	9
sadly	9
rose	9
river	9
purple	9
prophet	9
point	9
perished	9
peace	9
passing	9
pale	9
notes	9
nature	9
main	9
m	9
living	9
leave	9
isle	9
island	9
happy	9
grew	9
glow	9
gleam	9
flow	9
flood	9
eastern	9
east	9
ear	9
desert	9
clime	9
brightly	9
blast	9
birds	9
year	8
won	8
win	8
wide	8
white	8
wandering	8
wandered	8
valley	8
used	8
track	8
tin	8
temple	8
tempest	8
sweetly	8
strife	8
storm	8
stands	8
southern	8
sings	8
silence	8
ship	8
shalt	8
rising	8
phantom	8
murmur	8
mighty	8
loves	8
looked	8
leaves	8
lay	8
kiss	8
keep	8
isles	8
hushed	8
human	8
haunts	8
haunt	8
glowing	8
gaze	8
gave	8
gathered	8
future	8
free	8
fountains	8
falls	8
fading	8
earthly	8
dull	8
daylight	8
darkened	8
childhood	8
came	8
brightness	8
brief	8
breath	8
blighted	8
birth	8
beams	8
about	8
!"	8
written	7
worth	7
wore	7
without	7
wishes	7
winged	7
weeping	7
watch	7
walk	7
wake	7
wailing	7
w	7
vessel	7
utter	7
turns	7
troubled	7
trees	7
told	7
tide	7
strain	7
stormy	7
start	7
sought	7
slumber	7
shine	7
seen	7
scenes	7
scene	7
queen	7
plain	7
perfume	7
passed	7
parting	7
often	7
off	7
mysterious	7
mount	7
mortal	7
morning	7
moral	7
mingle	7
might	7
mi	7
loud	7
lofty	7
lips	7
lingering	7
hills	7
hang	7
gold	7
fragrance	7
floranthe	7
fell	7
fate	7
farewell	7
fairy	7
evening	7
dove	7
dimmed	7
dimly	7
dies	7
deck	7
chase	7
bliss	7
below	7
beloved	7
beauteous	7
battle	7
angel	7
zone	6
yon	6
yes	6
wreck	6
worship	6
woman	6
vales	6
upward	6
u	6
twilight	6
tonight	6
tones	6
tomorrow	6
take	6
sung	6
stray	6
stood	6
steal	6
spot	6
sister	6
sing	6
sight	6
shroud	6
shrine	6
seek	6
scattered	6
savage	6
sail	6
s	6
run	6
roar	6
rivers	6
reared	6
rainbow	6
pleasure	6
pleasant	6
path	6
passion	6
parted	6
oracles	6
near	6
mountains	6
morn	6
mock	6
mirth	6
melancholy	6
maiden	6
lover	6
loveliness	6
lo	6
live	6
leaf	6
knew	6
incense	6
immortal	6
hues	6
h	6
grows	6
green	6
good	6
goes	6
glide	6
glass	6
girl	6
fount	6
fly	6
float	6
fled	6
flash	6
fade	6
face	6
eve	6
dry	6
dreary	6
dost	6
despair	6
depart	6
decay	6
de	6
darker	6
dare	6
crowd	6
city	6
call	6
brightest	6
breathed	6
bow	6
bound	6
b	6
azure	6
australia	6
ark	6
alas	6
word	5
winter	5
whole	5
water	5
watches	5
wakes	5
vainly	5
unfurled	5
treasure	5
tread	5
tongue	5
toil	5
thrown	5
throne	5
swell	5
surges	5
streamers	5
strand	5
stealing	5
st	5
solitude	5
silently	5
sighing	5
side	5
shores	5
shadowy	5
set	5
sand	5
sails	5
ruin	5
rises	5
remembered	5
regret	5
read	5
reach	5
rave	5
pride	5
plays	5
plan	5
paints	5
painted	5
none	5
myriad	5
muse	5
most	5
mood	5
moments	5
mingled	5
loneliness	5
less	5
learned	5
lead	5
late	5
lake	5
la	5
kind	5
k	5
just	5
joys	5
islands	5
holds	5
height	5
healing	5
hair	5
hail	5
gushing	5
ground	5
gods	5
glorious	5
glance	5
giant	5
gazing	5
gathering	5
gallant	5
full	5
floats	5
flame	5
find	5
fill	5
few	5
felt	5
fear	5
fancies	5
faith	5
f	5
eyed	5
e	5
dwell	5
do	5
distance	5
delight	5
death	5
dancing	5
dance	5
crown	5
crest	5
course	5
country	5
breathe	5
brave	5
bowl	5
bower	5
boundless	5
both	5
bosoms	5
better	5
bell	5
behold	5
bed	5
because	5
banner	5
another	5
alike	5
agony	5
ago	5
\.	5
."	5
!-	5
•	4
zephyrs	4
wrought	4
wrecks	4
wreath	4
wound	4
worse	4
woods	4
wither	4
wish	4
wilt	4
whispers	4
weeps	4
weaves	4
warrior	4
war	4
walls	4
walks	4
wafted	4
utters	4
twine	4
tree	4
towering	4
token	4
tides	4
thus	4
throb	4
thai	4
tempests	4
swells	4
sweets	4
sweetness	4
sweeps	4
sunset	4
sunlight	4
stone	4
stole	4
stainless	4
stain	4
springs	4
spreads	4
splendour	4
soon	4
songs	4
sometimes	4
soldier	4
softly	4
softer	4
snowy	4
smiled	4
slumbering	4
sir	4
sinks	4
silken	4
shapes	4
sees	4
scarce	4
same	4
sacrifice	4
ringlets	4
ride	4
revealed	4
return	4
repose	4
remember	4
regions	4
record	4
rear	4
proudly	4
poet	4
placid	4
perish	4
pause	4
paradise	4
pang	4
pageant	4
orange	4
op	4
onward	4
nursed	4
nightingale	4
newborn	4
natives	4
mute	4
mountain	4
monarch	4
moment	4
mingling	4
mild	4
mercy	4
men	4
maze	4
mar	4
makes	4
maid	4
lord	4
livelong	4
listen	4
lion	4
lift	4
learn	4
leafy	4
language	4
lands	4
laid	4
itself	4
israel	4
ill	4
host	4
holiest	4
hi	4
hero	4
hem	4
heavy	4
hears	4
hardy	4
happier	4
hangs	4
halls	4
grow	4
groves	4
great	4
grace	4
gliding	4
glides	4
gentler	4
genius	4
gem	4
g	4
friendship	4
friend	4
found	4
forgot	4
foreign	4
fold	4
flown	4
floated	4
flings	4
flashing	4
fires	4
fire	4
fed	4
father	4
fame	4
false	4
fairies	4
faint	4
eucalyptus	4
ellen	4
echos	4
eastward	4
dying	4
dreaming	4
dreamed	4
draws	4
dog	4
dirge	4
died	4
dews	4
depths	4
dearly	4
crimson	4
coral	4
control	4
chords	4
chaplet	4
cast	4
busy	4
burst	4
buried	4
built	4
breathes	4
bid	4
banks	4
among	4
ages	4
age	4
against	4
afar	4
across	4
\\	4
.'	4
■	3
you	3
worn	3
worlds	3
work	3
words	3
witching	3
widowed	3
went	3
web	3
weave	3
wears	3
wear	3
weakness	3
we'll	3
wasting	3
wastes	3
warms	3
wall	3
waked	3
waits	3
vow	3
visioned	3
veil	3
valleys	3
unto	3
unseen	3
unheard	3
unclouded	3
un	3
two	3
twined	3
twas	3
treasures	3
town	3
tombs	3
today	3
thv	3
thinks	3
theme	3
temples	3
taught	3
takes	3
taint	3
systems	3
sword	3
swelling	3
sweetest	3
surely	3
suns	3
summits	3
sublime	3
string	3
strength	3
story	3
stem	3
steep	3
startled	3
starry	3
stamped	3
sprung	3
spreading	3
sport	3
spells	3
speaks	3
souls	3
sorrows	3
soothing	3
soothe	3
sons	3
something	3
softest	3
softened	3
slumbers	3
slept	3
singing	3
sin	3
simple	3
silvery	3
shrouds	3
shrines	3
showers	3
short	3
shivered	3
shapeless	3
shakespeare	3
shades	3
setting	3
sends	3
seemed	3
seeks	3
second	3
seal	3
science	3
saw	3
sat	3
sans	3
said	3
roving	3
rouse	3
rouen	3
rolled	3
rod	3
rocks	3
rocked	3
rock	3
rides	3
rich	3
repine	3
redeem	3
recall	3
rears	3
re	3
rays	3
quenched	3
put	3
proud	3
promise	3
proas	3
prime	3
powers	3
poured	3
pole	3
points	3
poems	3
plumed	3
pledge	3
placed	3
place	3
pinions	3
perhaps	3
pauses	3
passions	3
passionate	3
others	3
orphan	3
onwards	3
ones	3
olive	3
offering	3
o	3
nothing	3
northern	3
north	3
neglected	3
nations	3
nameless	3
mystic	3
mystery	3
murmuring	3
much	3
mourning	3
mournful	3
mourner	3
motion	3
moslem	3
moonless	3
moan	3
mist	3
minstrel	3
meteor	3
melt	3
meets	3
meadows	3
mast	3
marks	3
mark	3
mantle	3
manly	3
lute	3
lovelier	3
lot	3
liquid	3
lingers	3
lightning	3
lightest	3
lighted	3
led	3
leans	3
le	3
launch	3
lady	3
kneel	3
kissed	3
king	3
kindness	3
keeps	3
kedron	3
jordan	3
jerusalem	3
ionia	3
indeed	3
im	3
il	3
horat	3
honest	3
holland	3
holier	3
hide	3
harps	3
harpings	3
happiness	3
hands	3
hadst	3
grove	3
graves	3
gorgeous	3
gleams	3
gleamed	3
glade	3
gives	3
gift	3
ghosts	3
gentlest	3
generous	3
gazed	3
gather	3
gain	3
gaily	3
furled	3
fruits	3
freedom	3
frail	3
forward	3
forehead	3
followed	3
flowery	3
floweret	3
fleeting	3
flashes	3
flag	3
fix	3
fitful	3
finger	3
fatal	3
fast	3
eyelid	3
europe	3
eternal	3
est	3
emblem	3
dyes	3
duty	3
dust	3
dreamer	3
draught	3
doom	3
divine	3
distress	3
did	3
dewy	3
desolation	3
desolate	3
deems	3
dawn	3
darts	3
cyclades	3
cry	3
creation	3
coming	3
clustering	3
cloudless	3
circling	3
chief	3
cheat	3
chartered	3
chaos	3
change	3
cease	3
caves	3
calls	3
called	3
bursting	3
brown	3
brought	3
brings	3
brightens	3
brightening	3
brightened	3
brighten	3
breezes	3
breathings	3
breathing	3
breasts	3
breaking	3
boy	3
bowed	3
bore	3
boat	3
blush	3
blossoms	3
blossomed	3
blossom	3
blooms	3
blood	3
bless	3
blaze	3
billowy	3
between	3
beside	3
being	3
behind	3
beating	3
beat	3
bears	3
bark	3
awhile	3
aurora	3
athens	3
asleep	3
ardent	3
arabia	3
any	3
anchor	3
ami	3
almost	3
al	3
afloat	3
adore	3
]	3
'•	3
■'	2
°	2
zephyr	2
youthful	2
your	2
yields	2
yield	2
wrong	2
wrathe	2
wrapped	2
wounded	2
worthless	2
worshipped	2
worm	2
workmen	2
woos	2
woo	2
wondrous	2
wonders	2
woe	2
wizard	2
witness	2
wintery	2
wins	2
wine	2
williams	2
wile	2
whispering	2
whence	2
weren	2
welcome	2
weariness	2
ways	2
waving	2
warnings	2
wantons	2
wanderings	2
waking	2
waited	2
wait	2
waft	2
votive	2
volcano	2
voices	2
voiceless	2
visitings	2
visionless	2
vines	2
vine	2
vigils	2
views	2
view	2
victor	2
vestal	2
venus	2
vanished	2
uttering	2
use	2
untold	2
unlike	2
universal	2
unhappy	2
unerring	2
undefined	2
tyre	2
type	2
turrets	2
turned	2
tune	2
tun	2
tu	2
trumpet	2
troy	2
trod	2
tribute	2
tremble	2
treasured	2
treads	2
trazene	2
tracks	2
towns	2
towers	2
towards	2
touched	2
took	2
tongues	2
together	2
titan	2
timid	2
times	2
tideless	2
thunder	2
throws	2
throng	2
throbbings	2
threw	2
thirst	2
thi	2
themselves	2
theii	2
th	2
tecum	2
taste	2
taper	2
tangled	2
taken	2
symbol	2
swiftly	2
swept	2
sweeter	2
sweep	2
sway	2
swarth	2
swan	2
superstition	2
sunk	2
sunbeam	2
sum	2
sudden	2
subject	2
strung	2
struggling	2
strides	2
stretched	2
streets	2
strayed	2
strange	2
stralia	2
strains	2
store	2
stooped	2
stoop	2
stillness	2
steers	2
steady	2
stays	2
stay	2
stately	2
starlight	2
stand	2
springing	2
spray	2
sported	2
spoke	2
splendours	2
spires	2
spider	2
spicy	2
sparkling	2
sparkle	2
south	2
soothed	2
sonken	2
solemn	2
sole	2
soar	2
snow	2
small	2
sleeping	2
slaves	2
slander	2
skv	2
skill	2
sketch	2
situation	2
sires	2
singular	2
sign	2
sighed	2
shun	2
shrink	2
shows	2
shining	2
shield	2
shepherd	2
shells	2
shaded	2
severing	2
sever	2
seraph	2
sent	2
selfish	2
seine	2
secret	2
seat	2
search	2
sealed	2
sculptures	2
screaming	2
sceptred	2
scented	2
scent	2
scarcely	2
say	2
sanctified	2
sailor	2
sailed	2
sadder	2
sacred	2
ruled	2
ruins	2
ruined	2
rude	2
rowers	2
rove	2
rosy	2
robe	2
roam	2
rival	2
ripple	2
rings	2
rests	2
restless	2
repressed	2
reply	2
replies	2
replied	2
rend	2
remind	2
remembrance	2
reft	2
reflected	2
reflect	2
red	2
reclined	2
receive	2
reads	2
raven	2
rapid	2
raised	2
radiant	2
race	2
r	2
push	2
purest	2
pulses	2
pulse	2
psalm	2
prize	2
privilege	2
pressure	2
prayer	2
powerless	2
pours	2
pour	2
pomp	2
polar	2
plumes	2
plume	2
plumage	2
playful	2
played	2
plants	2
planets	2
pining	2
pine	2
piled	2
pierce	2
phoenix	2
philosophy	2
phantoms	2
perishing	2
peril	2
perfumed	2
pennon	2
pebbles	2
pearl	2
paul	2
pasting	2
passionless	2
passes	2
parts	2
partner	2
pari	2
paradoxus	2
palms	2
paint	2
pains	2
pacific	2
p	2
overwhelming	2
ours	2
opens	2
open	2
oceans	2
oar	2
notasia	2
noonday	2
noon	2
noah	2
nigh	2
net	2
nestles	2
nest	2
nearest	2
nd	2
nay	2
naked	2
mv	2
mutter	2
murmurings	2
mouth	2
mourned	2
mounts	2
mouldering	2
morrow	2
moons	2
moonbeams	2
monuments	2
miles	2
milder	2
midnight	2
memories	2
memorials	2
melody	2
measured	2
marble	2
mansion	2
manhood	2
making	2
madness	2
lybian	2
lurk	2
lulled	2
lull	2
lowly	2
lowering	2
loving	2
lovers	2
loveliest	2
lorn	2
looking	2
lived	2
lists	2
lip	2
links	2
length	2
legends	2
least	2
leads	2
lays	2
laurel	2
launched	2
laughter	2
laughing	2
later	2
lash	2
lark	2
lamp	2
lakes	2
known	2
knell	2
kneels	2
kisses	2
kindly	2
joyous	2
journey	2
join	2
john	2
jewelled	2
jasmine	2
ivied	2
italian	2
ire	2
insect	2
inland	2
infant	2
indian	2
impressed	2
idols	2
idly	2
idle	2
icebergs	2
hy	2
hut	2
huntress	2
hunter	2
hum	2
hue	2
hower	2
horace	2
hoods	2
hint	2
himself	2
hides	2
hidden	2
hesperia	2
herself	2
herons	2
henceforth	2
heights	2
heavier	2
heaves	2
heavens	2
heavenly	2
hearth	2
haunted	2
harvest	2
hanging	2
hallows	2
guides	2
guide	2
grieve	2
griefs	2
greece	2
graceful	2
gossamer	2
gondola	2
glittering	2
glancing	2
gilded	2
gemmed	2
gayer	2
gathers	2
garlands	2
garland	2
gallantly	2
fullness	2
frown	2
freshest	2
fraught	2
fragrant	2
fragile	2
fostered	2
forgiven	2
fondness	2
following	2
follow	2
follies	2
flowed	2
flitting	2
flies	2
flew	2
flee	2
fit	2
fingers	2
fine	2
finds	2
field	2
fervid	2
feels	2
feather	2
feast	2
faults	2
farthest	2
fantasy	2
fane	2
fain	2
fades	2
faces	2
explored	2
expands	2
exile	2
established	2
england	2
endless	2
end	2
emu	2
empire	2
emerald	2
elves	2
elder	2
egeria	2
eden	2
echoing	2
echoes	2
ears	2
eagle	2
dwells	2
drooped	2
driven	2
dried	2
drew	2
drear	2
dreamy	2
drawn	2
done	2
dome	2
dolphin	2
divide	2
discovered	2
despite	2
descending	2
departed	2
delicious	2
deer	2
deeper	2
deem	2
decked	2
dazzling	2
dawns	2
dauntless	2
darkening	2
dans	2
d	2
cytees	2
cypress	2
curtain	2
curse	2
current	2
curl	2
crusade	2
crowns	2
critics	2
crime	2
cradle	2
covert	2
covered	2
cottage	2
cool	2
cook	2
continent	2
contended	2
consuming	2
consecrate	2
condemned	2
conceal	2
complains	2
common	2
colours	2
colour	2
clog	2
climes	2
climb	2
clear	2
circle	2
choose	2
chivalry	2
chide	2
chequered	2
cheers	2
cheerful	2
cheer	2
charmed	2
charm	2
chance	2
chain	2
cedars	2
cave	2
caught	2
cathedral	2
carmel	2
car	2
canst	2
calmly	2
cadence	2
bv	2
butterfly	2
bursts	2
burnished	2
bugle	2
buds	2
bud	2
bruised	2
brothers	2
brother	2
brook	2
brokenhearted	2
britain	2
bring	2
breaks	2
braided	2
bows	2
bounding	2
boughs	2
book	2
boldly	2
bold	2
blushing	2
blot	2
blooming	2
black	2
bitter	2
bind	2
billow	2
best	2
bends	2
bending	2
bend	2
belief	2
began	2
become	2
beaming	2
beach	2
bays	2
bay	2
battled	2
bathed	2
barks	2
autumn	2
aught	2
aspired	2
ask	2
aside	2
arrows	2
arrow	2
aromatic	2
arm	2
arc	2
araby	2
appears	2
appearance	2
anna	2
amsterdam	2
always	2
altar	2
also	2
albion	2
aisles	2
airy	2
airs	2
aid	2
ai	2
africa	2
affliction	2
adrian	2
adoration	2
ache	2
^	2
\<	2
>	2
**	2
'.	2
',	2
"'	2
!'	2
••inpin	1
»..».«.	1
»	1
~	1
|arabic5+digit|	1
zoe	1
zion	1
zenith	1
zealanders	1
zealand	1
zde	1
younger	1
youn	1
yoi	1
yl'iet	1
yellow	1
yell	1
ye	1
wyntei	1
wrote	1
wronged	1
write	1
writ	1
wreathed	1
wrath	1
wraps	1
woven	1
wove	1
wouldst	1
worthier	1
worst	1
worships	1
works	1
woodbine	1
wood	1
wondering	1
women	1
woke	1
woidd	1
woes	1
wlio	1
withonte	1
withoate	1
witchinglv	1
witchcraft	1
wiser	1
wise	1
wiped	1
winjjs	1
windings	1
winding	1
willow	1
willi	1
wilds	1
wildness	1
wildly	1
widows	1
widens	1
wi	1
whsre	1
whost	1
whoso	1
wholesome	1
whither	1
whistle	1
whispered	1
whirlwind	1
whirling	1
whimpering	1
wheresoever	1
whatever	1
wetj	1
wet	1
westward	1
western	1
weltbe	1
well-known	1
welde	1
weight	1
weighed	1
weepers	1
weedy	1
weeds	1
wed	1
weathered	1
wearying	1
weapons	1
weak	1
wavelets	1
waved	1
wav	1
watery	1
waterfalls	1
watching	1
warriors	1
warning	1
warmest	1
warhorse	1
warfare	1
want	1
waning	1
wanderers	1
wanderer	1
wan	1
walled	1
walking	1
waker	1
wakens	1
wakened	1
waken	1
waiting	1
waist	1
wafts	1
wa	1
vows	1
votaress	1
volm	1
volcanic	1
voix	1
void	1
vocal	1
vms	1
vm	1
vivere	1
vistas	1
visits	1
visited	1
visitant	1
visionist	1
virtues	1
virtue	1
virgin	1
violet	1
villas	1
village	1
vigxette	1
vignette	1
viewless	1
vieux	1
vie	1
vessels	1
vespers	1
verxet	1
verse	1
vernet	1
vernal	1
verge	1
veracious	1
venusia	1
venturous	1
ventured	1
venice	1
vengeance	1
veins	1
veils	1
veiled	1
vdk	1
vassals	1
vassal	1
varying	1
varies	1
varied	1
vapours	1
vanishing	1
vampires	1
valued	1
valour	1
vague	1
vacant	1
uy	1
uttermost	1
uttered	1
utopian	1
usual	1
ustr.vuv	1
urn	1
ureal	1
upreared	1
upper	1
upas	1
uo	1
untrodden	1
untaught	1
untaughl	1
unsuccessful	1
unsubdued	1
unstained	1
unrecorded	1
unquiet	1
unobstructed	1
unnumbered	1
unnoted	1
unmarked	1
unknown	1
unkindness	1
unkind	1
units	1
unite	1
union	1
unheeded	1
ungilded	1
unforgot	1
unexprest	1
undying	1
undiscovered	1
under	1
unchanged	1
unbosoms	1
unborn	1
unbend	1
ultra	1
uk	1
uh	1
tyrian	1
tyrant	1
twixt	1
twin	1
twill	1
twere	1
twenty	1
tvvixt	1
tvestern	1
tutored	1
turning	1
turk	1
turf	1
turbid	1
turbaned	1
tuou	1
tunes	1
tuneless	1
tuneful	1
tunc	1
tumult	1
tumid	1
tully	1
try	1
trust	1
truly	1
truce	1
trouble	1
tropic	1
trophies	1
trojan	1
trifle	1
tried	1
tribes	1
tress	1
trembling	1
trembles	1
treason	1
treading	1
trazcne	1
traveller	1
travelled	1
travaille	1
traskdy	1
transient	1
transgressing	1
trampling	1
trampled	1
train	1
trailing	1
traii	1
traditional	1
trackless	1
tracked	1
tra	1
tq	1
tporuitov	1
tower	1
tow	1
tothk	1
total	1
tossing	1
tossed	1
toss	1
torrents	1
torrent	1
torpid	1
topographical	1
topes	1
topazes	1
top	1
tole	1
tokene	1
tlu	1
tlnj	1
tliv	1
tliat	1
tli<it	1
title	1
tit	1
tisioned	1
tint	1
tins	1
tinkling	1
tini	1
tiller	1
tilings	1
tiik	1
tiieir	1
tiiatteah	1
tigris	1
ties	1
tier	1
tidings	1
tidcluss	1
tics	1
tibiis	1
thyself	1
throw	1
throughout	1
throned	1
throbs	1
thrill	1
three	1
threaten	1
thread	1
thoughtless	1
thoughl	1
thomas	1
thmi	1
thke	1
thk	1
thistle	1
thirsts	1
third	1
thickets	1
theskv	1
thesium	1
thereof	1
theorise	1
theories	1
themes	1
thek	1
thej	1
theirs	1
thedreams	1
thebes	1
terres	1
terre	1
terms	1
tented	1
tent	1
tends	1
tender	1
tenant	1
tempter	1
tempt	1
tells	1
tearful	1
teardrop	1
teach	1
te	1
tceep	1
tb	1
tasting	1
tasso	1
tasmania	1
tasman	1
task	1
tameless	1
tall	1
talked	1
talk	1
taking	1
tablet	1
t/ii/	1
t)f	1
t'oi/uge	1
syrian	1
syria	1
synne	1
sympathies	1
symar	1
sydney	1
swears	1
swarthy	1
swans	1
swallows	1
survive	1
surrounding	1
surrounded	1
surpassing	1
surface	1
sure	1
surae	1
sur	1
supremely	1
suppressed	1
supported	1
suppl	1
sunrise	1
sunned	1
sunbeams	1
summons	1
summit	1
suffered	1
succeeded	1
subtle	1
substance	1
subdued	1
stynkynge	1
stupendous	1
struggle	1
structures	1
strown	1
strow	1
strong	1
stroki	1
stroke	1
striving	1
strives	1
strive	1
strikes	1
strike	1
stricken	1
strewed	1
strew	1
stretches	1
stretch	1
strangers	1
stranger	1
strall	1
straliv	1
stral	1
straj	1
stra.lia	1
stove	1
stories	1
stores	1
stones	1
stkali	1
stirs	1
stirred	1
stir	1
stifled	1
stern	1
steps	1
stepped	1
step	1
steer	1
steeds	1
steed	1
ste	1
stbe	1
stayed	1
statelier	1
state	1
stanzas	1
standing	1
stamping	1
stamp	1
stained	1
stagnant	1
staff	1
stael	1
spots	1
spoken	1
spoils	1
splendid	1
spiiits	1
sphinx	1
spheres	1
sphere	1
spent	1
spectres	1
spectacle	1
spear	1
spartan	1
sparkled	1
spared	1
spanned	1
spanish	1
spangled	1
spain	1
space	1
sp	1
sovereigns	1
southward	1
sounding	1
souhaite	1
sonante	1
somewhere	1
somewhat	1
somer	1
solved	1
solitary	1
soldi	1
solaced	1
soil	1
soid	1
softening	1
sodom	1
sod	1
social	1
snows	1
snatched	1
snare	1
smote	1
smoother	1
smitten	1
smite	1
smi/cs	1
smart	1
slumberingly	1
slumberest	1
slumbered	1
sloping	1
sling	1
sleepily	1
slaughters	1
skulking	1
skirts	1
skilled	1
skilful	1
sketched	1
sketchbook	1
skcomi	1
si£k.nl	1
situate	1
sitting	1
sittest	1
site	1
sire	1
sips	1
sip	1
sion	1
sink	1
simoom	1
siloa	1
signal	1
sides	1
sickness	1
sickly	1
sickening	1
sickened	1
sick	1
sibyl	1
si.k.i'.l	1
si'k1\<	1
shut	1
shrouding	1
shrouded	1
shrineless	1
shown	1
shower	1
showed	1
show	1
shouting	1
shout	1
shouldst	1
shorn	1
shoots	1
shone	1
shock	1
shines	1
shiine	1
sheltered	1
shelter	1
shell	1
sheeted	1
sheds	1
shaved	1
shaped	1
shape	1
shake	1
shady	1
shadowless	1
shadowings	1
seyne	1
severed	1
seven	1
seu	1
sets	1
serkn	1
sergeant	1
serenely	1
serenades	1
serenade	1
seraphs	1
sequestered	1
sequemm	1
separation	1
separated	1
sense	1
send	1
self	1
seize	1
segor	1
seekest	1
seeing	1
seeds	1
sedges	1
seboym	1
searing	1
searching	1
seaman	1
scutcheons	1
scroll	1
scriptural	1
scorn	1
scorching	1
scone	1
schools	1
schalle	1
scattering	1
scatter	1
scarlet	1
scans	1
scale	1
savannahs	1
saul	1
sau	1
sapphire	1
sanctity	1
sallied	1
sake	1
saints	1
saint	1
sailors	1
safe	1
sabre	1
sabbath	1
s1ik	1
rx/ifta	1
rved	1
rutin	1
rust	1
rushing	1
rush	1
rules	1
rule	1
rugged	1
rudest	1
ruder	1
rudely	1
ruby	1
rr	1
royal	1
roves	1
rovers	1
ross	1
roofless	1
rome	1
roman	1
rolls	1
rode	1
robber	1
roaring	1
roams	1
roamed	1
road	1
rne	1
rittbm	1
risest	1
rires	1
rintis	1
ringlet	1
rin	1
rills	1
rill	1
right	1
rife	1
riding	1
riders	1
riddle	1
richard	1
rhyme	1
review	1
revels	1
revel	1
reveals	1
revealing	1
reveal	1
returns	1
retrouver	1
retains	1
retaining	1
restores	1
restored	1
restore	1
rested	1
respite	1
resounds	1
resembling	1
resemblance	1
reprove	1
reproachfully	1
reposing	1
replant	1
repeats	1
repass	1
repair	1
remembers	1
remain	1
religion	1
relics	1
rejoice	1
reigns	1
register	1
region	1
refuse	1
refugi	1
reflects	1
reflection	1
reeds	1
redolent	1
redeeming	1
records	1
reckless	1
recess	1
receiving	1
receives	1
received	1
reason	1
reaped	1
realms	1
rbmbmbeb	1
rauilow	1
rather	1
rapt	1
rank	1
ranger	1
range	1
ran	1
ramblings	1
rale	1
raises	1
raise	1
rain	1
raging	1
ra's	1
quo	1
quiver	1
quit	1
quille	1
quenchless	1
quench	1
que	1
quail	1
quafft	1
quadruped	1
qu'il	1
qrnithoryncut	1
pyres	1
pyre	1
pyramids	1
puzzle	1
puts	1
pursued	1
purity	1
purified	1
purer	1
pur	1
ptidica	1
prudence	1
prow	1
proverbs	1
proved	1
protean	1
prospect	1
prophecy	1
prone	1
promises	1
promised	1
product	1
prodigal	1
probable	1
proba	1
prisoned	1
princely	1
priests	1
priestess	1
prey	1
pressed	1
preserve	1
presence	1
prejudices	1
precedents	1
precedent	1
prayers	1
prayed	1
praise	1
possesses	1
portion	1
portalled	1
portal	1
port	1
porpoise	1
porphyry	1
poop	1
pool	1
poles	1
poisons	1
poison	1
pointing	1
poets	1
poetical	1
plus	1
plummet	1
pluck	1
pleiads	1
pledged	1
pleasing	1
pleadings	1
pleading	1
playfulness	1
plant	1
planet	1
plait/pus	1
plains	1
places	1
pjaias	1
pity	1
pitch	1
pisgahj	1
pipe	1
piomise	1
pines	1
pined	1
pilot	1
pillowed	1
pillow	1
pillared	1
pilgrim	1
pile	1
pigmies	1
piercing	1
pictured	1
pict	1
picked	1
pibroch	1
phoebus	1
philosophers	1
phantasies	1
peyrouse	1
pest	1
peron	1
permittet	1
permitted	1
peritcian	1
perfumes	1
perchance	1
perambnlabis	1
peopled	1
people	1
pensive	1
pennant	1
pencil	1
pelican	1
peeling	1
peaceful	1
paw	1
pavilion	1
paved	1
paused	1
patriots	1
patre	1
pathway	1
paths	1
pathless	1
patent	1
pastures	1
passionflower	1
passage	1
party	1
particularly	1
parti	1
paring	1
parade	1
par	1
papua	1
pants	1
pant	1
panoramic	1
palmyra	1
palmy	1
palm	1
pall	1
palace	1
painting	1
pai/its	1
pages	1
pageantry	1
pa	1
owns	1
owned	1
owl	1
owhyhee	1
owe	1
overflowings	1
outlet	1
oub	1
otway	1
ort	1
ornithoryncus	1
ornamented	1
orient	1
order	1
orbs	1
opinions	1
online	1
olympus	1
olympius	1
olympian	1
olympia	1
olives	1
olid	1
oli	1
ok	1
ojj	1
ofour	1
oflove	1
ofierest	1
offish	1
offered	1
offend	1
oer	1
oed	1
observed	1
obscurely	1
obliquely	1
objects	1
objected	1
obeain	1
oars	1
oara	1
oak	1
nursling	1
nursing	1
nun	1
numbers	1
nuit	1
nt	1
nought	1
noticing	1
notasian	1
nos	1
northward	1
normandy	1
nohh	1
nods	1
noblest	1
noble	1
nobility	1
niv	1
nil	1
nights	1
nightly	1
nightingales	1
newton	1
newt	1
newly	1
nestled	1
neptune	1
negro	1
needest	1
necromantic	1
necks	1
nears	1
nc	1
navies	1
nave	1
natural	1
natun	1
natora	1
nation	1
narrowness	1
narrow	1
narcissus	1
names	1
nail	1
mythology	1
myrtles	1
mutt	1
musique	1
musings	1
musing	1
munchausens	1
muffled	1
muat	1
mteka	1
mounting	1
mouldings	1
mould	1
mot	1
mornings	1
moorings	1
moonlicht	1
moonbeam	1
monument	1
months	1
monstrous	1
monarchs	1
mol	1
mocked	1
mmi'.i	1
mm	1
ml	1
mixtum	1
mixed	1
mit	1
missioned	1
misfortune	1
misery	1
miscellaneous	1
mirza	1
mirrors	1
minutes	1
minstrelsy	1
minstrels	1
minor	1
ministers	1
mingles	1
mines	1
minds	1
mimin	1
mimicked	1
milton	1
mill	1
mildew	1
mil	1
miiiiiiou	1
mihi.i	1
mignard	1
mien	1
midway	1
midst	1
mid-air	1
methought	1
methiuks	1
messages	1
message	1
merry	1
meropel	1
mermaid	1
mental	1
memphis	1
memorial	1
melted	1
mellowing	1
melaleuca	1
meiodie	1
meeting	1
medicinal	1
medea	1
measure	1
meant	1
meandering	1
mc	1
mate	1
master	1
masques	1
mask	1
martyred	1
mart	1
marshes	1
marshals	1
marking	1
marked	1
mariner	1
marine	1
mantuan	1
manner	1
manna	1
mandeville	1
malheur	1
malay	1
mal	1
majestic	1
mai	1
magnificent	1
magnificence	1
magnet	1
magellan	1
maddening	1
madame	1
ma	1
m)v	1
lustres	1
lustre	1
lust	1
lurks	1
lurking	1
lurked	1
lured	1
lulling	1
luconia	1
lowlands	1
lowest	1
louvre	1
loudest	1
lordly	1
lor	1
loosed	1
longer	1
lonelier	1
lond	1
loftier	1
lock	1
local	1
lobsters	1
lob	1
loaded	1
load	1
lnzas	1
lnsitania	1
ln	1
llowe'er	1
lliego	1
ljra	1
lizard	1
lives	1
livery	1
livelier	1
listeth	1
listening	1
list	1
lisq	1
linton	1
lint	1
linked	1
lin	1
limits	1
limestone	1
limage	1
lily	1
lilt	1
likewise	1
liinil	1
liij.li	1
lightnings	1
lightly	1
lighting	1
lighter	1
lightens	1
lighten	1
lifts	1
lifeless	1
liest	1
lield	1
liei	1
lid	1
liberal	1
libens	1
lias	1
liad	1
lia	1
lews	1
levee	1
lest	1
leprosy	1
leopatka	1
lent	1
legacies	1
leavest	1
learning	1
leaps	1
leafless	1
leaden	1
lea	1
lcfioss	1
lbopatrjl	1
lb	1
lawns	1
law	1
lavished	1
lav	1
laugh	1
lattice	1
latter	1
latmos	1
latitudes	1
latitude	1
latian	1
latest	1
lashes	1
langage	1
landscapes	1
landscape	1
landlocked	1
landing	1
lamented	1
lain	1
ladylove	1
ladies	1
labours	1
labour	1
l\f)y	1
l>le	1
l>ird	1
l.'tfi	1
l'&stre	1
ku	1
kti	1
ksps	1
ks	1
kou	1
kor	1
knowledge	1
knowest	1
know'st	1
knelling	1
kllen	1
kitten	1
kings	1
kindred	1
kindling	1
kill	1
kerguelen	1
kept	1
kepi	1
ken	1
kangaroo	1
jupiter	1
june	1
juiet	1
judah	1
jove	1
journeying	1
joo	1
jn	1
jl	1
jewel	1
jetty	1
jet	1
jesse	1
jaws	1
jargon	1
japan	1
ja	1
j	1
ivyivs	1
ivy	1
ivv	1
ivauty	1
ivanders	1
itui	1
itsthrobbings	1
issue	1
islets	1
isits	1
irritation	1
irn.\	1
iritev	1
iris	1
ir	1
iphitus	1
ioveliru>	1
io	1
inure	1
intrude	1
introduction	1
intervene	1
intertwined	1
interfere	1
intelligent	1
intellectual	1
insects	1
ins	1
innovation	1
inner	1
inn	1
influence	1
infecting	1
inarch	1
imt	1
impels	1
impearled	1
impassable	1
imparts	1
impart	1
immortalities	1
immensity	1
immense	1
immediate	1
imc	1
imagination	1
images	1
image	1
ilelle	1
ike	1
ik	1
iiut	1
iiou	1
iilioute	1
iiii	1
ight	1
iethiop	1
idolatry	1
idol	1
idler	1
icy	1
ibws	1
iaii.i	1
i<ar	1
i.ngs	1
i.hy	1
i.aim	1
i'was	1
i'ootsh	1
i'll	1
i'infortune	1
hymn	1
hylas	1
hush	1
husband	1
hurricanes	1
hurled	1
hundredth	1
hundreds	1
humbler	1
humble	1
huet	1
htm	1
hrow	1
hred	1
hr	1
hovers	1
hovered	1
houses	1
household	1
horse	1
horrid	1
horizon	1
hopkinson	1
hoots	1
hook	1
homeless	1
homebred	1
homage	1
holiness	1
hobart	1
hoarded	1
ho	1
hloweth	1
hki	1
hk	1
hitter	1
historical	1
hints	1
hings	1
hiiigs	1
hied	1
hid	1
hh	1
hewn	1
hesperian	1
hesper	1
hers	1
herbage	1
help	1
helm	1
hellas	1
heirs	1
hei	1
heel	1
hebron	1
hebrides	1
heaving	1
heavily	1
heaved	1
heave	1
heather	1
heat	1
heartbroken	1
healed	1
heaits	1
having	1
haven	1
hat	1
hasten	1
hartog	1
harper	1
hark	1
harebell	1
hardly	1
hard	1
harbours	1
haply	1
hans	1
hammer	1
hamlets	1
hallowing	1
hallow	1
halloo	1
halfway	1
halcyon	1
hakp	1
haidlm'l	1
habitation	1
h.tunt	1
gush	1
gum	1
guitar	1
guise	1
guilt	1
guessed	1
guerdon	1
guardian	1
grttvt	1
growth	1
grown	1
growing	1
growen	1
grieving	1
grieved	1
grey	1
greet	1
greenwood	1
greek	1
greec1	1
grecian	1
greal	1
grates	1
grate	1
grass	1
grasping	1
grandeur	1
gracefully	1
gourd	1
got	1
goodness	1
gondoliers	1
gomorre	1
goliath	1
goddess	1
goats	1
glows	1
glooms	1
gloomier	1
globe	1
glitter	1
glistened	1
glimpses	1
glenfinlas	1
gleanings	1
glassy	1
glances	1
glads	1
glades	1
glacier	1
givi	1
girt	1
girdling	1
girdled	1
girdle	1
gigantic	1
gifts	1
gideon	1
ghost	1
gently	1
gentleman	1
generally	1
gemming	1
gazes	1
gaudy	1
gath	1
gates	1
gate	1
garner	1
garish	1
gardens	1
garden	1
gallery	1
gala	1
gained	1
furnished	1
funereal	1
funeral	1
fulle	1
frutescent	1
fruitfid	1
front	1
frog	1
fringing	1
fretted	1
freshness	1
fresh	1
frequently	1
frequent	1
frenzied	1
freighted	1
franklin	1
frame	1
frailest	1
fragments	1
four	1
fountain	1
foundations	1
fought	1
fostering	1
fortune	1
forsaken	1
formerly	1
former	1
forlorn	1
forgotten	1
forgets	1
forfeit	1
foretold	1
forests	1
forest	1
foresls	1
forced	1
footstep	1
footfall	1
foot	1
food	1
fondest	1
folded	1
foes	1
foeman	1
foe	1
foam	1
fo	1
fnir	1
flutters	1
fluttering	1
flutes	1
flushing	1
flush	1
flows	1
flowing	1
flowerets	1
flowered	1
floods	1
floodgates	1
floni	1
flom	1
floiumhk	1
flocks	1
flock	1
floating	1
flit	1
flinging	1
flesh	1
fleets	1
fleetest	1
fleeted	1
fleet	1
fleecy	1
fleece	1
fleas	1
flaxen	1
flatterers	1
flashed	1
flap	1
flaming	1
flakes	1
fkvcmknt	1
fixing	1
fitter	1
firstlings	1
firstborn	1
firmly	1
firmament	1
fired	1
fins	1
finite	1
finelj	1
filled	1
fiery	1
fiercer	1
fierce	1
fidelity	1
fi.oranthk	1
fhidias	1
fevered	1
fever	1
fetters	1
fetter	1
fetre	1
fervour	1
fertile	1
feed	1
feeble	1
favoured	1
faulchion	1
fated	1
faster	1
fancied	1
falser	1
falcon	1
faithless	1
faithful	1
fairyland	1
fairest	1
faints	1
fainter	1
failing	1
fail	1
fadeless	1
fabled	1
fable	1
fab	1
exulting	1
extreme	1
extraordinary	1
exquisite	1
expressive	1
expression	1
explore	1
explained	1
exocarpus	1
exiles	1
exhale	1
exery	1
exception	1
excellent	1
exceed	1
evodian	1
eves	1
everything	1
everlasting	1
everj	1
everard	1
eveiy	1
evans	1
eurip	1
euphrates	1
eternity	1
et	1
esteemed	1
essence	1
escaped	1
escape	1
eruption	1
erudite	1
erst	1
error	1
erred	1
equal	1
epochs	1
envoy	1
entered	1
enshrouded	1
enshrined	1
enraptured	1
enough	1
enjoy	1
endymion	1
encyc	1
encircles	1
empyrean	1
empress	1
emitted	1
emerging	1
embodies	1
embarking	1
embalm	1
else	1
elongated	1
elle	1
elissa	1
elian	1
elevation	1
element	1
elde	1
either	1
eighteen	1
eight	1
egyptian	1
egypt	1
eglantine	1
efforts	1
effected	1
edition	1
edit	1
edged	1
ed	1
ebbing	1
ebb	1
eat	1
earthy	1
earthward	1
earliest	1
eagles	1
eager	1
dwindled	1
dwellings	1
dwelling	1
dwelled	1
dusky	1
dus	1
duiker	1
duck	1
ducal	1
dubious	1
drunk	1
drowns	1
drops	1
droops	1
drooping	1
drives	1
drinks	1
drink	1
drifts	1
dregs	1
dreandess	1
dreadful	1
dread	1
draw	1
drank	1
drain	1
doubts	1
doted	1
door	1
doomed	1
dolphins	1
doil	1
does	1
dm	1
dkk	1
dizzy	1
divinely	1
dividing	1
disturbs	1
distances	1
disregard	1
disputed	1
displayed	1
dispense	1
dismal	1
discursive	1
discomfiture	1
discloses	1
discharges	1
discerns	1
disappointed	1
directed	1
dipped	1
dims	1
dignity	1
didst	1
dido	1
dial	1
diadem	1
dewdrops	1
dewdrop	1
devoutly	1
devotion	1
devious	1
develes	1
deth	1
destruction	1
destiny	1
despots	1
despise	1
desires	1
designed	1
deserta	1
describing	1
derwent	1
deposited	1
demands	1
dells	1
dell	1
delivers	1
delicate	1
delay	1
defy	1
defied	1
defiance	1
deeps	1
deemed	1
deeds	1
decline	1
dechirement	1
deceased	1
deathbed	1
dearth	1
dearest	1
dearer	1
deaden	1
dea	1
dbad	1
dayspring	1
dawning	1
david	1
daughters	1
daughter	1
dative	1
dastards	1
dash	1
darting	1
darkens	1
daring	1
dares	1
danced	1
danby	1
dalfetidee	1
dales	1
daily	1
daii3	1
dad	1
da	1
cynthia	1
cynosure	1
cyndres	1
cuttethe	1
curlew	1
curious	1
cure	1
cup	1
cumbers	1
cuirass	1
cuckoo	1
crystals	1
crystal	1
crowds	1
crowding	1
crowded	1
cross	1
croit	1
crimes	1
crew	1
crested	1
crescent	1
crept	1
creep	1
creeking	1
creed	1
creatures	1
crater	1
cradled	1
crabs	1
cover	1
courts	1
courtly	1
counts	1
countless	1
counted	1
couch	1
cost	1
corpse	1
coronals	1
coronal	1
corner	1
corn	1
copyholds	1
cooled	1
conversion	1
controlled	1
contrasts	1
continents	1
consulte	1
constancy	1
consenting	1
consecration	1
conscious	1
conntree	1
connected	1
conjecture	1
conies	1
conic	1
confusion	1
confluence	1
confirmed	1
confession	1
cones	1
conceived	1
concealed	1
compressed	1
composition	1
composed	1
completed	1
complete	1
complaint	1
complained	1
commerce	1
commenced	1
comme	1
command	1
cometh	1
combining	1
columns	1
columned	1
columbus	1
columbia	1
coles	1
coldness	1
coldly	1
colder	1
coeval	1
coast	1
co	1
clown	1
closes	1
clod	1
clings	1
clinging	1
cling	1
climbing	1
climate	1
clepen	1
cleopatra	1
clematis	1
cleaves	1
clasped	1
clasp	1
clarion	1
clansman	1
claims	1
claim	1
cities	1
circumference	1
cincture	1
chronicler	1
chord	1
china	1
chimaera	1
chill	1
chieftain	1
chiding	1
chian	1
chest	1
checks	1
chateaubriand	1
chasto	1
chastened	1
chased	1
charms	1
character	1
chap	1
changing	1
changes	1
changeless	1
changeful	1
chamber	1
chalice	1
chains	1
chacun	1
century	1
centuries	1
cell	1
cedipus	1
cecropia	1
cecilia	1
ceaseless	1
ce	1
catch	1
cassowary	1
carthage	1
cars	1
carol	1
carnivals	1
carmkl	1
carmen	1
caress	1
care	1
captives	1
captain	1
capitol	1
capital	1
cape	1
canvas	1
cansl	1
canonised	1
canoi	1
canoes	1
cannel	1
cam	1
calms	1
calmer	1
caledonia	1
cain	1
c'ytees	1
bush	1
burnt	1
burned	1
buoying	1
buoyant	1
buoyancy	1
buna	1
build	1
bui	1
buffer	1
buck	1
buccaneer	1
btray	1
btralll	1
btem	1
bs	1
brutus	1
brushes	1
brush	1
browsing	1
brows	1
broke	1
british	1
brit	1
brine	1
bride	1
brethren	1
brente	1
breketh	1
bred	1
breakers	1
breaat	1
brea61	1
braves	1
brass	1
branch	1
brahma	1
braes	1
bquares	1
boulevards	1
bougainville	1
bottle	1
borrows	1
borrowed	1
borrow	1
boots	1
bong	1
bonds	1
bom	1
boly	1
boftness	1
bochart	1
boast	1
bo	1
blushes	1
bluer	1
blsbp	1
blows	1
blown	1
blowing	1
blow	1
blots	1
bloodred	1
blindly	1
blights	1
blessing	1
blent	1
blending	1
bleak	1
blasted	1
blank	1
blame	1
bketch	1
bivouac	1
bitterness	1
bitterest	1
bis	1
binks	1
billed	1
bill	1
bigot	1
bighl	1
bier	1
bide	1
bi	1
bhaltbe	1
bfi	1
betokened	1
bethesda	1
besyden	1
besides	1
beren	1
bereaving	1
bequeathed	1
bent	1
ben	1
belt	1
believing	1
believe	1
beholde	1
behest	1
beheld	1
beguile	1
begin	1
beek	1
bee	1
bedewing	1
beckons	1
beaviuess	1
beaux	1
beautilul	1
beatings	1
beaten	1
bean	1
beak	1
bathing	1
bathes	1
bates	1
basks	1
basil	1
base	1
barrister	1
barren	1
bare	1
bard	1
banquo	1
banners	1
band	1
balsam	1
balmy	1
balm	1
ballast	1
bale	1
balbec	1
badl1	1
bade	1
bad	1
backward	1
babylon	1
babel	1
babe	1
awakes	1
awakening	1
awakened	1
awake	1
avalanches	1
avait	1
aux	1
author	1
australian	1
australes	1
australasian	1
austral	1
aussi	1
aureum	1
au	1
attitude	1
atmosphere	1
athenians	1
athena	1
astray	1
astra	1
assistance	1
assembled	1
asphaltites	1
aspect	1
ashes	1
arts	1
arroo	1
arrested	1
array	1
arose	1
arms	1
arise	1
ariadne	1
arena	1
ardour	1
archipelago	1
archer	1
arch	1
arbour	1
ararat	1
application	1
apples	1
aphrodite	1
aol	1
antiquities	1
antiquates	1
anthem	1
antelope	1
ante	1
antarctic	1
ant	1
answers	1
anomalies	1
animals	1
anguish	1
angry	1
angels	1
andsrrrct	1
anciently	1
ancient	1
ancien	1
anacreontic	1
amusing	1
amulet	1
ample	1
amphibious	1
amorous	1
amertume	1
ambush	1
ambrosial	1
amber	1
altered	1
aloft	1
alight	1
aldama	1
albatross	1
al'sthu.i	1
ajid	1
ajalon	1
aineni	1
ail	1
aidus	1
ah	1
agag	1
afric	1
afraid	1
affording	1
affections	1
aeneas	1
adverse	1
adventure	1
adriatic	1
adorned	1
adorn	1
addressed	1
act	1
acknowledgment	1
achmg	1
achings	1
aching	1
achieve	1
achates	1
accomplished	1
accompanied	1
acacia	1
abyss	1
abstractions	1
abroad	1
abounds	1
abortions	1
\«;	1
\{,	1
\m)l!f.\l(tmy	1
\iu\	1
\imk.\i.i\	1
\iki	1
\iiil	1
\i.om	1
\i.ia	1
\]\	1
\-	1
\!	1
["	1
[	1
?)	1
<■>■	1
8th	1
2(jh	1
1'itkh	1
1")(>	1
/•///	1
/enkas	1
//-	1
.\	1
....	1
-■.	1
-\	1
-><>»	1
-.	1
--	1
*jtt	1
(>\	1
()	1
(")	1
("	1
'<	1
'-	1
"">	1
!.	1
!)()•:	1
!!	1
