,	5762
the	4399
and	2524
.	2137
!	1495
of	1431
to	1172
;	1110
in	1037
a	1011
i	837
with	746
that	621
—	612
|'s|	570
"	566
?	547
as	513
my	463
for	456
on	442
from	424
all	424
her	415
his	401
is	384
he	384
it	381
thou	372
not	372
but	342
thy	341
or	320
its	307
you	298
was	281
where	280
we	277
o	268
she	267
by	263
they	257
no	253
me	251
when	248
so	241
one	239
at	237
their	236
day	225
thee	222
are	220
what	216
over	212
who	210
have	201
be	196
long	193
your	192
yet	192
this	189
then	180
our	179
fair	178
still	177
sweet	172
there	167
shall	164
were	163
through	161
like	159
may	158
far	158
while	153
how	150
heart	150
love	145
had	143
will	142
nor	134
eyes	132
know	131
earth	126
ye	125
down	123
high	122
him	120
night	118
god	117
never	116
'	116
rose	115
up	114
life	112
upon	110
if	110
air	110
go	108
now	105
white	101
out	101
light	101
each	101
sun	100
said	99
low	99
feet	99
come	99
old	97
do	97
hand	96
here	95
can	94
see	92
**	92
:	91
us	90
them	89
face	89
today	88
years	86
soul	86
hear	86
clear	86
more	85
has	85
young	84
dead	84
blue	83
some	82
sea	82
till	79
hands	79
song	78
must	78
an	78
stars	77
soft	76
lips	76
winds	75
last	75
hath	74
bright	74
ah	74
would	73
oh	72
glad	72
came	72
wide	71
skies	71
*'	71
let	70
away	70
art	70
than	69
golden	69
dear	69
even	68
child	68
."	68
wild	67
voice	67
men	67
could	67
king	66
before	66
summer	64
dark	64
joy	63
great	63
well	62
though	62
pale	62
|romannumeral|	61
whose	61
many	61
little	61
tell	60
roses	60
rest	60
head	60
did	60
time	59
man	59
hills	59
thine	58
once	58
lay	58
own	57
cried	57
star	56
sky	56
red	56
land	56
heaven	56
world	55
these	55
silent	55
saw	55
passed	55
again	55
way	54
swift	54
near	53
lord	53
strong	52
slow	52
pain	52
|arabic1digit|	51
year	51
sing	51
only	51
name	51
deep	51
ago	51
dim	50
say	49
into	49
holy	49
hast	49
every	49
crown	49
calm	49
thought	48
should	48
mother	48
garden	48
breath	48
set	47
went	46
too	46
tender	46
mine	46
meet	46
knew	46
grey	46
ever	46
death	46
bloom	46
mountain	45
ere	45
dost	45
children	45
born	45
which	44
tree	44
other	44
two	43
softly	43
sleep	43
silence	43
shore	43
pure	43
music	43
heard	43
first	43
bird	43
above	43
under	42
stood	42
shining	42
place	42
morning	42
make	42
look	42
days	42
been	42
within	41
rare	41
morn	41
gold	41
glory	41
beside	41
words	40
wait	40
strange	40
silver	40
pray	40
half	40
flowers	40
tears	39
happy	39
find	39
eager	39
bear	39
word	38
smile	38
mighty	38
hearts	38
hair	38
glow	38
forth	38
cry	38
bring	38
birds	38
arms	38
weary	37
such	37
splendour	37
side	37
lonely	37
give	37
shadows	36
prayer	36
grew	36
dream	36
cannot	36
blessed	36
back	36
work	35
west	35
sunshine	35
river	35
lost	35
just	35
flower	35
christ	35
*	35
woe	34
why	34
stately	34
breast	34
blow	34
beyond	34
wonder	33
whom	33
speak	33
queen	33
proud	33
peace	33
made	33
lie	33
free	33
am	33
alone	33
those	32
think	32
loved	32
lo	32
good	32
eye	32
dreams	32
done	32
call	32
beautiful	32
won	31
wings	31
swept	31
sight	31
round	31
hour	31
gate	31
fire	31
brave	31
bid	31
afar	31
wine	30
loud	30
hark	30
comes	30
brow	30
beneath	30
beat	30
wall	29
souls	29
royal	29
rise	29
nay	29
hill	29
care	29
(	29
warm	28
trees	28
pass	28
need	28
lover	28
looked	28
lift	28
lies	28
hours	28
green	28
grave	28
gay	28
flow	28
does	28
bells	28
wind	27
waiting	27
voices	27
three	27
story	27
spirit	27
space	27
son	27
snow	27
might	27
lofty	27
leaves	27
grown	27
friend	27
divine	27
close	27
bore	27
beauty	27
angels	27
wake	26
true	26
stand	26
sound	26
smiling	26
new	26
keep	26
east	26
darkness	26
brown	26
between	26
baby	26
truth	25
thus	25
since	25
seas	25
path	25
home	25
haste	25
grow	25
glorious	25
gave	25
full	25
crowned	25
cold	25
clouds	25
breeze	25
angel	25
after	25
wondrous	24
very	24
town	24
tongue	24
songs	24
room	24
rich	24
moon	24
kiss	24
graves	24
fragrant	24
dawn	24
break	24
bitter	24
yonder	23
tread	23
together	23
throne	23
startled	23
solemn	23
smiled	23
shade	23
seen	23
reach	23
play	23
past	23
mystic	23
master	23
grass	23
grand	23
fell	23
father	23
door	23
clay	23
boy	23
bell	23
without	22
watched	22
sudden	22
soon	22
somewhere	22
shadow	22
seemed	22
sake	22
sad	22
repose	22
off	22
nothing	22
mountains	22
maiden	22
kept	22
heavenly	22
grace	22
found	22
battle	22
bars	22
worn	21
unto	21
tis	21
take	21
strength	21
storm	21
sons	21
slowly	21
rang	21
rain	21
presence	21
perhaps	21
most	21
length	21
lady	21
hope	21
hold	21
heights	21
flame	21
fall	21
early	21
coo	21
christus	21
chamber	21
against	21
across	21
'*	21
youth	20
yon	20
wrought	20
wear	20
waves	20
touched	20
tall	20
surprise	20
stone	20
south	20
small	20
shed	20
sat	20
sang	20
robes	20
poor	20
perfume	20
noel	20
nature	20
laughter	20
knows	20
grief	20
gleam	20
fields	20
died	20
bed	20
alas	20
weep	19
watch	19
turned	19
touch	19
things	19
sunset	19
singing	19
secret	19
purple	19
pallid	19
left	19
laid	19
hung	19
human	19
fly	19
fear	19
faint	19
didst	19
deeds	19
crimson	19
creep	19
city	19
best	19
banners	19
awful	19
among	19
about	19
wise	18
vision	18
vain	18
tower	18
thrill	18
state	18
spring	18
share	18
run	18
right	18
pride	18
praise	18
lily	18
lilies	18
late	18
goes	18
forest	18
fierce	18
faith	18
eternal	18
dare	18
coming	18
burning	18
bride	18
bearing	18
|arabic3digit|	17
war	17
twas	17
trembling	17
told	17
tide	17
surely	17
sung	17
sometimes	17
slept	17
shrine	17
ring	17
radiant	17
perfect	17
noble	17
nest	17
nation	17
lying	17
loving	17
live	17
laden	17
held	17
greet	17
form	17
folded	17
flew	17
filled	17
fiery	17
dread	17
dew	17
cup	17
bee	17
autumn	17
apart	17
another	17
always	17
ages	17
woman	16
wing	16
whole	16
tonight	16
soar	16
shone	16
sent	16
road	16
patient	16
ones	16
north	16
midnight	16
lone	16
lands	16
laddies	16
hush	16
heavy	16
grows	16
gone	16
forgot	16
floating	16
fast	16
either	16
earthly	16
ears	16
dust	16
dumb	16
cross	16
clasped	16
beloved	16
answered	16
yellow	15
wore	15
wife	15
whisper	15
whether	15
wandering	15
vast	15
thoughts	15
straight	15
sorrow	15
soaring	15
sin	15
shadowy	15
save	15
saint	15
rejoice	15
ran	15
quick	15
paths	15
organ	15
mute	15
moan	15
mary	15
listening	15
laughing	15
kissed	15
height	15
fresh	15
die	15
climb	15
brothers	15
bold	15
black	15
bending	15
being	15
balm	15
around	15
agnes	15
winter	14
wert	14
ways	14
until	14
twilight	14
turn	14
trod	14
tremulous	14
tomorrow	14
tomb	14
tale	14
sword	14
strife	14
street	14
stern	14
steep	14
starry	14
spoke	14
shut	14
shine	14
send	14
read	14
poet	14
palace	14
open	14
noon	14
mount	14
mould	14
lifted	14
led	14
leave	14
hushed	14
hundred	14
honour	14
ho	14
hail	14
grandly	14
footsteps	14
flight	14
field	14
ear	14
dropped	14
desert	14
christmas	14
centuries	14
cares	14
burn	14
brought	14
bow	14
bent	14
ask	14
arches	14
answer	14
age	14
yesterday	13
whence	13
wealth	13
waited	13
violets	13
toil	13
thrills	13
thousand	13
thing	13
swung	13
stirred	13
stir	13
standing	13
spread	13
sought	13
sings	13
sign	13
sigh	13
shout	13
ship	13
sealed	13
scarce	13
same	13
risen	13
remember	13
part	13
paradise	13
overhead	13
oft	13
neither	13
murmur	13
much	13
mortal	13
learned	13
house	13
heir	13
gloom	13
forget	13
foes	13
floor	13
feel	13
fate	13
enchanted	13
cool	13
common	13
buried	13
blooms	13
any	13
along	13
)	13
''	13
|arabic4digit|	12
yearning	12
wondering	12
women	12
wet	12
waters	12
violet	12
vine	12
unknown	12
sweetness	12
stretched	12
stay	12
stands	12
slumber	12
sighed	12
sails	12
sacred	12
rude	12
quiet	12
prince	12
pressed	12
prayers	12
pink	12
passion	12
mystery	12
moment	12
mist	12
merry	12
mendon	12
known	12
kisses	12
join	12
hermione	12
ground	12
gifts	12
fro	12
fold	12
fled	12
fine	12
fill	12
falling	12
fain	12
f	12
empty	12
dull	12
din	12
cloud	12
cheek	12
castle	12
canst	12
calmly	12
breathe	12
boys	12
bowed	12
bless	12
birth	12
bier	12
apple	12
wrapped	11
wonderland	11
wherever	11
web	11
weave	11
weather	11
virgin	11
vaulted	11
valdemar	11
trumpet	11
took	11
tinkle	11
tempest	11
swinging	11
swell	11
sweeter	11
sure	11
strain	11
spell	11
spake	11
sore	11
sit	11
shalt	11
sand	11
rosy	11
roof	11
rode	11
rena	11
poured	11
pine	11
palm	11
notes	11
next	11
nations	11
narrow	11
murmuring	11
makes	11
living	11
june	11
idle	11
glowing	11
flying	11
fingers	11
falls	11
faded	11
everywhere	11
evermore	11
doubt	11
doth	11
costly	11
century	11
cease	11
calling	11
butterfly	11
broke	11
both	11
bliss	11
anguish	11
|arabic2digit|	10
womanhood	10
wilt	10
weird	10
walls	10
walked	10
valley	10
vale	10
toll	10
times	10
thrown	10
taught	10
st	10
sprang	10
splendours	10
speech	10
sped	10
soared	10
snowy	10
single	10
silently	10
short	10
serenely	10
seek	10
saintly	10
sailing	10
rolling	10
ringing	10
renown	10
realm	10
quaint	10
power	10
pour	10
perfumes	10
pearl	10
pause	10
none	10
message	10
maidens	10
lives	10
knee	10
jewels	10
humble	10
hot	10
homage	10
heroes	10
gleams	10
gleaming	10
gaze	10
four	10
flush	10
floated	10
fires	10
farthest	10
fame	10
evening	10
estate	10
dying	10
drum	10
drew	10
doves	10
dewy	10
clad	10
called	10
blows	10
better	10
bees	10
annie	10
amid	10
airy	10
woods	9
wept	9
welcome	9
wave	9
watching	9
waits	9
vashti	9
vales	9
unseen	9
tranquil	9
tossed	9
toss	9
thunder	9
thrilled	9
temple	9
tangled	9
swells	9
swelling	9
sweep	9
subtle	9
sublime	9
streets	9
streams	9
stream	9
strains	9
stole	9
steps	9
spot	9
spaces	9
something	9
someone	9
smoke	9
slumbering	9
ships	9
shame	9
sepulchre	9
seem	9
sands	9
rush	9
roll	9
rocks	9
roar	9
rills	9
rhythmic	9
reverent	9
refrain	9
ray	9
raised	9
radiance	9
pulses	9
psalm	9
proudly	9
precious	9
peal	9
others	9
nuremberg	9
margaret	9
marble	9
lovers	9
lords	9
longer	9
listen	9
lifting	9
less	9
knowest	9
knelt	9
jubilant	9
itself	9
hymn	9
higher	9
hid	9
heed	9
hearthstone	9
hard	9
guard	9
gods	9
gentle	9
gallant	9
forever	9
forehead	9
followed	9
follow	9
flushed	9
flown	9
float	9
fleet	9
fifty	9
felt	9
fairest	9
fairer	9
faces	9
eyed	9
earnest	9
dies	9
dared	9
dame	9
dainty	9
crowd	9
countless	9
closed	9
clasp	9
church	9
caught	9
broad	9
breezes	9
bread	9
book	9
blossoming	9
blood	9
blair	9
bade	9
azure	9
awhile	9
ashes	9
arm	9
arise	9
altar	9
yours	8
woke	8
winding	8
whispered	8
waste	8
walk	8
waken	8
veil	8
understand	8
towers	8
throng	8
thank	8
sweetest	8
sunny	8
suddenly	8
spinning	8
solitude	8
softest	8
sleeping	8
six	8
show	8
seven	8
seer	8
seems	8
saints	8
sailed	8
sail	8
rushing	8
row	8
rings	8
rent	8
realms	8
reached	8
rapture	8
prayed	8
pomp	8
played	8
persia	8
pearls	8
peaks	8
paused	8
pall	8
ours	8
nought	8
mutely	8
moonlight	8
monarch	8
mocked	8
met	8
meadows	8
manhood	8
majestic	8
lustre	8
luminous	8
lowly	8
loves	8
lovely	8
lived	8
lightly	8
lightest	8
lest	8
lamb	8
labour	8
kings	8
jubilate	8
instead	8
immortal	8
hum	8
horizon	8
holds	8
guest	8
grim	8
grasses	8
glide	8
garments	8
garland	8
furious	8
fray	8
fragrance	8
fit	8
farewell	8
enter	8
emerald	8
drooping	8
depths	8
deeper	8
darkly	8
cups	8
cries	8
crept	8
climbed	8
chill	8
catch	8
calls	8
busy	8
burned	8
burden	8
broken	8
breathless	8
breathing	8
boughs	8
bosom	8
boat	8
blush	8
blown	8
blind	8
bend	8
behind	8
bare	8
awe	8
august	8
amethyst	8
airs	8
aether	8
|arabic5+digit|	7
yes	7
wreath	7
wooed	7
woes	7
woeful	7
wiser	7
window	7
weeping	7
wedding	7
wears	7
wan	7
visions	7
vines	7
upward	7
tumult	7
tried	7
treasures	7
torn	7
top	7
tired	7
thither	7
teach	7
swing	7
strode	7
strangely	7
speaks	7
soldier	7
smiles	7
sleeps	7
shook	7
shines	7
serene	7
sense	7
secrets	7
scroll	7
sceptre	7
sank	7
sacrifice	7
rung	7
rolled	7
rocked	7
robe	7
reply	7
rapturous	7
ranks	7
question	7
put	7
profound	7
princes	7
princely	7
present	7
pity	7
people	7
pen	7
painter	7
paint	7
onward	7
ocean	7
needs	7
mysteries	7
mosses	7
month	7
mien	7
major	7
looking	7
loftiest	7
locks	7
listened	7
lip	7
line	7
lead	7
laugh	7
kingly	7
keeps	7
joys	7
joyous	7
isles	7
iron	7
hovering	7
hosts	7
hemlock	7
heavens	7
heat	7
haughty	7
hasten	7
hardly	7
guise	7
grateful	7
glen	7
gather	7
gates	7
garlands	7
forgotten	7
forests	7
flung	7
flowing	7
fills	7
few	7
easter	7
drink	7
dreary	7
downward	7
dome	7
despair	7
deathless	7
daughter	7
darling	7
dancing	7
daisies	7
count	7
corn	7
choose	7
cheeks	7
cell	7
cathedral	7
cast	7
buds	7
brood	7
breathed	7
bravely	7
bowers	7
blast	7
billows	7
below	7
begun	7
began	7
because	7
bearded	7
asleep	7
arne	7
anderson	7
alike	7
/	7
yore	6
wrong	6
writ	6
wreaths	6
wheat	6
whatever	6
wed	6
warrior	6
warmth	6
want	6
walks	6
wail	6
valleys	6
utmost	6
urn	6
upper	6
uplifted	6
unrest	6
turret	6
turf	6
trust	6
treasure	6
track	6
thrice	6
ten	6
telling	6
talked	6
swiftly	6
sway	6
streamed	6
step	6
steel	6
stealthy	6
sometime	6
slender	6
slain	6
sits	6
sisters	6
showers	6
shades	6
seeing	6
sculptor	6
scarcely	6
says	6
sailors	6
runs	6
rough	6
robin	6
resistless	6
remembering	6
remembered	6
rejoicing	6
reddening	6
race	6
quest	6
priest	6
portals	6
pluck	6
phantoms	6
perchance	6
peak	6
passionate	6
passing	6
outside	6
order	6
orange	6
often	6
obey	6
note	6
nod	6
nello	6
myrrh	6
myriad	6
moved	6
mists	6
minute	6
minstrels	6
memory	6
melodious	6
meekly	6
meek	6
meadow	6
matchless	6
marvel	6
main	6
magic	6
lute	6
lose	6
longing	6
lieth	6
learn	6
leap	6
leagues	6
ladies	6
knoweth	6
knights	6
jewelled	6
incense	6
ill	6
hopes	6
hollow	6
hilda	6
hide	6
hidden	6
hers	6
hero	6
griefs	6
goddess	6
glittering	6
glances	6
glance	6
gladness	6
gives	6
given	6
girls	6
girl	6
gift	6
giacomo	6
gazed	6
gathered	6
funeral	6
friends	6
fret	6
freedom	6
fought	6
foe	6
flowed	6
flood	6
floats	6
flies	6
five	6
fight	6
feast	6
endless	6
eclipse	6
echo	6
earned	6
eagle	6
dwell	6
dun	6
due	6
drop	6
drifting	6
drear	6
dreamed	6
dole	6
delay	6
deadly	6
darkling	6
darkening	6
dares	6
dance	6
cushion	6
crystal	6
crowns	6
crest	6
creeping	6
court	6
conflict	6
command	6
comforter	6
clash	6
clang	6
clamour	6
chiming	6
changed	6
censers	6
butterflies	6
build	6
brother	6
brook	6
broidered	6
brighter	6
bough	6
bids	6
bidding	6
behold	6
beds	6
bay	6
backward	6
babe	6
april	6
apace	6
answering	6
anselmo	6
angry	6
allen	6
ahasuerus	6
!"	6
yield	5
yea	5
write	5
wrath	5
woven	5
wouldst	5
winged	5
willows	5
whispers	5
week	5
wayside	5
waving	5
wailing	5
w	5
volmar	5
void	5
village	5
veiled	5
vague	5
untold	5
universe	5
trouble	5
triumphant	5
trailing	5
toward	5
torch	5
token	5
tiny	5
throb	5
throat	5
thorn	5
thin	5
thick	5
tenderly	5
tear	5
task	5
sweets	5
swear	5
swaying	5
studio	5
strove	5
stronger	5
stroke	5
stretching	5
stretch	5
stray	5
stormy	5
stooped	5
stirs	5
stirring	5
steady	5
stairs	5
spray	5
spoken	5
sparkling	5
southern	5
sounds	5
sounding	5
sombre	5
sod	5
snows	5
sitting	5
sister	5
sir	5
silken	5
shouts	5
shouldst	5
shot	5
sheen	5
sharp	5
sees	5
seeks	5
search	5
seal	5
scene	5
scanned	5
saith	5
sage	5
safe	5
sadly	5
rosebud	5
rosalie	5
rock	5
rivers	5
rim	5
richer	5
replied	5
reigned	5
rehearse	5
reaches	5
re	5
rapt	5
quaintly	5
pulsing	5
prophets	5
prophet	5
promise	5
prime	5
pouring	5
porch	5
poised	5
plain	5
places	5
piercing	5
picture	5
petals	5
pennants	5
peasant	5
pay	5
pastures	5
parted	5
parchment	5
pansies	5
page	5
otter	5
orient	5
oppressed	5
opened	5
odours	5
odorous	5
mouth	5
mothers	5
months	5
moil	5
mockingbird	5
mingled	5
mayhap	5
martyrs	5
martyr	5
martial	5
mars	5
march	5
maple	5
lyre	5
loom	5
looks	5
lifts	5
leafy	5
law	5
lashed	5
knight	5
kind	5
kin	5
jewel	5
ivy	5
intent	5
india	5
icy	5
i'm	5
i'll	5
hurrying	5
humming	5
humbly	5
host	5
hoary	5
hither	5
himself	5
hildebrand	5
hem	5
help	5
hell	5
harvest	5
harp	5
hall	5
hadst	5
grandeur	5
grains	5
gown	5
giving	5
giant	5
ghost	5
gently	5
gazing	5
gaily	5
frown	5
fra	5
forge	5
fond	5
following	5
fluttered	5
flushing	5
flows	5
flaming	5
fetters	5
fears	5
farther	5
farm	5
false	5
fairy	5
fainting	5
exultant	5
errand	5
end	5
eastern	5
dwelled	5
dreaming	5
doing	5
dale	5
curious	5
cunning	5
crucified	5
crescent	5
courtiers	5
course	5
country	5
couch	5
cottage	5
coronet	5
comest	5
colours	5
coffin	5
cloisters	5
clean	5
clarion	5
choral	5
changeful	5
caress	5
captain	5
cannon	5
candle	5
burial	5
built	5
bugle	5
brows	5
brings	5
brightest	5
breasts	5
branches	5
brain	5
bound	5
blossoms	5
blessing	5
blend	5
beauteous	5
bears	5
beam	5
bar	5
banner	5
band	5
astir	5
armourer	5
arch	5
ancient	5
amaze	5
although	5
alleluia	5
alessandro	5
alarms	5
alarm	5
aisles	5
aisle	5
afternoon	5
afraid	5
-	5
yielding	4
yearned	4
woodland	4
wood	4
wont	4
wondered	4
whispering	4
wheresoever	4
whereon	4
wherein	4
whenever	4
weak	4
water	4
ward	4
wandered	4
wander	4
vigils	4
vex	4
vermont	4
uttered	4
utter	4
unsung	4
undisturbed	4
underneath	4
undaunted	4
twine	4
turns	4
triumph	4
tresses	4
trembled	4
tremble	4
train	4
trace	4
tops	4
tireless	4
tides	4
throbbing	4
threw	4
thrall	4
therefore	4
tenderest	4
tasks	4
talk	4
symphonies	4
swayed	4
surcease	4
sunlit	4
summons	4
sullen	4
suffer	4
stress	4
strand	4
storied	4
steeds	4
start	4
starlit	4
stalwart	4
stain	4
spoil	4
spices	4
soldiers	4
snow-white	4
smooth	4
singer	4
silvery	4
signor	4
shrinking	4
shores	4
seventy	4
self	4
seasons	4
sculptured	4
scarlet	4
satin	4
sapphire	4
salt	4
rustling	4
rustle	4
russet	4
ruled	4
rule	4
roundelay	4
rising	4
rippling	4
restless	4
responsive	4
resplendent	4
remote	4
remaineth	4
relentless	4
reason	4
reaching	4
rays	4
rarest	4
quietly	4
purpose	4
prow	4
prone	4
prison	4
plumes	4
planet	4
pitying	4
pinions	4
pines	4
phantom	4
periwinkle	4
peerless	4
peas	4
pealing	4
passes	4
pang	4
paeans	4
orion	4
older	4
ofttimes	4
nobly	4
nigh	4
nevermore	4
neighbours	4
nearer	4
names	4
nameless	4
mysterious	4
myrtle	4
muffled	4
move	4
mocking	4
mock	4
miracles	4
minstrel	4
minister	4
mignonette	4
mightier	4
mid	4
michael	4
messages	4
mere	4
meeting	4
measure	4
mean	4
maud	4
mast	4
massive	4
marching	4
marches	4
mar	4
maples	4
manifold	4
maid	4
mad	4
lurid	4
louder	4
loss	4
lorn	4
longed	4
lit	4
list	4
linen	4
limbs	4
lengthening	4
leads	4
lays	4
laws	4
laurel	4
later	4
knowing	4
kneel	4
ken	4
keeping	4
jar	4
inner	4
infant	4
indian	4
inch	4
idly	4
i've	4
humbler	4
household	4
honey	4
homer	4
hilltops	4
hiding	4
hides	4
hereafter	4
hearth	4
hearken	4
heaps	4
healed	4
heads	4
haunted	4
hate	4
happier	4
halls	4
haired	4
h	4
guns	4
guide	4
guests	4
greatest	4
grasp	4
grain	4
glowed	4
ghastly	4
generation	4
gems	4
gaunt	4
gathering	4
gales	4
frost	4
fretted	4
fort	4
forms	4
forlorn	4
flutter	4
flit	4
fling	4
flaunt	4
firm	4
finger	4
finds	4
filling	4
ferns	4
faster	4
fared	4
faithful	4
fade	4
evil	4
eventide	4
ended	4
emprise	4
embrace	4
eden	4
ecstasy	4
echoing	4
eastward	4
ease	4
eagles	4
dwelling	4
dusk	4
drooped	4
drift	4
draws	4
draw	4
doors	4
doom	4
dip	4
dews	4
deer	4
deepest	4
deed	4
darkened	4
danger	4
curtain	4
cruel	4
crowded	4
counted	4
convent	4
continent	4
content	4
comrades	4
comforted	4
cometh	4
clustering	4
clover	4
cloudy	4
closes	4
cling	4
climbs	4
clearer	4
clasping	4
circling	4
childhood	4
cheer	4
chaste	4
chanted	4
chalice	4
chair	4
cause	4
cattle	4
carry	4
caressed	4
burdens	4
builder	4
bringing	4
brightly	4
brier	4
braves	4
bounds	4
boundless	4
body	4
blowing	4
bloomed	4
blew	4
blazed	4
blare	4
birthright	4
beggar	4
beach	4
bays	4
barter	4
bands	4
aye	4
awoke	4
aught	4
aspirations	4
aspect	4
armed	4
ardent	4
arching	4
arbutus	4
appointed	4
aloud	4
alive	4
aglow	4
^	4
?"	4
.)	4
•	3
zenith	3
younger	3
wrote	3
wreathed	3
wraiths	3
wove	3
wonted	3
wolf	3
wintery	3
winsome	3
windham	3
willing	3
wicker	3
whither	3
whirlwind	3
whir	3
wheels	3
wheel	3
weight	3
weeks	3
weeds	3
wearied	3
waxen	3
watchman	3
watches	3
warning	3
waking	3
wains	3
vow	3
votive	3
vigil	3
victory	3
victor	3
verse	3
veriest	3
velvet	3
vanished	3
valour	3
vainly	3
unwonted	3
unused	3
unshrinking	3
unearthly	3
undismayed	3
unawares	3
twined	3
twin	3
twain	3
turrets	3
turning	3
turmoil	3
tuneful	3
tune	3
tumultuous	3
try	3
trumpets	3
tropics	3
tropic	3
treading	3
trance	3
tramp	3
toys	3
towering	3
touches	3
tossing	3
tongues	3
tolled	3
toiling	3
toiled	3
tissues	3
tips	3
tinted	3
tinkles	3
tidings	3
thunders	3
throned	3
thrilling	3
threshold	3
threads	3
thou'rt	3
thinks	3
thinking	3
theirs	3
tells	3
swords	3
sweeping	3
surges	3
supreme	3
sunlight	3
sumter	3
summon	3
summertime	3
summers	3
sultry	3
sturdy	3
struggled	3
strive	3
strings	3
strikes	3
strewn	3
strayed	3
storms	3
stores	3
store	3
stoop	3
stony	3
stillness	3
stem	3
steepled	3
steals	3
steal	3
steadily	3
stature	3
standard	3
springtime	3
springing	3
spreading	3
sprays	3
spotless	3
spires	3
spins	3
spicy	3
spheres	3
sphere	3
spent	3
speed	3
spectre	3
speaking	3
sovereign	3
sonnet	3
softer	3
soars	3
soareth	3
sleepless	3
sleepers	3
skylark	3
sire	3
sips	3
sinner	3
sinking	3
simply	3
simple	3
shy	3
shroud	3
shower	3
shock	3
shield	3
shell	3
sheaves	3
service	3
servants	3
seraph	3
semblance	3
seeds	3
seagulls	3
scatter	3
saying	3
sanctified	3
sadder	3
sacrificial	3
s	3
ruth	3
ruby	3
royalty	3
rolls	3
robed	3
ride	3
riches	3
rhythm	3
retreat	3
restore	3
replies	3
repeat	3
remove	3
remotest	3
remembrance	3
reluctant	3
reckless	3
rear	3
ready	3
rank	3
raise	3
rage	3
rabbi	3
quivering	3
quiver	3
quickly	3
questioning	3
pyre	3
purer	3
pulseless	3
prostrate	3
prophetic	3
procession	3
princess	3
prevail	3
praised	3
prairies	3
portal	3
port	3
poppies	3
plumage	3
plight	3
pleasure	3
plead	3
plays	3
plaudits	3
plainly	3
placed	3
pitiless	3
pitiful	3
pins	3
pictures	3
pet	3
pennant	3
peer	3
paul	3
pattern	3
patriot	3
patience	3
parson	3
palms	3
pains	3
pages	3
pace	3
orchard	3
old-fashioned	3
northern	3
noiseless	3
nights	3
neck	3
myself	3
murmured	3
mourns	3
mourn	3
mound	3
mortals	3
moonlit	3
monotonous	3
moaning	3
misty	3
missed	3
miss	3
misery	3
messiah	3
mellow	3
melchior	3
meaning	3
matters	3
matter	3
marketplace	3
marion	3
manning	3
malvern	3
mail	3
magical	3
magdalene	3
magdalen	3
madge	3
lured	3
losses	3
lore	3
lordly	3
load	3
liquid	3
lingering	3
linger	3
lights	3
lifeblood	3
letter	3
lesser	3
lent	3
legions	3
legend	3
leaving	3
least	3
leaning	3
lark	3
largess	3
lakes	3
lake	3
lack	3
labouring	3
kneeling	3
kingliest	3
kingdom	3
kindred	3
kindling	3
judge	3
joyed	3
john	3
jasmines	3
jasmine	3
ivory	3
inmost	3
indeed	3
illumined	3
hungry	3
humblest	3
hue	3
horn	3
homeward	3
homes	3
holiest	3
hoarse	3
hive	3
henceforth	3
hence	3
heaving	3
hears	3
heap	3
healing	3
haunts	3
harmonies	3
harm	3
haply	3
hangs	3
hamlet	3
hallowed	3
hailed	3
guards	3
growing	3
grape	3
grant	3
gorgeous	3
goodly	3
glows	3
glories	3
gliding	3
glided	3
gershom	3
generations	3
garment	3
frozen	3
frowning	3
front	3
friendly	3
freshness	3
freight	3
frankincense	3
frail	3
foul	3
follows	3
fluttering	3
flowery	3
flooding	3
flooded	3
flee	3
flash	3
flames	3
flag	3
fixed	3
fisher	3
fiercely	3
fern	3
fed	3
feathery	3
fearless	3
fearful	3
feared	3
fault	3
fashioned	3
farmhouse	3
fare	3
falters	3
falter	3
fallen	3
fail	3
fadeless	3
exulting	3
everlasting	3
ethan	3
eternity	3
equal	3
entreat	3
entranced	3
enthroned	3
endure	3
endeavour	3
echoed	3
eat	3
easel	3
earlier	3
e	3
duty	3
dusky	3
drums	3
drops	3
drifts	3
drifted	3
dressed	3
dreamy	3
dreadful	3
drank	3
downcast	3
domine	3
domes	3
domain	3
dimpled	3
different	3
devices	3
desolate	3
descending	3
depart	3
degree	3
deeply	3
decked	3
december	3
debonair	3
dearest	3
dazzling	3
dawning	3
dawned	3
daughters	3
darksome	3
darker	3
danced	3
daily	3
cursed	3
curse	3
curls	3
crying	3
crumbling	3
crowding	3
crosses	3
crossed	3
crests	3
crested	3
creatures	3
creative	3
cradle	3
cover	3
couldst	3
conway	3
continents	3
conquered	3
compass	3
colour	3
colonel	3
cloudless	3
clothed	3
cloth	3
closer	3
closely	3
cloistered	3
cloister	3
clinging	3
claims	3
claim	3
cities	3
choirs	3
charmed	3
charley	3
chapel	3
chantings	3
chanting	3
chant	3
chance	3
chambers	3
challenge	3
chain	3
celestial	3
cathay	3
carven	3
careless	3
camels	3
bury	3
bursting	3
bud	3
bruised	3
browed	3
brooding	3
brimmed	3
brim	3
brightening	3
brightened	3
bridge	3
breathes	3
breaking	3
breakers	3
brazen	3
brake	3
bower	3
bonds	3
bobbins	3
board	3
blushing	3
blushes	3
blossomed	3
blossom	3
blithely	3
blithe	3
blissful	3
blent	3
bleeding	3
blazoned	3
blazing	3
blades	3
bit	3
bide	3
beppo	3
benediction	3
believed	3
behest	3
beheld	3
befall	3
beckoning	3
beating	3
beams	3
basket	3
barren	3
barred	3
balthazar	3
ballad	3
atmosphere	3
athwart	3
aspired	3
asking	3
asked	3
aside	3
ascend	3
array	3
armour	3
arched	3
apron	3
appeal	3
antoine	3
answereth	3
anger	3
amber	3
altars	3
aloft	3
alloy	3
alien	3
akin	3
agony	3
aflame	3
affright	3
adoring	3
acres	3
accents	3
acacia	3
abashed	3
.'	3
zephyrs	2
yourself	2
you'll	2
yields	2
yearnings	2
yearn	2
wrung	2
written	2
wrack	2
worthier	2
worst	2
worshipper	2
worship	2
worse	2
worlds	2
works	2
wordless	2
wonderful	2
wold	2
wives	2
withhold	2
withered	2
wisdom	2
windows	2
win	2
wills	2
whitely	2
whit	2
whirl	2
whip	2
whatsoever	2
weaves	2
wavering	2
wavered	2
waved	2
waterfall	2
wasted	2
wanders	2
walking	2
wakened	2
wails	2
vows	2
voiceless	2
voiced	2
virgil	2
victorious	2
vestals	2
vestal	2
verdure	2
veins	2
varying	2
vanish	2
utterly	2
used	2
use	2
uplifts	2
upland	2
unuttered	2
untroubled	2
unsullied	2
unspent	2
unmoved	2
unmeet	2
unholy	2
unheeding	2
unheard	2
unfurled	2
unforgotten	2
unfamiliar	2
undone	2
undivided	2
undiscovered	2
undimmed	2
undertone	2
undefiled	2
unconscious	2
unclouded	2
unaware	2
twenty	2
turbulent	2
tu	2
tryst	2
truly	2
truest	2
troubled	2
triumphs	2
trembles	2
treads	2
traversed	2
travel	2
translucent	2
transfigured	2
transcendent	2
trances	2
tranced	2
trampled	2
trail	2
trade	2
trackless	2
toy	2
tongued	2
tones	2
tone	2
tolling	2
ties	2
ti	2
thundering	2
thundered	2
thrush	2
throughout	2
thronging	2
thrones	2
threshing	2
thoughtful	2
thorns	2
thornless	2
thirty-one	2
thirst	2
they're	2
themselves	2
test	2
terrible	2
temples	2
tempestuous	2
tempests	2
tease	2
tearful	2
teardrops	2
taskwork	2
tales	2
taken	2
t	2
syllable	2
swings	2
swiftest	2
swifter	2
swelled	2
sweeps	2
sways	2
swallows	2
supremest	2
supremely	2
supernal	2
suns	2
sundering	2
sundered	2
sunday	2
sunbeams	2
summoning	2
suffering	2
sublimely	2
student	2
struggle	2
struck	2
strongest	2
stripes	2
straying	2
stranger	2
stranded	2
strait	2
straightway	2
stout	2
stopped	2
sting	2
stead	2
stayed	2
statue	2
stationed	2
starve	2
starlight	2
stammering	2
stains	2
stainless	2
stained	2
squirrel	2
square	2
sprite	2
spoils	2
spire	2
spear	2
spartans	2
spar	2
spanned	2
sorry	2
sorrows	2
sorrowing	2
sooner	2
somebody	2
solved	2
solemnly	2
sole	2
soiling	2
soil	2
sober	2
sob	2
snare	2
slope	2
slip	2
slight	2
sleepeth	2
slave	2
slake	2
skylarks	2
sip	2
sinks	2
sink	2
singest	2
silks	2
silk	2
silences	2
signet	2
sights	2
sighs	2
sighing	2
shushan	2
shuddering	2
shrub	2
shrouded	2
shrink	2
shrill	2
shrank	2
shown	2
shouting	2
shouted	2
shoulder	2
shielded	2
sheltering	2
sheltered	2
shelter	2
sheet	2
sheep	2
shares	2
shakespeare	2
shakes	2
shafts	2
setting	2
serve	2
serf	2
sepulchral	2
sends	2
sells	2
sell	2
selfsame	2
seeking	2
seed	2
secure	2
searching	2
seamed	2
scream	2
scoff	2
science	2
scented	2
scarred	2
scanty	2
sandy	2
sandalled	2
sanctifies	2
safely	2
sackcloth	2
sabbath	2
rutland	2
rushed	2
rules	2
rue	2
rt	2
rout	2
rouse	2
rounded	2
rouge	2
rope	2
root	2
roofs	2
rood	2
romances	2
romance	2
roisterous	2
rod	2
rocky	2
robins	2
robbed	2
roaming	2
rises	2
ripening	2
rift	2
ridges	2
richly	2
richest	2
ribbed	2
rhyme	2
reverently	2
revealing	2
revealed	2
retrace	2
resting	2
responding	2
repeated	2
rend	2
remorseful	2
remains	2
remained	2
release	2
reigneth	2
reign	2
regret	2
reel	2
record	2
recked	2
reap	2
reading	2
ravine	2
rave	2
rather	2
rarer	2
rarely	2
rallied	2
raising	2
raindrops	2
raiment	2
rags	2
raging	2
raged	2
r	2
questioned	2
quarrel	2
quake	2
pyramid	2
puzzled	2
pursuing	2
purest	2
pulse	2
pulling	2
proverb	2
proved	2
prophecy	2
promised	2
proclaim	2
prisoned	2
priests	2
press	2
presences	2
prescient	2
prescience	2
presage	2
pomegranate	2
pole	2
pointing	2
pointed	2
point	2
poems	2
plucked	2
please	2
playing	2
plate	2
planting	2
planted	2
plan	2
pittsford	2
pillow	2
pile	2
pierce	2
pictured	2
philip	2
petty	2
persistent	2
persian	2
perpetual	2
perfumed	2
peering	2
pearly	2
peals	2
pausing	2
pathway	2
pastor	2
passive	2
passionless	2
parting	2
panther	2
palsied	2
palette	2
pageant	2
pacing	2
paced	2
owns	2
overflow	2
outstretched	2
outran	2
outlived	2
outlined	2
ourselves	2
otherwise	2
ore	2
orders	2
opening	2
ofour	2
oblivion	2
oars	2
oaks	2
oak	2
o'erhead	2
o'erarching	2
o'clocks	2
nursing	2
number	2
noontide	2
nodding	2
noblest	2
nine	2
nightfall	2
newly	2
newborn	2
nests	2
nestling	2
neighbour	2
nee	2
named	2
mulberry	2
mourning	2
mournful	2
mourners	2
mounting	2
moultrie	2
motion	2
motherhood	2
moth	2
moss	2
mornings	2
moonbeams	2
mood	2
monotone	2
moat	2
moans	2
moaned	2
mission	2
mirth	2
miracle	2
mind	2
milton	2
mills	2
millions	2
mill	2
milk	2
mild	2
mightiest	2
midsummer	2
middle	2
messengers	2
messenger	2
memories	2
memorial	2
melted	2
meets	2
media	2
meat	2
measured	2
meanest	2
mazes	2
mate	2
marvels	2
marvellous	2
martyred	2
martyrdom	2
marched	2
mantle	2
majesty	2
madonna	2
m	2
loyal	2
lowliest	2
lower	2
lot	2
losing	2
loose	2
looms	2
longings	2
loiter	2
log	2
locked	2
loaded	2
lists	2
listens	2
listener	2
lion	2
lighting	2
lids	2
letting	2
letters	2
lessons	2
leech	2
lee	2
learns	2
leapt	2
leaping	2
lean	2
leaf	2
lavish	2
laughed	2
laud	2
languid	2
lamp	2
lain	2
laggard	2
lads	2
lad	2
laboured	2
knowledge	2
knocking	2
knock	2
knell	2
knees	2
kinglier	2
kindly	2
kindled	2
key	2
keel	2
july	2
judgement	2
judea	2
joyfully	2
jove	2
journeyings	2
journey	2
joins	2
jocund	2
jet	2
jealous	2
javelins	2
jasper	2
jars	2
japan	2
j	2
ispahan	2
isle	2
islands	2
isis	2
io	2
intense	2
instinct	2
instant	2
ink	2
inheritance	2
inherit	2
impress	2
imploring	2
imperious	2
imperial	2
impatiently	2
impassive	2
impartial	2
immortelles	2
immortals	2
immortality	2
ildegar	2
i'd	2
hut	2
hurled	2
hunger	2
hummed	2
humanity	2
huge	2
hps	2
hovel	2
hotly	2
hospital	2
horsemen	2
horde	2
hop	2
honoured	2
honeyed	2
honest	2
holiday	2
hint	2
hinder	2
highest	2
heroic	2
heritage	2
herds	2
heralds	2
herald	2
helen	2
hedges	2
heats	2
heated	2
hearkened	2
heaping	2
haze	2
haunting	2
harvesters	2
harsh	2
harry	2
harebells	2
harebell	2
harbour	2
hapless	2
hanging	2
handed	2
halt	2
hails	2
guides	2
guided	2
guerdon	2
gudula	2
guarded	2
groves	2
groups	2
grotesque	2
grieved	2
greeting	2
greeted	2
greenwood	2
greek	2
gravely	2
grandest	2
grander	2
graceful	2
gossamer	2
godly	2
goal	2
gnarled	2
glints	2
glimpse	2
gleamed	2
glancing	2
gladly	2
glades	2
glade	2
gladder	2
giulio	2
girlish	2
girlhood	2
girding	2
gilds	2
gilded	2
ghosts	2
ghostly	2
general	2
gauge	2
gatherings	2
garb	2
gale	2
gained	2
gain	2
fuller	2
fruits	2
fruitless	2
fruit	2
frowned	2
frolicked	2
friendship	2
freshening	2
french	2
frame	2
fox	2
fountain	2
forward	2
forty	2
fortune	2
forsaken	2
forgets	2
forevermore	2
foretold	2
foot	2
foolish	2
folly	2
folds	2
foemen	2
foam	2
flute	2
flocks	2
floateth	2
flesh	2
flecked	2
flashing	2
flagstaff	2
fitly	2
firstborn	2
firs	2
finer	2
finding	2
festal	2
fervid	2
feels	2
feeble	2
fee	2
favouring	2
fanned	2
fancies	2
fancied	2
famine	2
fallow	2
falleth	2
faintly	2
fading	2
exquisite	2
expectant	2
exaltation	2
eves	2
esther	2
error	2
entering	2
english	2
enduring	2
else	2
elf	2
eleven	2
elate	2
eight	2
edge	2
ebon	2
easy	2
earthward	2
eagerly	2
duress	2
dumbly	2
dry	2
drunken	2
drummer	2
drowsy	2
dropping	2
droop	2
drive	2
drifteth	2
drained	2
dowry	2
dower	2
don't	2
divinely	2
diverse	2
distressed	2
distress	2
distant	2
distance	2
dismay	2
dishonour	2
dips	2
diamond	2
dial	2
diadem	2
dewdrops	2
desire	2
demons	2
dells	2
deliver	2
delight	2
deftly	2
deepening	2
deem	2
dedication	2
declare	2
deaf	2
daylight	2
david	2
dashing	2
darlings	2
darken	2
daring	2
dante	2
dames	2
cypress	2
cut	2
current	2
curling	2
curled	2
crust	2
crushing	2
crucifix	2
crownless	2
crowds	2
crouched	2
crew	2
creek	2
crashing	2
cradled	2
cow	2
cove	2
courtier	2
courage	2
counts	2
counting	2
countersign	2
counsellors	2
councils	2
cotton	2
corses	2
corner	2
copy	2
consecrate	2
conqueror	2
conflicts	2
confessed	2
confess	2
conceived	2
compared	2
compare	2
company	2
comfort	2
clock	2
clime	2
cliffs	2
cliff	2
clematis	2
clearly	2
clasps	2
clare	2
clamber	2
claimed	2
churchyard	2
chrysalis	2
chosen	2
chorus	2
china	2
chimney	2
chimes	2
chime	2
chilled	2
childish	2
chief	2
chasing	2
chase	2
charms	2
charming	2
charge	2
chaplet	2
chaplain	2
changing	2
changeless	2
chamberlains	2
censer	2
ceased	2
castles	2
casket	2
case	2
carried	2
carnage	2
carefully	2
cared	2
cap	2
candles	2
calvary	2
buy	2
buttercups	2
burns	2
burdened	2
builded	2
bugles	2
brussels	2
bringer	2
brimming	2
bridal	2
breaks	2
branching	2
bowing	2
bounteous	2
boston	2
borders	2
border	2
books	2
bone	2
bolts	2
boldly	2
blurred	2
bluntly	2
blooming	2
bloody	2
blindness	2
blazes	2
blaze	2
blame	2
blade	2
blackness	2
bitterest	2
birthday	2
bind	2
billowy	2
bewilderment	2
betrayed	2
bethlehem	2
bends	2
belt	2
believe	2
beguiling	2
beguiled	2
begins	2
beggars	2
became	2
beatitude	2
beard	2
beads	2
beacon	2
battlements	2
battlemented	2
battlefield	2
baton	2
bathed	2
bated	2
barrier	2
barns	2
bark	2
bards	2
banquet	2
banks	2
ban	2
balls	2
bake	2
ay	2
axe	2
awake	2
await	2
averted	2
attuned	2
atlantic	2
asunder	2
astray	2
aspires	2
aspire	2
aspens	2
ashtaroth	2
arrow	2
arrayed	2
arm^d	2
ardour	2
apples	2
appal	2
andrefels	2
amiss	2
amen	2
amaranth	2
alvvay	2
alps	2
alow	2
aloof	2
alight	2
alexander	2
alcinor	2
aid	2
ahead	2
aged	2
afloat	2
afield	2
adventurous	2
advancing	2
advance	2
accursed	2
accord	2
acclaims	2
acclaim	2
abbess	2
abated	2
abate	2
\	2
[	2
*•	2
),	2
•ye	1
•*	1
~	1
{	1
zvrit	1
zulma	1
zone	1
zinnias	1
zijlma	1
zeus	1
zendarood	1
youths	1
you've	1
you're	1
yesternight	1
yestermorn	1
yesterdays	1
yeoman	1
yellowing	1
yell	1
yawning	1
yarrow	1
yard	1
wroth	1
writes	1
wrist	1
wrinkled	1
wrings	1
wrestlings	1
wrestled	1
wrestle	1
wrathful	1
wraith	1
wounds	1
wounded	1
wound	1
worthy	1
worth	1
worships	1
worshippers	1
wormwood	1
worm	1
worldly	1
workmen	1
workers	1
worked	1
wooing	1
wooeth	1
woodnotes	1
woodman	1
woodlands	1
wooded	1
woodbine	1
woo	1
wonders	1
womb	1
wizard	1
withstand	1
withholden	1
wished	1
wisest	1
wisely	1
wis	1
wires	1
wipes	1
winters	1
winterkilled	1
wines	1
windowpane	1
wily	1
willy	1
william	1
wildwood	1
wildly	1
wildfire	1
wilderness	1
wield	1
widening	1
widened	1
widely	1
whoo	1
wholly	1
whoever	1
whitening	1
whitened	1
whiten	1
whistling	1
whirring	1
whirling	1
whines	1
whilst	1
whereof	1
wherefore	1
whelm	1
wheeling	1
western	1
wendell	1
wend	1
welcoming	1
welcomed	1
weighed	1
weeps	1
weed	1
wee	1
webs	1
weaving	1
weaver	1
wearing	1
weariness	1
wearies	1
weareth	1
weal	1
weakness	1
we'll	1
waysides	1
waxed	1
wavy	1
watchings	1
watchers	1
watcher	1
wastes	1
washing	1
warriors	1
warring	1
warmly	1
warfare	1
wares	1
wardrobe	1
warder	1
warbling	1
warblers	1
warbled	1
wanton	1
waning	1
waneth	1
waned	1
wands	1
wanderings	1
wakest	1
wakes	1
wakens	1
wakening	1
wakeful	1
waked	1
wainscot	1
waging	1
wagging	1
wage	1
wag	1
wafted	1
vowed	1
vouch	1
vou	1
vos	1
voluptuous	1
voiceful	1
vivid	1
vital	1
virtuous	1
virtue	1
virgins	1
vintage	1
vineyards	1
villagers	1
vikings	1
viewless	1
vexed	1
veteran	1
vesture	1
vest	1
vesper	1
verdant	1
venus	1
ventured	1
venture	1
vengeance	1
venerable	1
veined	1
veiling	1
veery	1
vay	1
vault	1
varied	1
vapours	1
vane	1
valorous	1
valiant	1
valhalla	1
uttereth	1
usf	1
useless	1
urgent	1
upturned	1
uproar	1
uplifting	1
upborne	1
unworn	1
unworldly	1
unworldliness	1
unwearied	1
unveiled	1
unveil	1
untried	1
untenanted	1
unstained	1
unsounded	1
unsightly	1
unshrinkingly	1
unshod	1
unshaken	1
unshadowed	1
unrolled	1
unroll	1
unrhymed	1
unresting	1
unrepressed	1
unremembered	1
unquestioning	1
unpitying	1
unnumbered	1
unmurmuring	1
unmindful	1
unmeasured	1
unloose	1
unlock	1
unknowing	1
unjust	1
unimagined	1
unhurried	1
unharmed	1
ungathered	1
unfurl	1
unfulfilment	1
unfolds	1
unfolded	1
unfettered	1
unfelt	1
unfathomed	1
unfaltering	1
unfading	1
unequal	1
undreamed	1
undertones	1
understood	1
uncrowned	1
uncovered	1
uncounted	1
unconcealed	1
uncoffined	1
unchallenged	1
uncertain	1
unceasing	1
uncaring	1
unburied	1
unbroken	1
unbreathed	1
unborn	1
unblushing	1
unblenched	1
unbidden	1
unbelieving	1
unavailing	1
unanswering	1
unanswered	1
unallured	1
unaccustomed	1
unabated	1
umbrageous	1
ulies	1
uke	1
ught	1
tyrian	1
tyre	1
tyrants	1
twixt	1
twittering	1
twitter	1
twisted	1
twins	1
twines	1
twill	1
twere	1
twenty-nine	1
twenty-four	1
twelvemonth	1
twelve	1
tvvas	1
turkish	1
tumultuously	1
tug	1
tuberose	1
truths	1
trump	1
truer	1
trow	1
trove	1
trout	1
troupe	1
troubles	1
tropical	1
trophies	1
troops	1
trooping	1
triumphing	1
tripping	1
tripped	1
triple	1
trip	1
trims	1
trimmest	1
trilling	1
trilhng	1
trifles	1
trifle	1
tries	1
tricksy	1
trice	1
tribute	1
tress	1
trembhng	1
treasureless	1
treacherous	1
transparent	1
transmuted	1
translating	1
tramping	1
traitors	1
trains	1
trailed	1
tracks	1
tracked	1
tracery	1
traced	1
toyed	1
towered	1
tore	1
torches	1
tools	1
tolls	1
tokens	1
toilsome	1
toad	1
to'pay	1
tlung	1
title	1
tissue	1
tint	1
tinkling	1
tiniest	1
timid	1
tightened	1
tied	1
tie	1
ticonderoga	1
thyself	1
thyme	1
thunderous	1
thrust	1
throws	1
thronged	1
throbs	1
throbbings	1
throbbed	1
threats	1
threat	1
threaded	1
thread	1
thotigh	1
thistles	1
thistle	1
thirty	1
thinner	1
thickly	1
thicket	1
thickest	1
thet	1
theresa	1
thereon	1
therein	1
thenceforth	1
themes	1
theme	1
thanks	1
thanking	1
thankful	1
th	1
texture	1
tested	1
terror	1
tent	1
tendrils	1
tenderness	1
tenderer	1
tended	1
tend	1
tempting	1
tempted	1
temptation	1
tempt	1
tempering	1
temper	1
tearless	1
team	1
teaching	1
taunting	1
taunt	1
tassels	1
tarried	1
tangling	1
tangle	1
tame	1
talks	1
talisman	1
takes	1
table	1
symphony	1
symbol	1
sycophants	1
swore	1
swoon	1
swim	1
swerve	1
swarming	1
swarmed	1
swallow	1
suspense	1
suspected	1
surpassing	1
surging	1
surge	1
surf	1
support	1
sup	1
sunsets	1
sunflowers	1
summonest	1
sulphurous	1
suggested	1
suffice	1
sufferings	1
succour	1
successive	1
succession	1
subdued	1
sturdily	1
studded	1
struggling	1
struggles	1
strown	1
strongly	1
strokes	1
stroked	1
strivings	1
striving	1
striven	1
stringing	1
striking	1
strides	1
stricken	1
stretches	1
streaming	1
streamer	1
streaks	1
strays	1
straps	1
strangled	1
strangers	1
straining	1
strained	1
straightened	1
stormed	1
stories	1
stop	1
stones	1
stolid	1
stocks	1
stitching	1
stint	1
stings	1
stilly	1
stillest	1
stilled	1
stifled	1
stiffened	1
steeple	1
steeper	1
steeped	1
steed	1
steamship	1
stealthily	1
stealing	1
stealeth	1
steadfast	1
staunch	1
statesman	1
states	1
stateliest	1
statelier	1
starward	1
starving	1
startling	1
startles	1
stark	1
staring	1
stale	1
stair	1
staff	1
ss	1
spy	1
spurred	1
spurned	1
spun	1
sprung	1
sprites	1
springs	1
spreads	1
spotted	1
sport	1
spoiled	1
splintered	1
spirits	1
spirito	1
spin	1
spiked	1
spider	1
sphinx	1
spencer	1
spells	1
speculate	1
sparrows	1
sparrow	1
sparks	1
sparkled	1
spanish	1
span	1
sown	1
soweth	1
southward	1
soundly	1
sounded	1
sorrier	1
sorest	1
sordid	1
soothes	1
soothed	1
soot	1
sonnets	1
somewhat	1
solitudes	1
softened	1
sodom	1
sodden	1
sobbing	1
sobbed	1
soarest	1
sniffed	1
sneers	1
sneering	1
snarling	1
smouldering	1
smote	1
smiting	1
smileth	1
smilest	1
smaller	1
slumbrous	1
slumbers	1
slumberous	1
slumbered	1
slips	1
slippers	1
sleepy	1
sleeper	1
slaves	1
slanting	1
skirting	1
skilled	1
skill	1
sjuile	1
size	1
sixty	1
sittest	1
sisterhood	1
sinners	1
sinai	1
simplest	1
simon	1
signs	1
signals	1
sides	1
sibyl	1
shuttle	1
shutting	1
shunned	1
shun	1
shudders	1
shuddered	1
shudder	1
shroudeth	1
shrive	1
shrinks	1
shrined	1
shriek	1
showed	1
shovels	1
shoulders	1
shop	1
shoon	1
shoivers	1
shoes	1
shiver	1
shirked	1
shirk	1
shineth	1
shimmer	1
shifts	1
shifting	1
shields	1
shepherds	1
shells	1
sheer	1
sheds	1
sheathing	1
sheathed	1
sheathe	1
sheaf	1
shawls	1
sharpest	1
shards	1
shapely	1
shaped	1
shape	1
shameless	1
shamed	1
shalott	1
shallow	1
shaking	1
shaken	1
shake	1
shaft	1
shady	1
shadowed	1
seventy-five	1
seventh	1
seventeen	1
settlers	1
settler	1
setteth	1
servitors	1
serried	1
serpent	1
sermon	1
serge	1
serener	1
sere	1
seraphs	1
september	1
separate	1
sentinel	1
senses	1
sending	1
sendest	1
selling	1
seldom	1
sedge	1
second	1
secluded	1
seaweed	1
seaward	1
seat	1
season	1
seaside	1
seared	1
seabirds	1
scurry	1
scrolls	1
scourging	1
scourged	1
scottish	1
scotia	1
scorned	1
scorn	1
scoffing	1
schooners	1
schools	1
schoolhouse	1
schoolboys	1
schoolboy	1
scholar	1
sceptreless	1
sceptred	1
scent	1
scatters	1
scars	1
scarf	1
scar	1
scan	1
scales	1
scale	1
saviour	1
saves	1
saved	1
satisfied	1
santa	1
sandals	1
sandal	1
sanctify	1
san	1
samite	1
saluting	1
salute	1
sakes	1
saintliest	1
sailor	1
sages	1
safer	1
saddened	1
sacrament	1
sabre	1
sable	1
s7veet	1
ruthless	1
rustlings	1
rustic	1
runes	1
rumour	1
ruling	1
ruler	1
ruined	1
ruhile	1
ruffled	1
ruff	1
rudely	1
rudderless	1
rubies	1
royally	1
roy	1
rover	1
rotten	1
rosebuds	1
rosary	1
roots	1
rooks	1
rooftree	1
roofed	1
rome	1
roly	1
rollicking	1
role	1
rocking	1
roaring	1
roared	1
roamed	1
rizpah	1
rival	1
rite	1
rippled	1
ripple	1
ripley	1
ripe	1
rightful	1
righteousness	1
righteous	1
riding	1
ridge	1
rideth	1
ridest	1
rider	1
richard	1
rhymes	1
revive	1
review	1
reverses	1
reverence	1
revered	1
reverberations	1
reverberation	1
revellers	1
revelations	1
revel	1
reunited	1
reunion	1
returning	1
returned	1
retreats	1
retainer	1
resurgamus	1
restrain	1
restorer	1
rested	1
responded	1
resolves	1
resisted	1
resemblance	1
rescue	1
reproach	1
repressed	1
reposed	1
repine	1
repentance	1
repent	1
repeats	1
repeating	1
repair	1
renowned	1
renewed	1
renew	1
rends	1
rending	1
removed	1
remind	1
remembrances	1
remembers	1
rememberest	1
remain	1
religious	1
rejoices	1
rejoiced	1
rein	1
reigns	1
reignest	1
reign'st	1
regardless	1
refuses	1
refused	1
refreshed	1
reefs	1
reeds	1
redoubt	1
redden	1
redcoats	1
redbreast	1
records	1
recompense	1
recognition	1
recline	1
recks	1
reckonings	1
reckon	1
recesses	1
receive	1
receding	1
recall	1
rebuffs	1
reared	1
reaped	1
real	1
reads	1
ravines	1
raves	1
rattling	1
rash	1
raptures	1
rapid	1
rankled	1
ranges	1
range	1
ramses	1
rampart	1
rambling	1
ramah	1
rallying	1
rains	1
rachels	1
rachel	1
rabboni	1
rabble	1
quote	1
quite	1
quill	1
quietude	1
quietness	1
quicker	1
quickening	1
quickened	1
quicken	1
questionings	1
quench	1
queens	1
quarry	1
quarrelled	1
quaintest	1
quail	1
pygmalion	1
puzzle	1
puts	1
pursuer	1
purpling	1
purity	1
purge	1
purely	1
puppet	1
pulpit	1
pulleys	1
puling	1
prussian	1
prowling	1
prowess	1
proudest	1
protider	1
protestations	1
prosperous	1
proof	1
promising	1
promethean	1
progenitor	1
proffer	1
proclaiming	1
processions	1
problems	1
problem	1
pro	1
prize	1
prithee	1
prinked	1
priestly	1
pried	1
prey	1
pretty	1
prepare	1
prelate	1
pregnant	1
preened	1
prcetermittasf	1
prcetermittas	1
prayings	1
praying	1
prank	1
praises	1
pr^termittas	1
powers	1
powerful	1
poverty	1
pours	1
potent	1
postern	1
possession	1
position	1
pose	1
portent	1
portcullis	1
poppy	1
poorer	1
ponderous	1
poly	1
poisoned	1
points	1
poets	1
poesy	1
poem	1
plunged	1
plummet	1
plume	1
ploughshare	1
ploughing	1
plot	1
plighted	1
plenty	1
pledging	1
pledged	1
pledge	1
pleasing	1
pleased	1
pleasant	1
pleasance	1
pleadings	1
pleading	1
playthings	1
platea	1
plantagenet	1
plans	1
planned	1
planets	1
plane	1
plaintive	1
plains	1
placing	1
placid	1
piteous	1
pious	1
pinks	1
pinion	1
pined	1
pillars	1
pilgrim	1
pigeons	1
pierced	1
pied	1
pick	1
physicians	1
phrase	1
phases	1
petted	1
pestilent	1
pervaded	1
persuasive	1
persistence	1
persians	1
persephone	1
perplexed	1
perplex	1
perishing	1
perilous	1
peril	1
perennial	1
perched	1
perch	1
peopling	1
penned	1
penitential	1
penitence	1
pendulous	1
penance	1
pelting	1
peers	1
peered	1
pedestal	1
pebbly	1
pebble	1
pealed	1
peaches	1
payment	1
paxvobiscum	1
pavement	1
pauses	1
patter	1
patria	1
pathways	1
pasture	1
password	1
passer	1
party	1
parts	1
partridge	1
partial	1
paris	1
pardon	1
parched	1
parade	1
papers	1
panoply	1
pangs	1
pane	1
pan	1
palter	1
palpitates	1
pallor	1
palest	1
pales	1
paler	1
paled	1
pairs	1
pair	1
painting	1
painted	1
paid	1
paean	1
pack	1
paces	1
p'resh	1
oxen	1
owning	1
owls	1
owl	1
overthrown	1
overlies	1
overhung	1
overflowing	1
ov^^ned	1
outy	1
outward	1
outspread	1
outrun	1
outreaching	1
outrang	1
outpouring	1
outgrown	1
ought	1
ouf	1
ostera	1
osiris	1
orison	1
oriole	1
oriels	1
oriel	1
ores	1
oread	1
ordereth	1
orchards	1
opulence	1
opposite	1
opinions	1
ophir	1
openest	1
oped	1
opaline	1
opal	1
ominous	1
omen	1
olympus	1
olivet	1
oliver	1
olden	1
ointment	1
oil	1
ohf	1
oftener	1
oflf	1
officers	1
offering	1
offered	1
october	1
oceans	1
oblations	1
obeys	1
oberammergau	1
obeisance	1
oath	1
oaken	1
o'clock	1
nurtured	1
nurslings	1
nurses	1
nursed	1
nurse	1
numbers	1
numbered	1
november	1
northumberland	1
noonday	1
noise	1
nocturne	1
nobles	1
nobler	1
niobe	1
nina	1
nightingales	1
nightingale	1
nightbird	1
news	1
newer	1
nettles	1
neshobe	1
nerves	1
nectar	1
nec	1
neath	1
nearest	1
nazareth	1
native	1
natheless	1
nasturtiums	1
nasturtium	1
narrower	1
naiads	1
naiad	1
myths	1
myth	1
mystical	1
myriads	1
muslin	1
muse	1
muscovite	1
muscles	1
murmurs	1
murky	1
murdered	1
mun	1
mulleins	1
moving	1
moves	1
mouse	1
mourner	1
mourned	1
mounts	1
mountainside	1
mounds	1
mouldings	1
moulded	1
motley	1
motionless	1
motes	1
mosaic	1
mortar	1
morrow	1
mordecai	1
moorland	1
moored	1
moons	1
moonless	1
moodily	1
monks	1
monk	1
moist	1
model	1
mocks	1
mitre	1
missing	1
mire	1
miraculous	1
minutes	1
mink	1
ministries	1
ministering	1
mingling	1
mingle	1
minded	1
mimic	1
miles	1
mile	1
mightiness	1
midway	1
metals	1
merriment	1
merits	1
mercy	1
merciful	1
mercedes	1
melodies	1
meed	1
medes	1
measureless	1
means	1
meanly	1
meagre	1
meads	1
mc	1
mazy	1
maze	1
mayflower	1
maybe	1
matron	1
material	1
mater	1
match	1
mat	1
mastery	1
masters	1
masses	1
mask	1
marvellously	1
martha	1
mart	1
marsh	1
market	1
mark	1
marigold	1
marcius	1
marbles	1
marat	1
mansions	1
mansion	1
mansfield	1
manner	1
manna	1
manly	1
mangoes	1
mangled	1
manes	1
mandates	1
mamma	1
making	1
maintaining	1
maids	1
magi	1
madness	1
madman	1
maddening	1
maddened	1
lyres	1
lyra	1
lustrous	1
lurking	1
lulled	1
lullabies	1
lowlier	1
lowing	1
lowest	1
lowering	1
lovingly	1
loveth	1
loveliness	1
loveliest	1
lov^d	1
loth	1
loses	1
loosened	1
loosely	1
loon	1
lookings	1
lonesome	1
loitering	1
logic	1
loftier	1
lode	1
livest	1
livelong	1
lithesome	1
lithe	1
lisrht	1
lions	1
linnet	1
link	1
lingers	1
lingered	1
ling	1
lines	1
lined	1
lineaments	1
lineage	1
limitless	1
limitations	1
limb	1
lilacs	1
lilac	1
lightnings	1
lightning	1
lightness	1
lighter	1
lighted	1
lifetime	1
lifelong	1
liest	1
lidded	1
lid	1
licking	1
lichens	1
level	1
lesson	1
lengthens	1
lengthen	1
lend	1
leisure	1
leggings	1
legends	1
legendary	1
lef	1
leaps	1
leans	1
leaned	1
leal	1
league	1
leafless	1
leading	1
leadeth	1
leaders	1
leader	1
leaden	1
lazy	1
lawrence	1
lavished	1
laves	1
laurels	1
launched	1
launch	1
latticed	1
latest	1
latch	1
lassies	1
lassie	1
lashes	1
larkspurs	1
larger	1
large	1
larches	1
lapse	1
languor	1
languished	1
languish	1
lane	1
landscape	1
lances	1
lance	1
lamps	1
lament	1
lambkin	1
lambent	1
lag	1
ladyes	1
ladening	1
laces	1
lace	1
labrador	1
labours	1
kriss	1
kringle	1
knot	1
knoll	1
knit	1
knells	1
kneeled	1
kirtle	1
kinship	1
kingdoms	1
kine	1
kindles	1
kindle	1
kinder	1
killington	1
killed	1
keys	1
kerchief	1
keen	1
k	1
justice	1
juno	1
jungles	1
junes	1
judith	1
jubilantly	1
joyously	1
joying	1
joyful	1
journeyed	1
jot	1
jostle	1
jesters	1
jester	1
jest	1
jerusalem	1
jaunty	1
jamie	1
james	1
jacinta	1
j^	1
ivys	1
ivied	1
ivhat	1
ivas	1
ivan	1
itiinstrel	1
iteration	1
israfil	1
israelites	1
irony	1
ire	1
invoice	1
intrude	1
intoned	1
interpreters	1
interpreter	1
interpret	1
interlaced	1
intently	1
inside	1
insect	1
inscrutable	1
inscribed	1
inoinitains	1
innocence	1
inly	1
inland	1
inlaid	1
iniquity	1
infernal	1
inclined	1
incident	1
incarnation	1
impulse	1
impotent	1
impetuous	1
impending	1
immense	1
imgering	1
imaginings	1
illusive	1
illumining	1
illuminating	1
illumed	1
illume	1
ills	1
ilde	1
il	1
ignoble	1
ifproar	1
idlers	1
idler	1
hymns	1
hymned	1
hyacinth	1
huzzas	1
hushing	1
hurry	1
hurries	1
hurried	1
huntsmen	1
hunter	1
hunted	1
hunt	1
hums	1
hummingbird	1
hull	1
howled	1
however	1
hovers	1
hound	1
hostile	1
hosannas	1
horse	1
horned	1
hordes	1
hops	1
hopeless	1
hopefully	1
hoped	1
hoot	1
hooded	1
hood	1
honours	1
homeliest	1
holmes	1
holman	1
hollyhocks	1
hollowed	1
holes	1
holdeth	1
hodden	1
hoarded	1
hoard	1
hmitless	1
hke	1
hit	1
hinges	1
hinge	1
hindereth	1
hilt	1
hillsides	1
hillside	1
highborn	1
hies	1
hewn	1
hestia	1
hesperides	1
hesper	1
herself	1
hermit	1
hermes	1
herd	1
herbs	1
heralded	1
hera	1
helvellyn	1
helpless	1
helping	1
helper	1
heliotropes	1
heel	1
heeds	1
heedless	1
heeding	1
hebe	1
heaviest	1
heavenward	1
heartstrings	1
heartsick	1
hearthstones	1
hearths	1
hearsay	1
hearkening	1
hearing	1
heaped	1
hawk	1
haunt	1
hasty	1
hasteth	1
hastes	1
hastens	1
hastened	1
hasted	1
harvests	1
harvesting	1
harps	1
harpings	1
harper	1
harmless	1
hardy	1
hardship	1
happily	1
happiest	1
hang	1
handsome	1
hallelujahs	1
halfway	1
hal	1
hailing	1
hai	1
habits	1
gypsy	1
gun	1
gums	1
gulf	1
guiltless	1
guiding	1
guidance	1
guarding	1
groweth	1
grove	1
gropes	1
grope	1
groom	1
groined	1
grip	1
grimy	1
grieve	1
greets	1
greenly	1
greener	1
greater	1
graveyard	1
graven	1
gratitude	1
grassy	1
granted	1
gracious	1
graced	1
gossip	1
gorges	1
goodwill	1
goodlier	1
goodbye	1
goldenrod	1
going	1
godlike	1
goblet	1
gnze	1
gnaw	1
glow.**	1
glorying	1
gloried	1
glooms	1
globes	1
globe	1
gloaming	1
glitter	1
glistened	1
glint	1
glimpses	1
glimmers	1
glimmered	1
glimmer	1
glides	1
gleeful	1
glee	1
gleamings	1
glass	1
glamour	1
gladiolus	1
glaciers	1
giver	1
girt	1
girdle	1
gilly	1
get	1
germ	1
george	1
gemmed	1
gazes	1
gazer	1
gavest	1
gauzy	1
gauzes	1
gathers	1
garnered	1
garner	1
garish	1
gardens	1
gardener	1
gar	1
galloping	1
gallery	1
gallantly	1
galatea	1
gala	1
gains	1
g	1
future	1
furrowed	1
furnace	1
furl	1
furies	1
funereal	1
fun	1
fulfil	1
fulf	1
frosty	1
fronting	1
fronds	1
frolicsome	1
frolicking	1
frolic	1
frisking	1
fringing	1
frightened	1
fright	1
friday	1
friar	1
fretting	1
frequent	1
freer	1
frederick	1
frederic	1
fraught	1
frate	1
frankly	1
france	1
fragment	1
fragile	1
fragant	1
foursquare	1
fountains	1
founded	1
fortti	1
forming	1
forgiven	1
forgive	1
foretells	1
forerunner	1
foremost	1
foreign	1
foreheads	1
forded	1
force	1
footstool	1
footprints	1
footprint	1
footfall	1
fool	1
food	1
fondled	1
folding	1
flyeth	1
fluted	1
flushes	1
floweth	1
florian	1
florentine	1
florence	1
floods	1
flitting	1
flitted	1
flits	1
flinging	1
flights	1
flieth	1
flees	1
fleeing	1
fleecy	1
flecks	1
flaw	1
flattering	1
flask	1
flashed	1
flamed	1
flail	1
flagons	1
fitting	1
fishermen	1
fisherman	1
firmer	1
firelight	1
fiord	1
finite	1
finished	1
finest	1
filtered	1
filmy	1
files	1
figure	1
fights	1
fifty-nine	1
fifteen	1
fife	1
fictions	1
fickle	1
feverish	1
fever	1
feuds	1
feud	1
fete	1
fertile	1
fennel	1
fen	1
fells	1
fellowmen	1
feeling	1
feeds	1
february	1
features	1
fealty	1
fawns	1
fawn	1
fathers	1
fastnesses	1
fastness	1
fasting	1
fasten	1
fashion	1
farthingale	1
farmers	1
farmer	1
fantasy	1
fancy	1
faltering	1
faithless	1
fairings	1
fainted	1
fails	1
failing	1
failed	1
fadeth	1
fades	1
facts	1
fabled	1
fable	1
exultingly	1
expected	1
expectation	1
evidence	1
events	1
evensong	1
eve	1
europe	1
ethiop	1
ethereal	1
et	1
established	1
escaping	1
escaped	1
erst	1
errs	1
errands	1
erin	1
erelong	1
entreating	1
entirely	1
enthral	1
enterest	1
entered	1
enrol	1
enraptured	1
enough	1
engulfed	1
england	1
enfolds	1
enfolded	1
enemies	1
endures	1
endured	1
ends	1
encompassed	1
encompass	1
encircling	1
empress	1
empires	1
empire	1
emmanuel	1
emigrant	1
embraces	1
embowering	1
embassage	1
eludes	1
elude	1
elsie	1
elsewhere	1
eloquence	1
elms	1
elm	1
elizabeth	1
eliot	1
eldest	1
elder	1
egypt	1
eglantine	1
effeminate	1
eddying	1
ecstatic	1
echoes	1
ebony	1
eben	1
ebb	1
eaves	1
earns	1
earn	1
earliest	1
dyes	1
dyed	1
dwells	1
duties	1
dusty	1
durham	1
duly	1
dulled	1
dryad	1
drowning	1
drowned	1
drown	1
drove	1
droopeth	1
droning	1
driving	1
driftwood	1
dried	1
drenched	1
dregs	1
dreatful	1
dreamlands	1
dreamland	1
dreamful	1
dreamer	1
draughts	1
draught	1
draped	1
draining	1
dragons	1
dragon	1
dragged	1
drag	1
downsweeping	1
dowerless	1
dowered	1
dovecotes	1
dove	1
double	1
doorway	1
doomed	1
donjon	1
dominant	1
dolorosa	1
dolefully	1
doled	1
dog	1
doffed	1
doeth	1
doer	1
dodona	1
dock	1
divinest	1
divides	1
divided	1
disturb	1
distrusts	1
distrusteth	1
distills	1
distaff	1
dissembled	1
disposes	1
disobedient	1
dismayed	1
dishevelled	1
discover	1
discordant	1
discontent	1
disconsolate	1
dirge	1
directs	1
dims	1
dimly	1
dight	1
diana	1
dian	1
diamonds	1
dewdrop	1
devotion	1
dethroned	1
destiny	1
destined	1
despite	1
despairingly	1
desolation	1
desolated	1
deserts	1
deserted	1
depth	1
dense	1
denied	1
den	1
demon	1
dell	1
deliverance	1
delights	1
delicate	1
delaying	1
delayed	1
degrees	1
defying	1
defend	1
deepened	1
decrees	1
declining	1
decks	1
deck	1
dec	1
deathly	1
deathbed	1
dearth	1
dearly	1
dearer	1
deal	1
deadlier	1
de	1
dazzled	1
dawns	1
dawnedj	1
davids	1
dauntless	1
daunt	1
date	1
dash	1
darts	1
darted	1
darkest	1
dappled	1
dangerous	1
dances	1
daisy	1
daintily	1
d	1
cyrus	1
cymbal	1
cyclamens	1
curtains	1
cursing	1
currents	1
curly	1
curl	1
cured	1
cure	1
crypts	1
crutch	1
crusts	1
crushed	1
crumble	1
crowning	1
crow	1
crouching	1
crop	1
crooning	1
croon	1
croce	1
critic	1
crimsoned	1
crime	1
crieth	1
cresset	1
creeds	1
creature	1
creation	1
create	1
crawl	1
craven	1
crave	1
crags	1
craggy	1
crag	1
cower	1
covert	1
courts	1
courtly	1
courtesy	1
courant	1
counterpart	1
counsels	1
costliest	1
corpse	1
cordial	1
coral	1
coquette	1
cooing	1
cooed	1
control	1
contest	1
contending	1
constrained	1
consolation	1
consciousness	1
consciously	1
conscious	1
conscience	1
conquers	1
conquerors	1
conquering	1
conquer	1
conjure	1
confessor	1
concord	1
conceit	1
concealing	1
concealed	1
conceal	1
comrade	1
complete	1
complaint	1
compelling	1
compassionate	1
compassed	1
companionship	1
companies	1
commit	1
commerce	1
commandment	1
combed	1
columbine	1
coloured	1
colonnade	1
college	1
coldly	1
coldest	1
colder	1
coiues	1
coffers	1
cocoas	1
cock	1
coats	1
coated	1
coat	1
coarsest	1
clutching	1
clusters	1
clung	1
clump	1
club	1
clown	1
clouded	1
closest	1
cloak	1
cleft	1
cleaving	1
cleaves	1
cleave	1
claudio	1
claspings	1
clashing	1
clashed	1
clarions	1
clap	1
clan	1
clairvoyance	1
claiming	1
civil	1
citadel	1
circuit	1
circles	1
circle	1
cimah	1
churches	1
christs	1
chrism	1
chord	1
choiring	1
choir	1
choicest	1
chmbing	1
chivalry	1
chirp	1
chin	1
chimed	1
chilly	1
chills	1
chieftains	1
chieftain	1
chided	1
cherubim	1
cherub	1
cheerly	1
cheering	1
cheeked	1
check	1
chaucer	1
chattel	1
chasm	1
chased	1
charnel	1
charm	1
charleston	1
charity	1
charged	1
characters	1
chaplets	1
chaos	1
changes	1
change	1
chanced	1
champlain	1
challenged	1
chalices	1
cerements	1
cerecloth	1
centre	1
centennial	1
cemetery	1
cells	1
celebration	1
cedar	1
ceaseless	1
caves	1
caverns	1
cavern	1
catharine	1
catching	1
catamount	1
catalogue	1
cat	1
casual	1
castleton	1
casement	1
carved	1
cars	1
carols	1
carolling	1
carolled	1
carest	1
carelessly	1
careering	1
caravan	1
car	1
captives	1
captive	1
canvas	1
canterbury	1
canoe	1
campanile	1
camp	1
cameo	1
camelot	1
calms	1
calmness	1
calmest	1
calmer	1
callow	1
cage	1
cadence	1
cabins	1
cabinet	1
cabin	1
byways	1
buttercup	1
burrowing	1
burnished	1
burneth	1
buoyant	1
budded	1
buckler	1
bryant	1
brush	1
brotherhood	1
brooks	1
brooklets	1
brooklet	1
broodeth	1
brooded	1
bronzed	1
broidery	1
brocade	1
broadest	1
broadening	1
british	1
brink	1
brilliant	1
brightness	1
brightens	1
brief	1
bridges	1
brides	1
bribes	1
brew	1
brethren	1
breezy	1
breasted	1
breaketh	1
breach	1
bravest	1
braver	1
braved	1
brambles	1
braided	1
braid	1
boyish	1
boyhood	1
box	1
bows	1
bowlders	1
bourn	1
bouquet	1
bounties	1
bounding	1
bought	1
borrow	1
boots	1
booted	1
boon	1
booms	1
booming	1
boom	1
bondage	1
boleyn	1
bolder	1
bodkin	1
bode	1
bobolinks	1
boats	1
blushed	1
bluebird	1
bloweth	1
blotteth	1
blot	1
bloodstained	1
blithesome	1
blinds	1
blindly	1
blessings	1
blends	1
bleed	1
bled	1
bleat	1
bleached	1
blasted	1
blandest	1
blanched	1
blacksmith	1
blackening	1
blackened	1
blackberry	1
bitterness	1
birdling	1
birches	1
birch	1
binding	1
biding	1
bidden	1
bible	1
bewildering	1
bewildered	1
bewail	1
betwixt	1
betide	1
bethinking	1
bestead	1
bestand	1
besides	1
berry	1
bernard	1
bermuda	1
bereft	1
bereave	1
bequeathed	1
bennington	1
benizon	1
bendeth	1
bench	1
benaiah	1
belovm	1
beloveds	1
belongs	1
beholder	1
behests	1
beguile	1
begotten	1
begin	1
begging	1
befits	1
beetling	1
bedouin	1
beckons	1
beck	1
beats	1
beaten	1
bearer	1
beards	1
beaming	1
battles	1
batter	1
battalions	1
bats	1
bathes	1
bathe	1
bask	1
basest	1
base	1
baronial	1
barn	1
barley	1
barked	1
baring	1
bares	1
bareheaded	1
barefoot	1
bard	1
barbaric	1
barbara	1
banishment	1
banished	1
baltimore	1
balmy	1
bald	1
backed	1
bacchus	1
babies	1
babes	1
babblings	1
b	1
awed	1
aware	1
awakes	1
awakened	1
awaken	1
awaiting	1
avenues	1
avatch	1
avalanche	1
autumnal	1
auspicious	1
auriga	1
aureoled	1
aur	1
attics	1
attend	1
athirst	1
athenians	1
ate	1
asters	1
assail	1
aspiring	1
asphodel	1
askance	1
asia	1
ashamed	1
ascending	1
artifice	1
arrows	1
arranged	1
army	1
armoured	1
armies	1
armchair	1
ark	1
arising	1
arisen	1
ares*s	1
arduous	1
arcturus	1
archway	1
arc	1
arbour	1
arab	1
approach	1
applauded	1
appears	1
appals	1
appalled	1
apollyon	1
apollo	1
anvil	1
antwerp	1
anthony	1
anthems	1
anthem	1
answers	1
answerest	1
ansvvereth	1
annulleth	1
anne	1
angered	1
angelus	1
angelo	1
anchorless	1
amulet	1
ample	1
amorous	1
ammunition	1
amherst	1
america	1
amain	1
alter	1
altarpiece	1
also	1
already	1
alpine	1
aloiie	1
aloes	1
almost	1
almanac	1
alluring	1
alice	1
alchemy	1
albeit	1
alabaster	1
aims	1
aiming	1
aimed	1
ahvay	1
afric	1
affrighted	1
affray	1
affairs	1
adverse	1
advances	1
advanced	1
adorned	1
added	1
actual	1
aching	1
ache	1
accustomed	1
accordant	1
accomplishment	1
abysses	1
abyss	1
abundance	1
absaloms	1
absalom	1
abroad	1
abreast	1
abnegation	1
abloom	1
ablaze	1
abidest	1
abide	1
abdallah	1
^ipon	1
\yho	1
?»»	1
7iow	1
.]	1
.,	1
.")	1
**0	1
).	1
((	1
'^	1
'.	1
'"	1
"•	1
")	1
