,	935
the	620
and	584
.	428
of	297
—	234
!	227
a	215
to	214
in	193
with	133
|'s|	130
i	104
that	88
for	85
;	85
her	82
is	79
thy	78
love	75
'	75
his	72
from	72
|arabic2digit|	71
my	65
sweet	62
we	61
or	61
on	61
as	58
?	58
but	56
by	55
are	55
all	50
me	47
when	43
they	43
their	43
who	41
shall	39
at	38
she	35
not	35
heart	35
:	35
so	34
thou	33
fair	33
bright	32
yet	31
be	31
our	30
nor	30
like	30
its	29
he	29
it	28
nancy	27
ye	26
will	26
what	26
time	26
thee	26
o	26
was	25
through	25
were	24
life	24
while	23
no	23
hath	22
doth	22
this	21
see	21
joy	21
have	21
day	21
|arabic1digit|	20
where	20
must	20
there	19
sea	19
never	19
may	19
your	18
which	18
way	18
till	18
know	18
come	18
you	17
would	17
true	17
song	17
say	17
over	17
eyes	17
upon	16
soul	16
light	16
earth	16
do	16
deep	16
away	16
air	16
whose	15
one	15
old	15
nature	15
mother	15
hearts	15
god	15
full	15
blue	15
wild	14
us	14
two	14
thought	14
long	14
if	14
how	14
hands	14
hand	14
feet	14
can	14
bird	14
sun	13
pain	13
oh	13
now	13
new	13
}	12
within	12
still	12
some	12
s	12
more	12
many	12
look	12
hear	12
great	12
easter	12
down	12
dear	12
art	12
then	11
home	11
had	11
go	11
each	11
beauty	11
an	11
"	11
world	10
weep	10
thrall	10
spirit	10
soft	10
since	10
should	10
rest	10
pray	10
out	10
nay	10
leaves	10
has	10
green	10
good	10
form	10
far	10
ever	10
came	10
wood	9
white	9
very	9
touch	9
too	9
them	9
smile	9
rose	9
rare	9
peace	9
own	9
night	9
maying	9
man	9
j	9
hold	9
golden	9
gods	9
forest	9
fly	9
fain	9
did	9
caress	9
call	9
blessed	9
birds	9
ay	9
april	9
always	9
young	8
wondrous	8
waters	8
voice	8
tree	8
thus	8
though	8
thine	8
than	8
tender	8
summer	8
something	8
sing	8
sight	8
proud	8
noble	8
neath	8
morn	8
master	8
make	8
made	8
low	8
laurel	8
hope	8
him	8
dead	8
castles	8
care	8
brow	8
bloom	8
**	8
zeus	7
without	7
winter	7
winds	7
wind	7
why	7
violet	7
vain	7
tell	7
t	7
strain	7
stars	7
sky	7
skies	7
shore	7
passed	7
name	7
music	7
morning	7
mind	7
might	7
men	7
loving	7
lo	7
human	7
high	7
heaven	7
glad	7
flow	7
feel	7
feast	7
face	7
every	7
divine	7
death	7
caught	7
blooming	7
bless	7
apollo	7
wrought	6
words	6
word	6
won	6
wife	6
wide	6
weeping	6
weary	6
ways	6
things	6
tears	6
sunny	6
such	6
strong	6
stay	6
sour	6
souls	6
sore	6
smiling	6
sleep	6
sit	6
seek	6
secret	6
rapture	6
pure	6
polly	6
paradise	6
meet	6
making	6
maid	6
magic	6
looked	6
lips	6
lie	6
land	6
king	6
hast	6
half	6
grace	6
fresh	6
flowers	6
flower	6
fierce	6
fields	6
fear	6
fate	6
falls	6
ere	6
ear	6
dreams	6
days	6
comes	6
bitter	6
beneath	6
bear	6
back	6
ancient	6
alas	6
years	5
worldly	5
work	5
winged	5
went	5
waiting	5
until	5
today	5
tide	5
think	5
takes	5
swift	5
stand	5
speak	5
spain	5
singing	5
shining	5
set	5
seen	5
saying	5
sacred	5
red	5
quite	5
queen	5
pretty	5
power	5
pleasure	5
place	5
patient	5
mortal	5
mood	5
miss	5
maidens	5
lover	5
lord	5
last	5
keep	5
idle	5
hellas	5
heavenly	5
hark	5
growing	5
grove	5
grief	5
gown	5
give	5
gay	5
free	5
flying	5
find	5
fills	5
fall	5
faithful	5
ease	5
dying	5
dream	5
dost	5
dare	5
crystal	5
crowned	5
could	5
command	5
cloud	5
close	5
cannot	5
cabinet	5
brought	5
brook	5
breath	5
born	5
arcady	5
again	5
''	5
zephyrs	4
yearning	4
year	4
wrong	4
woos	4
wonder	4
woe	4
wise	4
window	4
whom	4
wept	4
well	4
wealth	4
wake	4
vision	4
victory	4
vale	4
unto	4
trembling	4
town	4
top	4
toil	4
tis	4
thrilling	4
these	4
tenderness	4
telling	4
tall	4
sweetest	4
sure	4
street	4
stream	4
storm	4
st	4
sorest	4
solace	4
shines	4
shalt	4
shadows	4
sense	4
same	4
said	4
sad	4
rises	4
risen	4
rich	4
reapers	4
read	4
ray	4
rain	4
radiant	4
quaint	4
protect	4
pride	4
prayer	4
poet	4
play	4
perfect	4
patience	4
onward	4
nought	4
need	4
mystery	4
much	4
mountain	4
most	4
monotone	4
melody	4
maiden	4
lovely	4
longer	4
lofty	4
lies	4
legend	4
leafy	4
kneel	4
keeping	4
just	4
june	4
joyous	4
jay	4
hide	4
head	4
harmony	4
grown	4
grey	4
grand	4
gone	4
glee	4
gives	4
garden	4
france	4
fragrant	4
found	4
forgive	4
fools	4
follow	4
first	4
fire	4
faint	4
eyed	4
eye	4
even	4
enchanted	4
eager	4
doubt	4
depths	4
darts	4
dark	4
dainty	4
cry	4
cruel	4
comfort	4
clear	4
cheer	4
charm	4
calm	4
brother	4
break	4
brave	4
boy	4
bound	4
bough	4
bleacher	4
between	4
beer	4
beautiful	4
aye	4
ask	4
am	4
along	4
ah	4
afar	4
!"	4
youth	3
yields	3
yellow	3
writ	3
woman	3
wings	3
wing	3
whither	3
whispered	3
whisper	3
wherever	3
whatever	3
waves	3
wave	3
war	3
visions	3
tuneful	3
trow	3
treasures	3
tiny	3
thrush	3
thrill	3
three	3
those	3
thorns	3
thing	3
th	3
tear	3
symmetry	3
sweetness	3
strife	3
stress	3
streams	3
stood	3
stirred	3
spring	3
spite	3
spell	3
sounds	3
somehow	3
solemn	3
softly	3
smiles	3
slow	3
skilful	3
sits	3
sister	3
sin	3
silent	3
sighing	3
sigh	3
side	3
show	3
shores	3
ship	3
sharp	3
shadow	3
shades	3
senses	3
seems	3
seem	3
secrets	3
sake	3
saint	3
sails	3
ruthless	3
run	3
river	3
right	3
relentless	3
refrain	3
reed	3
reach	3
rather	3
rainy	3
question	3
purpose	3
prime	3
priest	3
present	3
poor	3
pomegranates	3
please	3
plaintive	3
pity	3
pines	3
perchance	3
peacefully	3
pathway	3
past	3
pale	3
palace	3
olympus	3
oft	3
none	3
mortals	3
moments	3
mine	3
midst	3
mid	3
merry	3
measured	3
meadows	3
marguerite	3
manuscript	3
luscious	3
loved	3
loud	3
loose	3
lonely	3
living	3
live	3
little	3
listening	3
line	3
limb	3
let	3
leaflets	3
lea	3
laughed	3
knew	3
knee	3
kiss	3
ken	3
joys	3
itself	3
hue	3
house	3
homesickness	3
holy	3
hers	3
hermit	3
held	3
heavens	3
hay	3
harvest	3
happy	3
grows	3
grow	3
grass	3
grasp	3
grain	3
goodbye	3
gold	3
goddess	3
glorious	3
glories	3
gift	3
gently	3
gentle	3
gain	3
fulfil	3
fraught	3
forget	3
foot	3
fool	3
foe	3
flowery	3
floor	3
flail	3
filled	3
field	3
few	3
felt	3
fell	3
fears	3
father	3
fashion	3
fancy	3
faltering	3
fairy	3
fail	3
eternity	3
ecstasy	3
earnest	3
dull	3
drink	3
dove	3
doric	3
does	3
distant	3
died	3
didst	3
despair	3
deeper	3
deeds	3
darling	3
dance	3
curse	3
cup	3
cries	3
creed	3
cool	3
conscious	3
common	3
colours	3
cold	3
clouds	3
circumstance	3
child	3
cheeks	3
changing	3
cathedral	3
burning	3
brothers	3
brooklet	3
bring	3
breast	3
brain	3
bower	3
boughs	3
bosom	3
bold	3
blowing	3
blossoms	3
blooms	3
bliss	3
beyond	3
below	3
bells	3
being	3
behold	3
been	3
beams	3
battle	3
arms	3
among	3
age	3
<*	3
."	3
zone	2
yesterday	2
yearnings	2
yea	2
wound	2
worship	2
woof	2
woods	2
woodland	2
woo	2
wonderful	2
woeful	2
wisdom	2
winning	2
win	2
whole	2
whether	2
west	2
ween	2
weaves	2
weather	2
water	2
watch	2
warp	2
warning	2
wanderer	2
wander	2
wall	2
wait	2
waist	2
wain	2
wailing	2
voices	2
virgin	2
view	2
velvet	2
ve	2
valleys	2
up	2
unseen	2
universe	2
uncle	2
turn	2
triumphant	2
triumph	2
trip	2
trial	2
tremulous	2
treasure	2
train	2
touched	2
tossed	2
torrid	2
tornado	2
toque	2
topmost	2
took	2
tongue	2
tones	2
tone	2
together	2
throng	2
throne	2
throbbing	2
throat	2
threshing	2
thresher	2
temple	2
temperate	2
teeming	2
team	2
teach	2
tasted	2
taste	2
talk	2
tale	2
take	2
sympathy	2
swiftly	2
swells	2
swelling	2
sweeter	2
sway	2
swains	2
sunshine	2
sunrise	2
suit	2
suffered	2
success	2
subtle	2
sublimest	2
sublime	2
stretch	2
strength	2
streamlet	2
straying	2
strange	2
strains	2
stop	2
stirs	2
stern	2
step	2
staying	2
state	2
star	2
stands	2
spun	2
spot	2
span	2
south	2
sounding	2
sought	2
sorrow	2
soon	2
sonnet	2
songs	2
snow	2
small	2
slumber	2
sisters	2
sinners	2
sincerity	2
sign	2
sighs	2
shrill	2
shows	2
shorn	2
shine	2
sheen	2
sheaves	2
share	2
serene	2
send	2
seej	2
scorns	2
scorning	2
schumann	2
scene	2
save	2
satiety	2
sat	2
sang	2
saith	2
sailing	2
sail	2
safe	2
rustle	2
rule	2
royal	2
rough	2
rosy	2
roses	2
robespierre	2
rill	2
rhythmic	2
rhythm	2
rhyme	2
revelation	2
reveals	2
resistless	2
repose	2
renown	2
rejoices	2
reigned	2
reign	2
reaching	2
reached	2
raptured	2
raging	2
quick	2
put	2
purity	2
purer	2
prone	2
prize	2
priests	2
pressed	2
possessed	2
pontius	2
pomp	2
pomegranate	2
pleasures	2
planned	2
plaint	2
plain	2
pilate	2
pierce	2
pictures	2
phyllis	2
perpetual	2
people	2
pass	2
part	2
parchment	2
page	2
owned	2
ours	2
other	2
only	2
once	2
odours	2
ocean	2
nymphs	2
nursing	2
noiselessly	2
nobody	2
nobler	2
nevermore	2
nest	2
neither	2
mute	2
mong	2
modern	2
mocking	2
moans	2
minuet	2
ministers	2
ministering	2
met	2
mendelssohn	2
memory	2
melodious	2
mellow	2
mellifluous	2
maze	2
mayhap	2
matron	2
marsh	2
marble	2
malice	2
lute	2
lustre	2
lush	2
lure	2
lullaby	2
loyal	2
lovest	2
loves	2
lovers	2
loveliness	2
lost	2
lore	2
loosed	2
longing	2
lock	2
lived	2
lingers	2
lift	2
learning	2
learn	2
leaf	2
lead	2
lawn	2
law	2
laughter	2
lands	2
lake	2
knit	2
kissed	2
kind	2
keen	2
jubilant	2
joyously	2
jocund	2
jesus	2
iron	2
intones	2
into	2
inspiring	2
inspire	2
inmost	2
incense	2
hymn	2
humble	2
hours	2
hour	2
hood	2
history	2
historic	2
hill	2
hiding	2
hidden	2
hid	2
hero	2
here	2
helpless	2
height	2
heeds	2
hears	2
hawthorn	2
having	2
haunted	2
hate	2
halls	2
hall	2
guest	2
grim	2
grew	2
greet	2
grave	2
graces	2
gossips	2
gospel	2
gorgeous	2
goodly	2
goddesses	2
goal	2
gloom	2
gleeful	2
gladness	2
given	2
gems	2
gaze	2
gave	2
fruitful	2
frigid	2
friends	2
friendly	2
founts	2
fountains	2
forevermore	2
forever	2
foretaste	2
flute	2
flows	2
flowerful	2
flight	2
flies	2
fleet	2
fires	2
fine	2
fiercest	2
feathered	2
feather	2
feared	2
famous	2
familiar	2
fame	2
fairer	2
failed	2
expectant	2
everywhere	2
eve	2
eternal	2
erst	2
er	2
effulgent	2
echoes	2
echo	2
eastertide	2
dwells	2
due	2
dreary	2
dreaming	2
dreamed	2
dreadful	2
dread	2
doughty	2
door	2
doomed	2
done	2
dome	2
diviner	2
dithyrambic	2
discord	2
disappointment	2
dim	2
die	2
didn't	2
dew	2
dethroned	2
destiny	2
desire	2
design	2
deftly	2
defend	2
deepest	2
dawn	2
dares	2
daphne	2
dame	2
daisy	2
curious	2
crown	2
crooning	2
court	2
compares	2
comforted	2
clustering	2
clasped	2
clasp	2
citizen	2
chime	2
chill	2
children	2
cheering	2
cheat	2
chase	2
charms	2
charming	2
changed	2
change	2
chance	2
challenge	2
chains	2
chaff	2
century	2
centuries	2
celeste	2
catch	2
casks	2
casement	2
carry	2
calling	2
burst	2
burn	2
buoyant	2
bruised	2
brooks	2
brocade	2
bringing	2
brighter	2
bretagne	2
brake	2
bowers	2
book	2
blows	2
blow	2
blithe	2
birth	2
bide	2
bevvy	2
betraying	2
behind	2
behest	2
begin	2
before	2
beam	2
bars	2
bare	2
band	2
balm	2
babbling	2
azure	2
august	2
assail	2
appeared	2
any	2
answer	2
anon	2
anguish	2
angry	2
anew	2
altars	2
almost	2
alabama	2
ago	2
ages	2
after	2
across	2
aching	2
above	2
abide	2
\	2
<<	2
*'	2
*	2
'*	2
"'	2
♦np	1
|romannumeral|	1
|arabicprice|	1
|arabic3digit|	1
zest	1
zephyr	1
z	1
youthful	1
you've	1
yonder	1
yistas	1
yielding	1
yes	1
yearn	1
yearestranged	1
yeandhomeagain	1
wrest	1
wren	1
wreathed	1
wrath	1
wounded	1
worthy	1
worth	1
worn	1
workaday	1
wordsworth	1
woostheeto	1
wooing	1
woodpecker	1
wooded	1
wont	1
wondering	1
womanhood	1
woes	1
withstood	1
witching	1
witcheries	1
wit	1
wipe	1
wins	1
winnowed	1
winding	1
wily	1
wile	1
wildwood	1
wicker	1
wickedness	1
wicked	1
whiter	1
whit	1
whispering	1
whip	1
wherewith	1
wherefore	1
whenever	1
whence	1
wheels	1
wheat	1
westminster	1
welcome	1
wedlock	1
weaving	1
weaver	1
wears	1
weariness	1
wear	1
weal	1
weak	1
we've	1
wayward	1
wayside	1
wavering	1
waterfalls	1
watchful	1
watchers	1
washington	1
washing	1
washed	1
warm	1
wareroom	1
warbles	1
wanton	1
waning	1
wand	1
walks	1
walkj	1
walk	1
wakes	1
waked	1
wail	1
waft	1
vv	1
voyager	1
vows	1
vow	1
void	1
voiced	1
vocation	1
vista	1
virginia	1
viors	1
violets	1
vines	1
vine	1
vigilance	1
vigil	1
vespers	1
verity	1
verdant	1
venus	1
venice	1
venetian	1
venerated	1
vellum	1
veil	1
vatican	1
vast	1
vanquished	1
valley	1
valiant	1
vales	1
vainly	1
uttering	1
utter	1
use	1
upward	1
upside	1
uplifting	1
uplifted	1
uplands	1
unwearied	1
unvoiced	1
unvexed	1
untroubled	1
untried	1
untouched	1
untempestuous	1
untasted	1
untarnished	1
untainted	1
unsuccess	1
unstained	1
unshamed	1
unrest	1
unreaped	1
unprofaned	1
unmeasured	1
unmarred	1
unleavened	1
unkept	1
unfurled	1
unfold	1
unequal	1
undo	1
underworld	1
under	1
undaunted	1
unconscious	1
unchanging	1
unbroken	1
unblest	1
unbind	1
tyrant	1
twill	1
twere	1
twas	1
turns	1
tunes	1
tune	1
tulip	1
tuileries	1
tt	1
truth	1
trusty	1
trumpets	1
trumpet	1
truest	1
troy	1
troubled	1
trod	1
triumphs	1
trim	1
trilling	1
trees	1
tread	1
treacherous	1
transformed	1
transept	1
traitorous	1
trailing	1
tragedy	1
tracery	1
trace	1
toy	1
torn	1
torments	1
tormenting	1
toned	1
tomb	1
toll	1
toils	1
toiling	1
toddling	1
title	1
tints	1
times	1
tilth	1
tilt	1
thrust	1
throw	1
throe	1
throated	1
thrilled	1
threshef	1
threshed	1
thread	1
thraldom	1
thousands	1
thousand	1
thither	1
third	1
thief	1
thft	1
they're	1
thessalian	1
thereon	1
themselves	1
thebaidj	1
texture	1
tether	1
terrors	1
terror	1
tent	1
tempts	1
temptation	1
temples	1
tempests	1
tempest	1
tedious	1
teasing	1
tearful	1
tattoo	1
task	1
tarry	1
tarnish	1
tariff	1
tapestries	1
tangled	1
talked	1
talisman	1
taj	1
taint	1
tabor	1
syrinx	1
swords	1
swings	1
swifter	1
swept	1
sweets	1
swearing	1
sward	1
swan	1
suspect	1
surpassing	1
surpass	1
surfeit	1
surcease	1
supernal	1
sunset	1
sunlight	1
suited	1
suffer	1
sudden	1
subtleties	1
substance	1
sublimely	1
subjects	1
subject	1
stupendous	1
stung	1
stuff	1
stubble	1
strung	1
struggling	1
strove	1
stroke	1
strive	1
streamlets	1
stray	1
straw	1
straight	1
story	1
stormy	1
storms	1
stored	1
stops	1
stone	1
stole	1
stings	1
stinging	1
steps	1
steep	1
steam	1
steadfast	1
stately	1
start	1
starry	1
stare	1
stamped	1
stair	1
stainless	1
stain	1
spurned	1
springtide	1
springs	1
springing	1
spreads	1
spray	1
sport	1
spoke	1
splendour	1
spire	1
sphere	1
speeds	1
speed	1
speech	1
sped	1
speaks	1
spaces	1
sow	1
sovereign	1
sound	1
sorrows	1
sorrowful	1
sorely	1
soothing	1
soothed	1
sonnets	1
sometime	1
sombre	1
solitude	1
soldier	1
sodj	1
sober	1
soaring	1
soar	1
snake	1
smooth	1
smitten	1
slyly	1
slumberous	1
slopes	1
slips	1
slept	1
sleeves	1
sleet	1
sleeping	1
skirt	1
skill	1
six	1
sires	1
siren	1
sinuous	1
sinner	1
sink	1
sings	1
single	1
singers	1
simple	1
silver	1
silly	1
silence	1
sights	1
sighed	1
sick	1
shying	1
shy	1
shuttle	1
shunned	1
shrive	1
shrine	1
shred	1
showing	1
shouting	1
shout	1
shop	1
shoots	1
shone	1
shock	1
ships	1
shimmering	1
shifting	1
sheriff	1
shepherd	1
shell	1
sheep	1
sheath	1
sheaf	1
shape	1
shady	1
shade	1
serried	1
sermons	1
serenely	1
sentinel	1
semi	1
seize	1
sees	1
seer	1
seeks	1
seeds	1
secure	1
second	1
seated	1
seat	1
seas	1
searched	1
scroll	1
scripture	1
scribe	1
screen	1
screams	1
scorn	1
scope	1
schubert	1
schools	1
scented	1
scent	1
scattering	1
scathj	1
scarlet	1
scarcely	1
scarce	1
scanty	1
scamander	1
says	1
saw	1
sauer	1
satisfy	1
satisfied	1
sassafras	1
sandalled	1
sand	1
sam	1
saints	1
sailor	1
sailed	1
safely	1
sadness	1
sabbath	1
runs	1
running	1
runes	1
ruling	1
ruled	1
rude	1
rt	1
rowena	1
roved	1
rounds	1
roundelay	1
rosary	1
rosamond	1
roofs	1
rome	1
romancer	1
romance	1
roman	1
rolls	1
rolled	1
roll	1
roclc	1
rocked	1
rock	1
robin	1
roaring	1
roar	1
roaming	1
roamed	1
roam	1
rival	1
rite	1
risk	1
rising	1
ripples	1
ripened	1
rings	1
ring	1
rinds	1
rights	1
rides	1
richer	1
rhine	1
rhen	1
revelry	1
revealed	1
returning	1
return	1
retrospection	1
retreat	1
resurrection	1
resting	1
responsibility	1
respond	1
resonance	1
resigning	1
resigned	1
requital	1
reputation	1
reprobation	1
reproach	1
replete	1
repent	1
repartee	1
rent	1
remotest	1
remorse	1
remembered	1
remain	1
rejoice	1
reel	1
redress	1
redcoats	1
records	1
record	1
reclining	1
receives	1
recall	1
rebelled	1
rebecca	1
realm	1
real	1
reading	1
rays	1
ravage	1
rapturous	1
ran	1
rainbow	1
radiances	1
radiance	1
racej	1
race	1
quivering	1
quit	1
quiet	1
quickeners	1
quicken	1
quailed	1
qbick	1
pussy	1
pursuing	1
purrs	1
purling	1
purgatory	1
pry	1
proving	1
proves	1
protection	1
proportions	1
promises	1
promised	1
promise	1
promenades	1
profane	1
prodigal	1
prisons	1
priced	1
presence	1
prescience	1
precious	1
preach	1
praying	1
prayers	1
prayerful	1
praises	1
praise	1
powers	1
pouring	1
poured	1
possessions	1
possesses	1
portal	1
port	1
poplar	1
pope	1
pools	1
pool	1
pondered	1
polar	1
poises	1
pointing	1
plum	1
plighted	1
plies	1
pledged	1
pleasant	1
pleadings	1
plastic	1
plans	1
plan	1
plaited	1
plaining	1
placed	1
pitiless	1
piping	1
pipes	1
pining	1
pillar	1
pile	1
pied	1
phrygia	1
phoebe	1
philomel	1
phase	1
pewee	1
peter	1
petals	1
pericles	1
perhaps	1
perfume	1
perfection	1
perfected	1
pendent	1
penance	1
peering	1
peep	1
peaceful	1
pavement	1
paul	1
pathways	1
passion	1
passing	1
parvenu	1
parliament	1
paris	1
paragraph	1
pang	1
pan	1
palpitating	1
palms	1
pallas	1
palaces	1
pair	1
painj	1
pail	1
pages	1
oye	1
owns	1
owner	1
owls	1
owe	1
overwrought	1
overthrow	1
overflows	1
outsung	1
outstretched	1
outside	1
outran	1
osoul	1
ornament	1
orisons	1
orison	1
ordain	1
oracles	1
opportunity	1
opinion	1
opens	1
opened	1
open	1
ones	1
omen	1
olympian	1
olovely	1
olive	1
older	1
olden	1
ofttime	1
offers	1
odorous	1
ode	1
october	1
oars	1
oaks	1
nymphlike	1
nurture	1
nurses	1
number	1
nowj	1
nourished	1
nothing	1
notes	1
north	1
norah	1
noontide	1
noons	1
noon	1
nook	1
noise	1
nod	1
noah	1
nineteenth	1
nimbly	1
nightingale	1
nigh	1
newsboys	1
newborn	1
net	1
nerve	1
necromancer	1
neck	1
neat	1
nave	1
navarre	1
nation	1
narrow	1
namej	1
named	1
naked	1
mythology	1
mystical	1
mystic	1
mysterious	1
mysteries	1
myrtle	1
myriad	1
mybosom	1
musulman	1
muses	1
muscadine	1
murmurs	1
murmured	1
murmur	1
murderous	1
mozart	1
movej	1
move	1
mourn	1
mountains	1
mount	1
mould	1
motherhood	1
mossy	1
morrow	1
moor	1
moonlit	1
moon	1
moods	1
month	1
monks	1
monk	1
monastery	1
modestly	1
models	1
model	1
mocked	1
mock	1
misty	1
mississippi	1
misshapen	1
mirth	1
mirror	1
minster	1
ministries	1
minister	1
minaret	1
milking	1
mighty	1
mightiest	1
midsummer	1
methinks	1
metaps	1
messenger	1
message	1
merge	1
menace	1
memories	1
melting	1
melted	1
meekly	1
meek	1
mediaeval	1
measures	1
meaning	1
meaneth	1
meaner	1
meadow	1
mazes	1
mays	1
mauds	1
matins	1
math	1
mate	1
matchless	1
masterpiece	1
masterly	1
masquerade	1
marys	1
mary	1
martyr	1
marsyas	1
marred	1
mark	1
march	1
manya	1
mansions	1
mansion	1
manner	1
manifold	1
manhood	1
maltese	1
majesty	1
mahal	1
magnolia	1
magician	1
madonna	1
maddening	1
madame	1
machine	1
mab	1
lyrics	1
lyric	1
lyre	1
lutes	1
lustrous	1
lurk	1
lulling	1
lulled	1
lucretia	1
lowly	1
lovelorn	1
lovelier	1
louder	1
loss	1
losing	1
lose	1
lordly	1
looms	1
loom	1
looks	1
longings	1
lone	1
london	1
loaded	1
lives	1
litanies	1
lists	1
listened	1
lissome	1
lispings	1
liquid	1
lip	1
link	1
lingering	1
lined	1
lilt	1
lifting	1
lifted	1
libation	1
levy	1
letters	1
lest	1
lesson	1
less	1
length	1
legacy	1
left	1
led	1
leaving	1
leave	1
least	1
lease	1
leapt	1
lean	1
leafless	1
leafed	1
leads	1
lay	1
laugh	1
latest	1
late	1
lasting	1
lark	1
languish	1
lances	1
lament	1
laid	1
laddie	1
lack	1
lace	1
labour	1
kraut	1
knowledge	1
knife	1
kneels	1
kisses	1
kingfisher	1
kindred	1
kindly	1
kildee	1
keenest	1
katrines	1
kaleidoscopes	1
junes	1
joyj	1
joyance	1
jove	1
join	1
jewel	1
jesting	1
jealous	1
jasmine	1
ivanhoe	1
iteration	1
ire	1
iphigenia	1
inwoven	1
inward	1
invention	1
intoxicating	1
intoning	1
interwoven	1
intervals	1
intertwine	1
interposes	1
interpenetrate	1
interlacing	1
intenser	1
insult	1
instrument	1
inspired	1
insect	1
inscribed	1
ingenious	1
ing	1
increasing	1
increased	1
inclined	1
impulse	1
improve	1
impress	1
impetuous	1
immortal	1
illumes	1
ill-fated	1
ill	1
ilissus	1
ij	1
ignoble	1
idaean	1
icebergs	1
i'm	1
i'll	1
i'd	1
husk	1
hush	1
husbands	1
hurt	1
hurried	1
huntress	1
hundred	1
hovers	1
hopes	1
hop	1
hooded	1
honour	1
honeysuckle	1
honest	1
homeward	1
homesick	1
homes	1
hollow	1
ho	1
hirelings	1
hints	1
hills	1
highways	1
higher	1
herself	1
herj	1
heritage	1
heretofore	1
herbage	1
hera	1
henry	1
hen	1
hem	1
helplessness	1
helicon	1
helen	1
heeding	1
heed	1
hedges	1
hedgerow	1
hedge	1
heartless	1
hearthstone	1
hearted	1
hearken	1
heard	1
healing	1
healed	1
heal	1
he'll	1
haze	1
haven	1
haunts	1
hats	1
hat	1
hastened	1
haste	1
harvestries	1
haroun	1
hardly	1
hard	1
happiness	1
happier	1
haply	1
hanging	1
hang	1
halting	1
halo	1
hale	1
hair	1
hail	1
gurgling	1
guinevere	1
guilt	1
guillotine	1
guileful	1
guide	1
guard	1
grovelling	1
groaning	1
groan	1
griselda	1
grieps	1
gride	1
gretchens	1
greek	1
grecian	1
graves	1
grateful	1
grassy	1
grapple	1
granting	1
grant	1
grandsons	1
grandly	1
grains	1
gracious	1
gossip	1
gossamer	1
gore	1
goes	1
goaded	1
glows	1
glow	1
glory	1
gloaming	1
glittering	1
glistened	1
gliding	1
glancing	1
glances	1
glanced	1
glance	1
glamoured	1
gladsome	1
glade	1
girth	1
girls	1
girl	1
gilded	1
giants	1
giant	1
gethsemane	1
george	1
gentlest	1
gem	1
gazing	1
gazed	1
gaul	1
gather	1
gate	1
garment	1
gardens	1
gamut	1
gaili	1
future	1
fullness	1
fulfilling	1
fugue	1
fruits	1
fruitfulness	1
fruit	1
frowning	1
frost	1
frore	1
frontier	1
frieze	1
friend	1
frescoed	1
french	1
freight	1
freeze	1
frame	1
frail	1
fowls	1
fourteen	1
fountain	1
forty	1
forth	1
forswear	1
forsakes	1
forsaken	1
forlorn	1
forgot	1
forgiven	1
foretold	1
forests	1
foreign	1
foregoing	1
forego	1
forced	1
footman	1
fond	1
folk	1
folded	1
fold	1
flutes	1
flown	1
flowered	1
flowed	1
floats	1
floating	1
float	1
flings	1
flinging	1
fling	1
flew	1
fleeting	1
fleetest	1
fleeter	1
flee	1
fled	1
flax	1
flawless	1
flaw	1
flash	1
flame	1
fix	1
fit	1
fishermen	1
fireside	1
fir	1
fingered	1
finger	1
finds	1
findest	1
filling	1
fill	1
fighting	1
fight	1
fiery	1
fichu	1
fetters	1
fettered	1
festive	1
fervent	1
feed	1
fed	1
fearing	1
fault	1
fathomless	1
fathom	1
fatherland	1
fast	1
farm	1
faring	1
fanj	1
fane	1
fan	1
false	1
falling	1
faithlessness	1
fairj	1
fairies	1
faints	1
fainting	1
failure	1
fading	1
faces	1
fabric	1
fable	1
f	1
exultant	1
expert	1
expands	1
exhaustless	1
exhale	1
exchanged	1
eventide	1
etchings	1
eros	1
erect	1
epic	1
enwrought	1
enwraps	1
enwrap	1
entwning	1
entrancing	1
entranced	1
enthralling	1
enter	1
entablature	1
ensnared	1
ensnare	1
enshrines	1
enraptured	1
enough	1
england	1
engirdled	1
enfold	1
energising	1
endure	1
ends	1
endless	1
endeavour	1
end	1
enclasp	1
encircles	1
enchants	1
enchant	1
en	1
embossed	1
else	1
eloquence	1
elfin	1
elate	1
elaine	1
eke	1
eifulgent	1
effigies	1
efface	1
edges	1
edge	1
eden	1
ecstatic	1
eclipse	1
echoing	1
east	1
earthly	1
earsj	1
early	1
e	1
dwell	1
duty	1
dusty	1
dust	1
dupe	1
dryads	1
dry	1
drowsy	1
drown	1
drove	1
drops	1
drones	1
drone	1
drift	1
dreamy	1
dreamful	1
drawn	1
drawers	1
drained	1
downy	1
dote	1
doors	1
dominion	1
doleful	1
dole	1
dodona	1
document	1
divinity	1
divinest	1
disturbed	1
distress	1
distorted	1
dissonance	1
dispute	1
dispensing	1
dispelling	1
disloyal	1
disease	1
disdain	1
discover	1
discourse	1
disciple	1
disaster	1
direst	1
dip	1
dingy	1
dictate	1
diapason	1
destined	1
despite	1
desk	1
descry	1
descried	1
descending	1
depth	1
dense	1
denied	1
demesne	1
delve	1
delight	1
delicious	1
delaying	1
deign	1
defy	1
deft	1
deeps	1
deem	1
deed	1
decree	1
decline	1
declares	1
deck	1
debt	1
debate	1
dearest	1
dearer	1
dcgwopd	1
dayj	1
dawning	1
dauntless	1
dart	1
darkened	1
dapper	1
danced	1
damej	1
daintier	1
daily	1
daffodil	1
d	1
cyphers	1
current	1
curls	1
cure	1
cumber	1
cuckoo	1
crypt	1
crowns	1
cried	1
crew	1
crest	1
creation	1
craven	1
cranny	1
crab	1
coy	1
cowslips	1
cows	1
covert	1
courage	1
counted	1
council	1
couldst	1
costliest	1
cornelia	1
copse	1
cope	1
coos	1
cooing	1
convolutions	1
controlling	1
control	1
contrived	1
contentious	1
contemplates	1
constancy	1
consoling	1
consideration	1
consecrated	1
conscience	1
conquering	1
confounded	1
confines	1
confessionj	1
confederate	1
condemned	1
concentrate	1
completeness	1
complete	1
complain	1
compared	1
compare	1
company	1
commendation	1
coming	1
comfortings	1
comforteth	1
colin	1
coign	1
coeval	1
cocoons	1
coat	1
coachman	1
clutches	1
clutch	1
cloudlets	1
cloudlet	1
cloistered	1
cloak	1
clime	1
climax	1
cleft	1
cleaves	1
cleave	1
cleansed	1
clean	1
classic	1
clapped	1
clan	1
claim	1
city	1
circling	1
churchyard	1
church	1
christian	1
christ	1
chrichton	1
chorus	1
chopin	1
chooses	1
choose	1
choir	1
chirps	1
chimney-piece	1
chiming	1
childhood	1
chid	1
cherished	1
cheered	1
cheek	1
chateau	1
chastened	1
charmed	1
characters	1
chant	1
changes	1
chameleons	1
chamber	1
chalices	1
chalice	1
chain	1
cephisus	1
celestial	1
ceaseless	1
cease	1
caves	1
catbird	1
cat	1
castle	1
castaly	1
casket	1
carven	1
carved	1
carriage	1
carols	1
carol	1
carnival	1
cargo	1
cardinal	1
capture	1
captives	1
captive	1
captivating	1
captain	1
caprices	1
canvas	1
canst	1
canopy	1
cannon	1
canebrake	1
can't	1
calyx	1
calmness	1
calmly	1
calls	1
called	1
cadences	1
byzantine	1
byways	1
butler	1
busy	1
bush	1
bury	1
buried	1
burgesses	1
burden	1
built	1
builder	1
builded	1
build	1
bugle	1
buffetings	1
buddings	1
budding	1
bruising	1
brotherhood	1
brooklets	1
broods	1
brood	1
broken	1
broad	1
brittany	1
briny	1
brink	1
brings	1
brim	1
brightness	1
briers	1
bride	1
breezes	1
breeze	1
breathe	1
breaks	1
breadth	1
branches	1
brains	1
boys	1
boulder	1
bought	1
both	1
boston	1
books	1
bond	1
boldly	1
bolder	1
bob	1
boat	1
boasting	1
boasted	1
board	1
blushes	1
blowings	1
blot	1
blossom	1
bloomed	1
blood	1
blissful	1
blighting	1
blight	1
blessings	1
blemish	1
bleared	1
bleak	1
bleached	1
blazing	1
blackbird	1
bitterness	1
bite	1
birdie	1
bides	1
bidding	1
bias	1
bewildered	1
better	1
bestow	1
best	1
besprent	1
besides	1
beside	1
berthas	1
bereft	1
belt	1
beloved	1
belied	1
beholding	1
begun	1
beguiled	1
beginning	1
began	1
beetles	1
beethoven	1
bees	1
bee	1
bedecked	1
bedeck	1
bed	1
becomes	1
become	1
beckoning	1
beckoned	1
beck	1
because	1
became	1
beautified	1
beats	1
beating	1
bearing	1
battling	1
battlements	1
batter	1
basket	1
bask	1
base	1
barriers	1
barred	1
barks	1
balloon	1
bad	1
bach	1
baby	1
babes	1
babe	1
babble	1
awoke	1
awe	1
awakes	1
awakening	1
awake	1
avenue	1
autumn	1
aurora	1
aureoles	1
aught	1
attain	1
atsightof	1
atridae	1
atmosphere	1
athens	1
astounded	1
aspire	1
aspasia	1
aslant	1
asked	1
ascending	1
arts	1
artist	1
artificer	1
artemis	1
arrows	1
around	1
arose	1
armour	1
ardent	1
architrave	1
architecture	1
arcadian	1
arabesque	1
apple	1
appear	1
apostles	1
apostate	1
apace	1
antwerp	1
antiphon	1
antidote	1
anthony	1
ankle	1
angel	1
anchorite	1
anchored	1
amid	1
amethyst	1
ambuscade	1
ambition	1
amber	1
amaze	1
altar	1
alras	1
aloud	1
alone	1
alike	1
alien	1
alhambra	1
alert	1
alchemist	1
aimless	1
aim	1
agony	1
agonising	1
agile	1
against	1
aeons	1
adversity	1
adverse	1
adorn	1
adore	1
admire	1
add	1
action	1
achieve	1
accord	1
accomplishing	1
about	1
aboard	1
abandonment	1
^	1
[	1
<«	1
.'"	1
*«	1
*<	1
)}	1
(	1
'«	1
'''	1
!''	1
