,	2682
the	1773
.	1037
and	916
of	784
!	658
to	534
;	413
i	360
in	341
her	341
is	263
a	253
my	210
me	209
thou	208
with	197
she	193
thy	179
his	167
from	167
he	165
for	161
not	155
but	155
who	142
all	137
thee	136
that	131
by	127
|'s|	126
love	125
now	119
on	117
?	117
as	115
one	113
"	113
ye	107
where	107
are	103
this	100
no	97
was	91
may	91
him	90
they	89
shall	88
what	86
there	86
their	85
be	85
(	85
it	84
then	79
or	76
when	72
these	72
'	72
nor	71
thus	70
yet	65
more	65
we	64
have	64
:	63
hear	62
here	61
will	60
still	59
heart	59
prometheus	56
us	53
upon	53
see	53
o	53
joy	53
if	53
earth	53
mother	51
go	51
down	51
child	51
which	50
were	50
our	50
ever	50
at	50
like	49
how	49
know	48
them	47
must	47
epimetheus	47
through	46
do	46
come	46
so	44
life	44
youth	41
night	41
than	40
light	40
far	40
day	40
while	39
feet	39
unto	38
too	38
form	38
away	38
again	38
persephone	37
out	37
give	37
|arabic1digit|	36
why	36
can	36
).	36
gods	35
would	34
sweet	34
only	34
bring	34
world	33
old	33
hand	33
first	33
dark	33
death	32
ah	32
up	31
men	31
grief	31
heaven	30
demeter	30
.)	30
voice	29
though	29
sorrow	29
rest	29
over	29
once	29
new	29
mine	29
days	29
waves	28
sea	28
eyes	28
."	28
your	27
white	27
till	27
morning	27
long	27
helen	27
hath	27
father	27
beauty	27
under	26
thine	26
spring	26
man	26
into	26
has	26
find	26
each	26
should	25
let	25
great	25
young	24
save	24
phileros	24
even	24
alone	24
tell	23
pain	23
helios	23
fair	23
breast	23
art	23
|arabic3digit|	22
own	22
hours	22
home	22
hast	22
had	22
forever	22
face	22
ere	22
dost	22
after	22
[	22
those	21
song	21
olive	21
music	21
good	21
god	21
follow	21
could	21
brought	21
am	21
veil	20
true	20
head	20
fire	20
dear	20
back	20
arms	20
tale	19
t	19
swift	19
summer	19
strong	19
stay	19
shining	19
loved	19
done	19
bid	19
within	18
sun	18
seek	18
say	18
return	18
past	18
other	18
heard	18
half	18
call	18
bright	18
born	18
|arabic2digit|	17
way	17
sleep	17
shadows	17
pandora	17
never	17
many	17
limbs	17
land	17
happy	17
glad	17
flowers	17
epimeleia	17
air	17
work	16
woe	16
whose	16
well	16
time	16
star	16
spirit	16
round	16
people	16
lo	16
last	16
labour	16
high	16
grown	16
eye	16
every	16
comes	16
close	16
brother	16
bosom	16
blue	16
behold	16
bear	16
above	16
yes	15
years	15
waters	15
vain	15
such	15
silence	15
seen	15
path	15
nought	15
most	15
mighty	15
might	15
lips	15
hold	15
hero	15
glory	15
fresh	15
flame	15
deep	15
age	15
toward	14
tears	14
soon	14
soft	14
shepherd	14
said	14
race	14
quickly	14
perchance	14
others	14
name	14
listen	14
its	14
hither	14
green	14
goddess	14
gladness	14
found	14
fields	14
fall	14
early	14
doth	14
did	14
children	14
both	14
birds	14
alas	14
zeus	13
yonder	13
voices	13
thought	13
tender	13
take	13
strive	13
stands	13
sophocles	13
sing	13
silent	13
sad	13
power	13
peace	13
ocean	13
lovers	13
lover	13
lovely	13
look	13
left	13
leaves	13
hands	13
grow	13
gone	13
gaze	13
full	13
fled	13
eos	13
die	13
desire	13
dawn	13
came	13
calm	13
behind	13
beautiful	13
an	13
already	13
afar	13
wind	12
wilt	12
whom	12
watch	12
warm	12
turned	12
together	12
therefore	12
strength	12
stream	12
some	12
sky	12
sit	12
roses	12
nothing	12
made	12
lamp	12
herself	12
golden	12
garden	12
fly	12
flight	12
fires	12
feel	12
faded	12
coming	12
cannot	12
blossoms	12
bliss	12
before	12
autumn	12
words	11
winter	11
wave	11
turning	11
stood	11
slowly	11
shrine	11
shore	11
same	11
sacred	11
pass	11
near	11
mantle	11
make	11
maid	11
lost	11
longing	11
longer	11
living	11
linger	11
lay	11
known	11
king	11
immortal	11
hidden	11
flower	11
fear	11
dead	11
cool	11
beyond	11
best	11
woman	10
weep	10
waiting	10
vanished	10
truth	10
swiftly	10
steps	10
soul	10
shalt	10
queen	10
pride	10
pray	10
pale	10
none	10
move	10
live	10
little	10
lie	10
knew	10
help	10
hair	10
godlike	10
gave	10
forth	10
followed	10
dream	10
dim	10
daughter	10
darling	10
dance	10
cry	10
crown	10
beloved	10
baby	10
ask	10
around	10
another	10
across	10
worthy	9
wait	9
vast	9
trees	9
striving	9
storm	9
smile	9
sight	9
side	9
shadow	9
seems	9
robe	9
pure	9
praise	9
place	9
need	9
low	9
keep	9
indeed	9
hour	9
hearts	9
grasp	9
gift	9
flames	9
field	9
fame	9
dying	9
drew	9
didst	9
crowd	9
brow	9
breathe	9
breath	9
better	9
beside	9
beneath	9
about	9
!)	9
|romannumeral|	8
you	8
yield	8
whither	8
whisper	8
wert	8
ways	8
waste	8
vision	8
temple	8
strange	8
stand	8
speak	8
sound	8
sister	8
shade	8
sense	8
seem	8
seeking	8
seed	8
seas	8
purple	8
presence	8
poet	8
open	8
mortals	8
mist	8
meadows	8
maidens	8
maiden	8
listening	8
leave	8
late	8
jove	8
himself	8
grace	8
gold	8
glance	8
fruit	8
footsteps	8
farewell	8
dwell	8
crowned	8
clear	8
chosen	8
canst	8
bound	8
bloom	8
bitter	8
bend	8
being	8
beacon	8
answer	8
also	8
aidoneus	8
word	7
wisdom	7
wild	7
whispered	7
west	7
wandering	7
waking	7
vanish	7
unknown	7
unending	7
turn	7
touch	7
took	7
think	7
story	7
stars	7
son	7
slow	7
slave	7
singing	7
signal	7
shades	7
seize	7
right	7
rich	7
remains	7
passing	7
passed	7
moving	7
mortal	7
moon	7
meet	7
master	7
looked	7
lonely	7
lies	7
lest	7
led	7
learned	7
learn	7
lead	7
laugh	7
itself	7
hope	7
honour	7
holds	7
higher	7
hide	7
herakles	7
hence	7
gently	7
future	7
friend	7
forehead	7
flowing	7
false	7
fail	7
extinguished	7
endless	7
ear	7
dumb	7
draws	7
draw	7
darkness	7
cried	7
clouds	7
climb	7
chariot	7
care	7
calls	7
calling	7
brief	7
blessed	7
between	7
been	7
astray	7
ai	7
ages	7
aged	7
youthful	6
won	6
without	6
wintery	6
welcome	6
wearing	6
wear	6
water	6
wander	6
two	6
troy	6
third	6
takes	6
stray	6
stone	6
steeds	6
sparta	6
sought	6
songs	6
snow	6
snatched	6
singer	6
since	6
seated	6
saw	6
sang	6
room	6
rocked	6
river	6
rises	6
rise	6
restless	6
quick	6
proudly	6
present	6
pipe	6
perfect	6
passion	6
ones	6
noon	6
moved	6
metaneira	6
loss	6
lilies	6
length	6
leaf	6
laughter	6
laid	6
knoweth	6
kindled	6
keleus	6
keen	6
judges	6
impatient	6
horses	6
holding	6
hiding	6
heavens	6
hasten	6
grave	6
gifts	6
gathered	6
free	6
forms	6
forgotten	6
floats	6
floating	6
finds	6
fate	6
fast	6
falls	6
falling	6
fairest	6
evermore	6
eternal	6
enters	6
embrace	6
dreaming	6
daughters	6
dancing	6
courts	6
couch	6
coo	6
change	6
cave	6
caught	6
blooming	6
blood	6
birth	6
bids	6
bearing	6
arm	6
afresh	6
yon	5
yellow	5
wreath	5
woven	5
works	5
wondrous	5
wish	5
winds	5
wide	5
whispering	5
weight	5
weeping	5
use	5
until	5
told	5
today	5
tide	5
thyself	5
thoughts	5
things	5
thick	5
theseus	5
themselves	5
tenderly	5
swept	5
sweetest	5
suffered	5
stretch	5
strain	5
springtime	5
spread	5
sprang	5
speaks	5
sometimes	5
slender	5
sleeps	5
sleeping	5
sisters	5
shone	5
ships	5
shape	5
serve	5
sent	5
second	5
scene	5
safe	5
rocks	5
rock	5
rising	5
returns	5
remained	5
rather	5
prove	5
pleasant	5
play	5
places	5
noble	5
nature	5
mountain	5
mould	5
mind	5
midnight	5
meadow	5
marble	5
loving	5
loves	5
loud	5
lingered	5
lightly	5
leaping	5
law	5
lantern	5
kiss	5
keeping	5
joys	5
holy	5
hills	5
hid	5
height	5
hecate	5
hearth	5
grows	5
greet	5
grass	5
goes	5
glances	5
gladly	5
gives	5
given	5
gazing	5
gazed	5
gather	5
garland	5
gain	5
frame	5
forlorn	5
fold	5
flying	5
flow	5
flee	5
figure	5
fell	5
farther	5
faint	5
evening	5
enter	5
ended	5
east	5
earthly	5
earliest	5
drive	5
dreadful	5
divine	5
deed	5
darkened	5
comfort	5
cold	5
cloud	5
casement	5
buds	5
brothers	5
bride	5
brave	5
bore	5
blow	5
blossom	5
blooms	5
black	5
bird	5
bind	5
bidding	5
bent	5
awake	5
arrows	5
approach	5
appear	5
aphrodite	5
answered	5
allied	5
act	5
absent	5
)	5
year	4
wrought	4
worth	4
worship	4
wood	4
winged	4
window	4
win	4
wife	4
whole	4
wherein	4
weave	4
wanders	4
walls	4
wake	4
w	4
vulture	4
vine	4
veiled	4
valleys	4
unseen	4
treasure	4
tread	4
treacherous	4
tower	4
torch	4
tis	4
throne	4
throat	4
therein	4
teach	4
sunshine	4
sung	4
suffer	4
streams	4
straight	4
stillness	4
stepping	4
stays	4
springing	4
splendour	4
speed	4
speechless	4
slept	4
skies	4
sits	4
sink	4
silver	4
sighing	4
shines	4
shine	4
senses	4
secret	4
scroll	4
sands	4
run	4
rounded	4
rose	4
riches	4
rests	4
repeated	4
remain	4
rejoice	4
rehearse	4
reeds	4
red	4
reason	4
rain	4
quiet	4
pursue	4
pressed	4
press	4
prayer	4
possession	4
poor	4
pleasure	4
pine	4
passes	4
part	4
outstretched	4
ours	4
onward	4
often	4
off	4
obedience	4
oak	4
nymphs	4
notes	4
nightingale	4
newborn	4
neptune	4
neither	4
murmur	4
mount	4
mark	4
makes	4
lord	4
lofty	4
lives	4
listens	4
less	4
leapt	4
latest	4
laden	4
labours	4
kypris	4
knows	4
kind	4
joyous	4
jeschylus	4
j	4
hues	4
house	4
highest	4
heroes	4
hephaistos	4
helena	4
heights	4
heavy	4
hears	4
hate	4
hard	4
happiness	4
hang	4
halls	4
granted	4
glow	4
glorious	4
gleam	4
gentle	4
gaily	4
fullness	4
fountains	4
forsaken	4
formed	4
follows	4
fill	4
fearful	4
fathers	4
fancy	4
fairer	4
elpore	4
eager	4
dust	4
dusky	4
drops	4
drink	4
dreams	4
downward	4
door	4
disappear	4
difficult	4
departed	4
demophoon	4
deeps	4
deeper	4
deeds	4
deceives	4
decay	4
cries	4
confess	4
command	4
colour	4
closely	4
clasped	4
circle	4
chorus	4
chains	4
caves	4
cast	4
callidice	4
called	4
bud	4
break	4
blush	4
blind	4
blessing	4
billows	4
bending	4
beckoning	4
beckon	4
bacchus	4
ashes	4
any	4
angry	4
andromache	4
ancient	4
among	4
aid	4
against	4
}.	3
{	3
zeschylus	3
y	3
wrong	3
worshipper	3
woodland	3
wont	3
women	3
withstand	3
wishes	3
wise	3
wine	3
wider	3
wherefore	3
weighed	3
weary	3
wealth	3
weak	3
watery	3
watched	3
washed	3
walks	3
waits	3
violets	3
view	3
very	3
varied	3
valley	3
upper	3
uplifted	3
untouched	3
unreason	3
undying	3
und	3
u	3
twin	3
turns	3
trouble	3
tree	3
train	3
towers	3
touches	3
throughout	3
thing	3
thence	3
theirs	3
tempest	3
tall	3
sweeter	3
swarm	3
swan	3
supreme	3
succour	3
succeed	3
strove	3
strophe	3
strike	3
stretching	3
strengthen	3
streamlet	3
stranger	3
stooped	3
stole	3
stirred	3
stern	3
step	3
steep	3
steel	3
steal	3
starry	3
standing	3
stained	3
splendours	3
sphere	3
speeds	3
spear	3
space	3
sounding	3
sorrows	3
sons	3
something	3
sole	3
softly	3
snatch	3
smoke	3
smiths	3
smith	3
smart	3
slumber	3
skill	3
sittest	3
sinking	3
singers	3
shut	3
shrieking	3
showed	3
shout	3
ship	3
shelter	3
shapes	3
set	3
sestos	3
service	3
send	3
self	3
seizes	3
seest	3
sees	3
seeds	3
seats	3
season	3
scrolls	3
scorned	3
sat	3
sadness	3
s	3
runs	3
ruin	3
root	3
ripening	3
returned	3
rescued	3
renewed	3
renew	3
remembering	3
recesses	3
recall	3
realm	3
ready	3
rapture	3
raised	3
raiment	3
put	3
protect	3
promised	3
prayers	3
prayed	3
powers	3
powerful	3
portal	3
plunged	3
placed	3
peaceful	3
paths	3
pastures	3
parted	3
paris	3
parents	3
painted	3
offered	3
nymph	3
nurse	3
noise	3
nights	3
nigh	3
needle	3
neck	3
nearer	3
nay	3
mystery	3
myriad	3
mute	3
muses	3
murmuring	3
murderer	3
murder	3
much	3
moment	3
messengers	3
menelaus	3
memory	3
melody	3
measure	3
meanwhile	3
mayest	3
main	3
magic	3
lyre	3
lustre	3
lovelier	3
looking	3
lily	3
leaved	3
leap	3
leafy	3
leading	3
lawn	3
laughing	3
lady	3
laboured	3
kisses	3
kingdom	3
justly	3
just	3
jewel	3
jealous	3
ivory	3
infinite	3
industry	3
increasing	3
ill	3
ich	3
hurrying	3
hundred	3
horizon	3
hill	3
hides	3
hedge	3
heal	3
hardly	3
harbour	3
handmaid	3
ground	3
grieve	3
greatest	3
grape	3
grain	3
going	3
goest	3
girdle	3
gathering	3
garlands	3
fruits	3
friendly	3
freshly	3
four	3
forgot	3
forget	3
footstep	3
fond	3
following	3
folded	3
flute	3
float	3
flaming	3
fixed	3
fingers	3
fiery	3
feast	3
fallen	3
fain	3
fading	3
fades	3
fade	3
fable	3
experience	3
epimktheus	3
epimetiieus	3
enough	3
endures	3
end	3
empty	3
embraced	3
eleusis	3
edipus	3
drunken	3
dropping	3
drives	3
driven	3
doing	3
doch	3
different	3
dies	3
died	3
dewy	3
dews	3
dew	3
despair	3
desires	3
desert	3
descending	3
descended	3
delight	3
dazzling	3
darksome	3
cursed	3
cup	3
crowns	3
crowds	3
crowding	3
cover	3
court	3
counsel	3
corn	3
condemned	3
concealed	3
colonus	3
clothed	3
clay	3
claim	3
clad	3
choose	3
choice	3
chief	3
chased	3
charm	3
changing	3
chamber	3
ceaseless	3
cease	3
cavern	3
carven	3
busy	3
burden	3
built	3
brows	3
brown	3
brood	3
broken	3
brings	3
breezes	3
breeze	3
breathing	3
brazen	3
brass	3
braided	3
bow	3
boughs	3
blown	3
blossoming	3
blackness	3
bed	3
beats	3
beast	3
bears	3
awful	3
aurora	3
athens	3
athene	3
asleep	3
artemis	3
argos	3
ardent	3
approaching	3
approached	3
appears	3
apart	3
apace	3
amid	3
always	3
alike	3
achilles	3
abydos	3
?"	3
*'	3
!"	3
zu	2
yore	2
yields	2
wretched	2
wreaths	2
wrapped	2
wove	2
wounds	2
wound	2
wouldst	2
worshipped	2
woods	2
woodlands	2
wonted	2
wonderful	2
wither	2
whether	2
wherever	2
whereon	2
whence	2
wept	2
went	2
wedding	2
weaving	2
weaves	2
wears	2
weapons	2
wavering	2
watching	2
wasting	2
warriors	2
walked	2
walk	2
wakes	2
wakened	2
waken	2
waited	2
vow	2
violet	2
violence	2
vines	2
victorious	2
verge	2
venture	2
vengeance	2
veils	2
vase	2
vanishes	2
useless	2
unwilling	2
unveiled	2
untold	2
unstirred	2
unstable	2
unsounded	2
unrest	2
unmoved	2
unmeasured	2
unhappy	2
unfurled	2
unfaith	2
undoing	2
undisturbed	2
unchanging	2
unchanged	2
unattainable	2
tying	2
twice	2
twas	2
try	2
trust	2
truly	2
triumphant	2
tremulous	2
treasured	2
treading	2
tragic	2
tracery	2
top	2
tones	2
tone	2
tolling	2
toils	2
toil	2
tired	2
three	2
threads	2
thoughtless	2
thoughtful	2
thitherward	2
thirst	2
thickly	2
theocritus	2
tent	2
tendrils	2
temples	2
task	2
tales	2
swung	2
swimmer	2
swim	2
sweetness	2
sweeping	2
sways	2
swaying	2
swarming	2
surely	2
sure	2
sunny	2
sunk	2
summits	2
summers	2
succeeds	2
subduing	2
struggle	2
struck	2
strongly	2
stronger	2
stroke	2
strings	2
strewn	2
store	2
stoops	2
stony	2
stirring	2
stir	2
stills	2
stepped	2
stem	2
statues	2
station	2
standest	2
stamping	2
stalwart	2
stable	2
spying	2
spot	2
spoken	2
spirits	2
spent	2
spell	2
speeding	2
speech	2
speaking	2
spark	2
spake	2
southern	2
sorrowful	2
soothe	2
sooner	2
smiling	2
smiles	2
slipped	2
sleepy	2
slain	2
skins	2
sitting	2
singly	2
silently	2
sigh	2
shudder	2
shrouds	2
shrouded	2
shrieks	2
show	2
shoulders	2
short	2
shifting	2
shepherds	2
sheep	2
shattered	2
sharpest	2
sharp	2
shame	2
shaft	2
shadowed	2
servants	2
servant	2
serpent	2
seized	2
seemed	2
seeks	2
seeing	2
searching	2
search	2
scorn	2
scarcely	2
sank	2
sand	2
sake	2
sails	2
safely	2
rush	2
ruined	2
rude	2
ruddy	2
rounding	2
rough	2
rosy	2
roof	2
roll	2
robes	2
robed	2
roams	2
roam	2
rival	2
rippling	2
ripened	2
ripe	2
rings	2
rights	2
richly	2
richest	2
revealed	2
returning	2
restore	2
restful	2
resistless	2
replies	2
repeats	2
repeat	2
render	2
rend	2
remote	2
remorse	2
relief	2
received	2
receive	2
reached	2
reach	2
ray	2
raver	2
ravages	2
rare	2
raise	2
rage	2
quite	2
quit	2
quickened	2
quicken	2
questioned	2
quest	2
proud	2
procession	2
prince	2
prime	2
priestess	2
price	2
precinct	2
prays	2
pours	2
posy	2
postern	2
possessed	2
possess	2
points	2
pointed	2
plucked	2
pleasing	2
please	2
plays	2
plants	2
planets	2
planet	2
plains	2
pity	2
pillow	2
piled	2
picturing	2
phosphor	2
petal	2
perish	2
peaks	2
patient	2
pathway	2
pangs	2
pall	2
opened	2
olympus	2
odours	2
oblivion	2
obeyed	2
obedient	2
nourish	2
north	2
noontide	2
noiselessly	2
noblest	2
nightingales	2
nigher	2
nestled	2
nestle	2
narcissus	2
myself	2
museum	2
muse	2
murmured	2
multitude	2
moves	2
mournful	2
mountains	2
motionless	2
morn	2
month	2
moments	2
moan	2
misery	2
mirror	2
mingled	2
milk	2
mid	2
metal	2
met	2
meshes	2
melted	2
melodies	2
meaning	2
mankind	2
making	2
maids	2
madman	2
mad	2
lyric	2
lying	2
luxury	2
lure	2
lull	2
luce	2
lowly	2
loveliest	2
lot	2
losing	2
lose	2
loftiest	2
loftier	2
locks	2
lithe	2
lion	2
line	2
legend	2
leaned	2
leander	2
lean	2
leads	2
lays	2
laurel	2
laughs	2
later	2
lately	2
languid	2
landscape	2
lands	2
lamps	2
lain	2
labourers	2
kpimetheus	2
knowing	2
knowest	2
knife	2
knees	2
kindly	2
kindle	2
keenest	2
justice	2
june	2
joyful	2
journey	2
jars	2
ire	2
insurgent	2
instant	2
innocent	2
inconstant	2
illusive	2
husband	2
hungry	2
human	2
however	2
household	2
hot	2
horns	2
horn	2
honey	2
hollows	2
hollow	2
hillock	2
hers	2
hermione	2
henceforth	2
held	2
heed	2
hector	2
heavenly	2
heated	2
heat	2
hearing	2
hearest	2
healing	2
haunts	2
harvest	2
hall	2
haired	2
hades	2
gulf	2
guiltless	2
guilt	2
guided	2
guest	2
guess	2
growth	2
growing	2
grey	2
greening	2
greek	2
greece	2
grecian	2
greatly	2
greatened	2
goods	2
glories	2
glint	2
glimmer	2
glean	2
giving	2
gifted	2
gem	2
gay	2
gates	2
gardens	2
games	2
further	2
frost	2
fringe	2
friends	2
fresher	2
freely	2
freedom	2
fragrant	2
fountain	2
forgiven	2
forgetful	2
forevermore	2
force	2
footed	2
foot	2
foolish	2
foe	2
foam	2
fluttering	2
flung	2
floor	2
fling	2
fleeting	2
fisher	2
finest	2
fine	2
fills	2
filled	2
figures	2
fickle	2
fern	2
felt	2
feeding	2
feed	2
feeble	2
fed	2
fearing	2
favour	2
faust	2
fatal	2
fane	2
faithful	2
fainting	2
failing	2
fadeless	2
f	2
eyelids	2
eyed	2
expanse	2
euripides	2
estranged	2
essence	2
erimetheus	2
eplmetheus	2
epimethkus	2
entering	2
entered	2
enslaved	2
endure	2
endurance	2
encircled	2
enchanted	2
else	2
el	2
edge	2
echoes	2
echo	2
eastern	2
ears	2
earnest	2
dwells	2
duty	2
dusty	2
dusk	2
dull	2
dry	2
drowsy	2
drowsily	2
drowned	2
drove	2
drooping	2
drooped	2
dress	2
draught	2
drags	2
doves	2
double	2
doomed	2
doom	2
does	2
doer	2
dkmeter	2
diviner	2
divided	2
divide	2
dissolve	2
discord	2
devouring	2
detain	2
destiny	2
despairing	2
desired	2
depth	2
deny	2
demons	2
deliverer	2
deliverance	2
deliver	2
delicate	2
delay	2
deepest	2
decoy	2
declining	2
decked	2
deck	2
deathless	2
dearest	2
dearer	2
de	2
darkest	2
daring	2
dances	2
daily	2
da	2
curtain	2
current	2
curled	2
crowing	2
crone	2
crocuses	2
crocus	2
crimson	2
cricket	2
cradle	2
covered	2
course	2
contests	2
conquer	2
confused	2
confiding	2
complete	2
compelling	2
compeller	2
compared	2
compare	2
companioned	2
companion	2
cometh	2
combined	2
cock	2
climbing	2
cliffs	2
cliff	2
clash	2
cities	2
choir	2
chisel	2
childhood	2
cherished	2
cheeks	2
chase	2
chanting	2
changes	2
chance	2
ceased	2
cause	2
carver	2
caressing	2
careless	2
captured	2
calmly	2
buzzing	2
busily	2
bushes	2
burned	2
burn	2
burdened	2
build	2
budding	2
bubbles	2
brokenhearted	2
broke	2
bringing	2
breathed	2
breasted	2
brands	2
braids	2
boys	2
boy	2
bowed	2
bold	2
board	2
blowing	2
bloodred	2
blessedness	2
blame	2
billow	2
bewildering	2
bereaved	2
bends	2
belong	2
beginning	2
bee	2
becomes	2
beckons	2
beckoned	2
because	2
beating	2
beaten	2
beat	2
bearded	2
bathe	2
bath	2
bas	2
barren	2
bare	2
bands	2
band	2
bade	2
axtistrophe	2
aught	2
audacious	2
attendant	2
athenian	2
aspire	2
asking	2
aside	2
artist	2
arrow	2
arose	2
armour	2
arch	2
apple	2
apollo	2
anvil	2
antistrophe	2
ankles	2
anger	2
anarchy	2
anacreon	2
although	2
altar	2
aloud	2
almost	2
alleys	2
alight	2
aidoxeus	2
ago	2
africa	2
afraid	2
aflame	2
adornment	2
adorned	2
adore	2
accents	2
absence	2
abroad	2
abides	2
abide	2
.,	2
.'	2
-	2
**	2
zest	1
zephyrus	1
zeolus	1
youths	1
yourselves	1
youngest	1
yoke	1
yielding	1
yesterday	1
yer	1
yearnest	1
yearly	1
yea	1
written	1
wreathed	1
wrath	1
wraps	1
wounded	1
wouhlst	1
worthiest	1
worshipping	1
worn	1
worl	1
wore	1
woof	1
woodbirds	1
wondering	1
wonder	1
womanhood	1
wolf	1
withheld	1
withdrawn	1
wistful	1
wiping	1
wipe	1
wins	1
wings	1
winging	1
wingeth	1
wing	1
windy	1
willows	1
willingly	1
willing	1
wilh	1
wiles	1
widower	1
widening	1
widened	1
wicket	1
wht	1
wholly	1
whiteness	1
whistles	1
whistle	1
whispers	1
whirled	1
whim	1
wherewith	1
wheresoever	1
wherefrom	1
wheels	1
wheel	1
whatever	1
wells	1
well-known	1
weld	1
weighted	1
weeds	1
web	1
weather	1
weareth	1
weakness	1
weaklings	1
weaklier	1
wayward	1
waysides	1
wayside	1
wayl	1
wax	1
waving	1
waver	1
wavelet	1
waved	1
watered	1
watches	1
watcher	1
wast	1
wash	1
warp	1
warning	1
warder	1
wants	1
want	1
wanderings	1
wanderer	1
wandered	1
wand	1
walled	1
wakens	1
wakeful	1
waked	1
waiteth	1
wailing	1
wail	1
voyager	1
voyage	1
votaries	1
voluntary	1
voiee	1
void	1
voiceless	1
voiced	1
visit	1
visions	1
visible	1
virgil	1
vintner	1
viiie	1
viewless	1
victory	1
victories	1
verwebt	1
verse	1
verlebt	1
veiling	1
vault	1
various	1
vapours	1
vanishing	1
vanisher	1
vales	1
vale	1
utterly	1
uttering	1
uttered	1
useful	1
used	1
urgeth	1
urge	1
urania	1
upward	1
uprose	1
uplifting	1
upholds	1
upgazing	1
unyielding	1
unworthy	1
unwinding	1
unwearied	1
unwasted	1
unvisited	1
unveil	1
untrodden	1
untried	1
unswerving	1
unsuspected	1
unsullied	1
unsubdued	1
unspoken	1
unsought	1
unsolaced	1
unshaken	1
unsealed	1
unrule	1
unrestrained	1
unrestorable	1
unresting	1
unresisting	1
unquickened	1
unopened	1
unnursed	1
unmistakable	1
unloving	1
unloosed	1
unloose	1
unlit	1
unlike	1
unlighted	1
unlatched	1
unknowing	1
unkindly	1
unity	1
united	1
unison	1
unhurt	1
unheard	1
unhaunted	1
ungoverned	1
unfriendly	1
unforgotten	1
unfolding	1
unfolded	1
unfitly	1
unfit	1
unfinished	1
unfading	1
unexplored	1
undreamed	1
undone	1
undiscovered	1
undimmed	1
underworld	1
underneath	1
undelaying	1
uncurled	1
uncounted	1
unconscious	1
uncle	1
unbound	1
unblest	1
unbekannten	1
unbarred	1
unavoidable	1
unashamed	1
unarmed	1
unaided	1
unafraid	1
un'l	1
uie	1
uemeter	1
twittering	1
twins	1
twining	1
twine	1
twilight	1
twelve	1
twain	1
turtle	1
turrets	1
turbulence	1
tunes	1
tuneful	1
tumultuous	1
tumult	1
trustfulness	1
trustful	1
trusted	1
truest	1
truce	1
troublous	1
troubles	1
troth	1
troops	1
trooping	1
troklos	1
trojan	1
troia	1
trod	1
tripping	1
tried	1
treu	1
tretched	1
tremble	1
treasures	1
transmutation	1
transforms	1
transformed	1
transcend	1
trampling	1
traitress	1
trail	1
traced	1
trace	1
toy	1
town	1
towering	1
tow	1
tortures	1
torture	1
torn	1
torment	1
tore	1
tops	1
topmost	1
tophon	1
tool	1
tonight	1
tongue	1
tongs	1
tomorrow	1
tomb	1
token	1
tneir	1
tlu>	1
tlity	1
tliat	1
tl^ere	1
tjiou	1
titans	1
titanic	1
tissues	1
tireless	1
tips	1
tipped	1
tip	1
times	1
timed	1
timbrels	1
tight	1
tie	1
thyrsus	1
throws	1
throwing	1
thronging	1
thrills	1
threatens	1
threaded	1
thread	1
thoughtfully	1
thotse	1
thither	1
thistle	1
thirsty	1
thirsts	1
thinks	1
thinking	1
thinketh	1
thinkest	1
thin	1
thighs	1
thickness	1
thickets	1
thicket	1
thickening	1
thf	1
thereto	1
thereon	1
therefrom	1
theme	1
theel	1
thank	1
thai	1
tf	1
tethys	1
terror	1
terrified	1
terrible	1
tenderness	1
tenderest	1
tenderer	1
ten	1
tempests	1
temper	1
telling	1
tek	1
tear	1
teaching	1
teachest	1
teacher	1
tawny	1
taught	1
tasks	1
taming	1
tame	1
talking	1
taken	1
syrinx	1
sympathy	1
sympathetic	1
syllables	1
sword	1
swinging	1
swimmers	1
swelling	1
swell	1
sweeps	1
sweep	1
sweaty	1
swayer	1
swallows	1
swallowed	1
suspended	1
survives	1
surging	1
surges	1
supported	1
superior	1
sunset	1
suns	1
sunlit	1
summoned	1
summon	1
sum	1
suits	1
suiteth	1
suit	1
suggests	1
suggest	1
suffusing	1
suffuses	1
sufficient	1
suffers	1
suffering	1
suddenly	1
sudden	1
sucked	1
suck	1
succeeded	1
subtlety	1
sublime	1
subduers	1
subdue	1
stumble	1
struggles	1
struggled	1
strives	1
strife	1
stricken	1
strewing	1
strew	1
stretchest	1
stretched	1
stress	1
strengthenest	1
straying	1
strangely	1
strand	1
strained	1
storming	1
stopped	1
stop	1
stool	1
stolen	1
stkophe	1
stirs	1
sting	1
stilly	1
stilled	1
stiei'heui	1
stesichorus	1
sternness	1
sternly	1
sten	1
steed	1
stealthy	1
steadfast	1
stead	1
statius	1
stately	1
stateliest	1
starlight	1
standards	1
stamp	1
stallions	1
stalks	1
stainless	1
staining	1
stagnant	1
stage	1
st	1
sprinkled	1
springs	1
spreading	1
spots	1
sport	1
spoils	1
spite	1
spins	1
spheral	1
speedily	1
sped	1
spears	1
spartans	1
spartan	1
spaces	1
sown	1
southward	1
south	1
source	1
souls	1
soriion.ks	1
soph	1
sooty	1
soothing	1
sooner.the	1
someone	1
sombre	1
soles	1
solemn	1
soldier	1
solace	1
sojourn	1
soften	1
so'emn	1
snowy	1
snow-white	1
snare	1
smouldering	1
smokf	1
smitten	1
smiting	1
smite	1
smiled	1
small	1
slut	1
sluggish	1
sluggard	1
slips	1
slip	1
sleepless	1
sleeper	1
slay	1
slavish	1
slaves	1
slake	1
skirting	1
skilful	1
size	1
sire	1
sinning	1
sinks	1
sings	1
single	1
sind	1
sin	1
simulate	1
simple	1
silvery	1
silencing	1
silences	1
signifies	1
signals	1
sign	1
sighs	1
sie	1
sides	1
sickening	1
shyly	1
shy	1
shutter	1
shuts	1
shun'st	1
shrubs	1
shroud	1
shower	1
shouting	1
shouted	1
shouldst	1
shoulder	1
should'st	1
shotdder	1
shot	1
shores	1
shoots	1
shoot	1
shook	1
shonltlers	1
shnlt	1
shimmering	1
shimmer	1
shields	1
shield	1
sheltered	1
shell	1
sheaves	1
sheaths	1
sheaf	1
sharpens	1
sharpened	1
sharpen	1
shared	1
share	1
shapely	1
shaped	1
shameless	1
shaken	1
shake	1
shafts	1
shadowy	1
sever	1
seven	1
setting	1
sets	1
serving	1
served	1
serene	1
senseless	1
sends	1
semblance	1
seizing	1
seethes	1
seeth	1
seekest	1
secrets	1
seat	1
seasons	1
searcheth	1
seamed	1
seal	1
screen	1
scratched	1
scorns	1
scorning	1
scorn'st	1
schuttle	1
scheme	1
scatters	1
scattering	1
scattered	1
scarred	1
scarce	1
scar	1
scanty	1
scaling	1
saying	1
sayest	1
saved	1
savage	1
satyr	1
satisfaction	1
sandals	1
sailing	1
sailed	1
sail	1
sahara	1
sage	1
sadly	1
sadder	1
sacredly	1
sacked	1
sable	1
rushing	1
running	1
ruler	1
rule	1
ruins	1
rudely	1
ruddier	1
rrtfn	1
rpst	1
royally	1
roy	1
rove	1
rout	1
rouses	1
roughly	1
rosemary	1
rolling	1
rolled	1
roguishly	1
roe	1
rocky	1
rob	1
roaring	1
roar	1
rny	1
rivulet	1
rivers	1
rivalled	1
riotous	1
ringlets	1
ringing	1
ring	1
rim	1
rills	1
ridge	1
ride	1
rhyme	1
revolving	1
revolve	1
reverence	1
revenge	1
revels	1
revelry	1
reveller	1
retreat	1
restored	1
restlessly	1
responsive	1
response	1
respect	1
resist	1
resembling	1
rescue	1
require	1
represented	1
repose	1
repine	1
repent	1
repels	1
repeating	1
rents	1
rent	1
renews	1
renewing	1
rending	1
rendered	1
remembrance	1
remembers	1
remembered	1
remember	1
remaineth	1
relumed	1
rejoicing	1
rejected	1
reioice	1
reins	1
reined	1
reigns	1
reign	1
rehearsing	1
rehearsed	1
region	1
regarding	1
refuge	1
refreshment	1
refreshed	1
reflected	1
reddening	1
recounted	1
reckless	1
recalling	1
realms	1
real	1
reads	1
reading	1
read'st	1
read	1
reaches	1
re	1
rays	1
raved	1
rasing	1
rashness	1
rarely	1
ran	1
rained	1
raiments	1
ragrance	1
raging	1
ragged	1
rages	1
raged	1
radiant	1
r	1
qulena	1
quickens	1
questions	1
questioning	1
question	1
quenchless	1
pyre	1
puts	1
pushed	1
pursues	1
purposeless	1
purify	1
purest	1
purchase	1
puometheus	1
punishment	1
punished	1
punctual	1
protector	1
protecting	1
protected	1
prophetic	1
promises	1
promise	1
promethkus	1
prolonged	1
profound	1
profane	1
proceed	1
prize	1
printing	1
princely	1
priests	1
priest	1
prey	1
pretty	1
pressing	1
presently	1
prelude	1
praying	1
pranks	1
praises	1
praised	1
pouring	1
poured	1
posture	1
posterity	1
poseidon	1
portion	1
portals	1
poppy	1
pool	1
pomegranate	1
polyxena	1
pole	1
poison	1
point	1
plunges	1
plucking	1
pluck	1
ploughmen	1
plotting	1
plots	1
pliileros	1
plenty	1
pleiades	1
pledge	1
pleaseth	1
pleases	1
pleased	1
pleading	1
plea	1
playing	1
playeth	1
played	1
planted	1
plant	1
plans	1
plane	1
plaint	1
pkrsepiioxe	1
pkomktheus	1
pkometheus	1
pitiful	1
piteous	1
pitch	1
piped	1
pinnacles	1
pinions	1
pillowed	1
pillared	1
piercing	1
pierced	1
pierce	1
pictured	1
pian	1
phosphoros	1
phomethkus	1
phoebus	1
philomela	1
philek09	1
phantoms	1
phantom	1
phantasms	1
peusep110xe	1
petition	1
petals	1
person	1
persoits	1
persistent	1
persephonk	1
perplexed	1
permission	1
perjurer	1
perfumes	1
perfumed	1
performed	1
perfection	1
perfected	1
perceive	1
pensive	1
peksephoxe	1
peksephone	1
peeped	1
pearls	1
peaked	1
pausing	1
paused	1
pause	1
patroklos	1
patiently	1
patience	1
pathways	1
passions	1
passage	1
parentage	1
panthers	1
pant	1
pan	1
pallid	1
pales	1
paint	1
pains	1
painful	1
pained	1
paients	1
page	1
packed	1
pacing	1
pa	1
oxen	1
ovid	1
outstripped	1
outstretching	1
outrun	1
ourselves	1
otw/metaxeira	1
os	1
orison	1
orcus	1
orchard	1
orbs	1
oppress	1
opposite	1
opposed	1
opens	1
op	1
oolks	1
olympos	1
oje	1
oil	1
oft	1
offers	1
offer	1
offend	1
of^achilles	1
odour	1
oar	1
o'ersilvered	1
o'ershadowed	1
o'erladen	1
o'erfreighted	1
nursling	1
nur	1
nowjirst	1
note	1
northwest	1
northern	1
noonday	1
nook	1
noisy	1
noiseless	1
nodding	1
nod	1
nobler	1
nnrl	1
niy	1
nightly	1
nicht	1
ni	1
next	1
nevermore	1
neu	1
nets	1
net	1
nested	1
nest	1
nerveless	1
nereids	1
neptuno	1
neophytes	1
nemean	1
neighbour	1
neglectful	1
neeis	1
needs	1
needful	1
natural	1
nation	1
narrow	1
named	1
nah	1
n	1
mysterious	1
myriads	1
musseus	1
musagetes	1
murmurs	1
multitudes	1
moveth	1
movement	1
mounts	1
mounteth	1
moulding	1
motion	1
motherless	1
mossy	1
morrow	1
morpheus	1
moor	1
moony	1
moons	1
moonlight	1
moonless	1
monuments	1
monsters	1
modesty	1
mock	1
moaning	1
mny	1
misty	1
mistake	1
missive	1
missing	1
miss	1
misled	1
misleads	1
mislead	1
mir	1
minstrels	1
minstrel	1
minos	1
mingling	1
mingle	1
mindless	1
mimicry	1
mightst	1
mightily	1
mightiest	1
mien	1
midnights	1
middle	1
midday	1
mich	1
methinks	1
meteor	1
metaxeika	1
metaxeiha	1
metaneiea	1
messfngek	1
messenger	1
merry	1
mercilessly	1
menschenfade	1
mend	1
melt	1
mediterranean	1
measureless	1
mean	1
meads	1
may'st	1
match	1
masters	1
marvel	1
mart	1
marriage	1
marlowe	1
marks	1
mariners	1
mariner	1
manymany	1
manner	1
manifest	1
manhood	1
malice	1
maketh	1
majesty	1
maidenly	1
madness	1
m	1
lute	1
lusty	1
luring	1
lures	1
lucky	1
luck	1
lowering	1
lower	1
loveliness	1
louder	1
lordly	1
lophon	1
loose	1
loom	1
looks	1
lookest	1
longs	1
longings	1
loneliness	1
lone	1
loins	1
loftily	1
lockengluth	1
lock	1
llosy	1
ll	1
lively	1
lived	1
lit	1
listener	1
listened	1
lisping	1
lipped	1
lingers	1
lingerer	1
lineage	1
limitless	1
lilied	1
liill	1
lights	1
lightning	1
lightens	1
lightened	1
lighten	1
lighted	1
lifting	1
lifteth	1
lift'st	1
lift	1
lieth	1
lid	1
levers	1
levels	1
level	1
lesson	1
lence	1
leaving	1
leavest	1
least	1
learning	1
leaps	1
leaflet	1
lead'st	1
laws	1
lauj	1
latter	1
lastly	1
lascivious	1
largest	1
large	1
lapping	1
lapped	1
languor	1
languish	1
lamenting	1
lament	1
lame	1
lag	1
lackest	1
lacings	1
labouring	1
laborious	1
l(hy	1
kos	1
know'st	1
knit	1
kkleus	1
kissed	1
kings	1
kingdoms	1
kine	1
kindling	1
kimon	1
kfleus	1
kephissos	1
kelecs	1
judge	1
jte	1
joyfully	1
joyed	1
journeys	1
journeying	1
jorward	1
joined	1
join	1
jocund	1
jn	1
jlou	1
jiis	1
jewels	1
jesting	1
jescbylus	1
jealousy	1
jaters	1
ivy	1
ivly	1
itkey	1
issues	1
isle	1
islands	1
iron	1
iris	1
iophox	1
iophon	1
inviting	1
inviolate	1
intthe	1
intruders	1
interrupting	1
interpret	1
interfered	1
instruct	1
instead	1
inside	1
insects	1
inner	1
inmost	1
injure	1
inglorious	1
ing	1
influence	1
inflexible	1
inflamer	1
infant	1
increase	1
incomparable	1
inciting	1
incense	1
inaudible	1
inane	1
imploring	1
implore	1
implements	1
impatiently	1
impalpable	1
immovable	1
immortals	1
image	1
illusions	1
illumined	1
illuminating	1
illume	1
ills	1
ilear'st	1
iiig	1
iiexce	1
iheard	1
ihe	1
ignoring	1
ignorant	1
idly	1
idle	1
ida	1
icy	1
ia	1
i.struggle	1
hymns	1
hymn	1
hushed	1
hush	1
hurry	1
hung	1
hund	1
humankind	1
htldhood	1
ht	1
housewife	1
houses	1
hound	1
host	1
horror	1
horning	1
hoping	1
honours	1
honoured	1
homeless	1
homage	1
hom	1
holier	1
holiday	1
holdeth	1
hoary	1
hive	1
hit	1
highly	1
hiding-place	1
hid'stin	1
heuven	1
herb	1
herald	1
hepherd	1
henceforward	1
hem	1
helps	1
helpful	1
heeded	1
hedgerow	1
heavily	1
hearthside	1
hearted	1
heaped	1
health	1
healed	1
heads	1
headlong	1
heaa	1
having	1
haunted	1
hatt	1
hatred	1
hating	1
hatest	1
hat	1
hasting	1
hastily	1
hastening	1
haste	1
harvests	1
harsh	1
harmony	1
harmonious	1
harmonies	1
hark	1
hardiest	1
harbours	1
happier	1
happened	1
haply	1
hangs	1
hanging	1
hammers	1
hammer	1
hail	1
hadst	1
hadrian	1
hade	1
hack	1
ha	1
h	1
gurgled	1
guilty	1
guide	1
guerdon	1
guard	1
grove	1
groping	1
grieving	1
griefs	1
grew	1
greeting	1
greeted	1
greater	1
greatening	1
greaten	1
graven	1
grateful	1
grassy	1
grasping	1
grasped	1
grandson	1
grandeur	1
grandchild	1
gradually	1
gracious	1
governs	1
got	1
gorging	1
gorgeous	1
goodness	1
goodhearted	1
goethe	1
goeth	1
godliest	1
godhead	1
goddesses	1
goblet	1
goat	1
goal	1
glowing	1
glorified	1
gloomily	1
globe	1
glistering	1
glistening	1
glimmering	1
glide	1
glen	1
glee	1
glamour	1
gladdened	1
givers	1
girlish	1
gird	1
gilded	1
giant	1
ghosts	1
ghostlike	1
gewaltsam	1
get	1
gern	1
genius	1
general	1
gazes	1
gayest	1
gathers	1
gateway	1
gate	1
garments	1
garment	1
gardener	1
garb	1
galilee	1
gale	1
gaiu	1
furled	1
fur	1
funeral	1
fullgrown	1
fulfilment	1
fulfilling	1
fulfilled	1
fulfil	1
fuhle	1
fruitage	1
frontier	1
front	1
frolic	1
frights	1
fret	1
freshness	1
freezes	1
fraught	1
fraternal	1
framing	1
fragrance	1
fragments	1
fragment	1
fourfold	1
fount	1
found'st	1
fought	1
forward	1
fortune	1
forsook	1
forsake	1
formest	1
formerly	1
forgiveness	1
forgive	1
forgetting	1
forgets	1
forgetfulness	1
forged	1
forge	1
forests	1
foredestined	1
footless	1
footfall	1
fools	1
food	1
followeth	1
follow'st	1
foliage	1
folds	1
folding	1
foeman	1
foaming	1
flutters	1
fluttered	1
fluting	1
flows	1
flown	1
flowery	1
flowerets	1
flourish	1
florentine	1
flora	1
floors	1
flood	1
floes	1
flock	1
flitting	1
flings	1
flinging	1
flies	1
fleeth	1
fleddest	1
flaxen	1
flattering	1
flameward	1
flags	1
fixest	1
fits	1
fitly	1
fit	1
fist	1
fissures	1
fishers	1
fish	1
firstborn	1
firmly	1
fired	1
finish	1
finding	1
fight	1
fig	1
fiercely	1
fierce	1
fied	1
ffe	1
feud	1
fete	1
fetching	1
festivals	1
festival	1
festal	1
fences	1
feigning	1
feels	1
feeling	1
feeds	1
fed'st	1
feats	1
feasting	1
fdiips	1
fawns	1
fawn	1
favourite	1
faun	1
faultless	1
fatherhood	1
fates	1
fateful	1
fans	1
fanes	1
familiar	1
famed	1
fairly	1
failed	1
fad'st	1
faces	1
faced	1
extended	1
exploring	1
expire	1
experienced	1
exiled	1
exhausted	1
excelling	1
excellent	1
example	1
exalted	1
ex	1
evil	1
everywhere	1
eventide	1
ethereal	1
estate	1
espy	1
espied	1
escape	1
ersand	1
errand	1
erimetiieus	1
erhellen	1
erev	1
erected	1
erect	1
erebus	1
equally	1
equal	1
epimktiieus	1
epimetueus	1
epimetkeus	1
epimeleio	1
epimbthkus	1
epi.metheus	1
enwrought	1
enwroucrht	1
enwrapped	1
enwove	1
enwound	1
envy	1
environing	1
envious	1
entranced	1
entangling	1
entangled	1
enspheres	1
enshrined	1
enlighten	1
enjoy	1
enhance	1
enfolds	1
enemy	1
endured	1
ends	1
endlessly	1
ending	1
endetk	1
endeth	1
endeavouring	1
endeavour	1
encompassed	1
enclosure	1
enclosed	1
enamoured	1
emperors	1
embroidery	1
embracing	1
embers	1
elysian	1
elisha	1
elf	1
elements	1
element	1
electra	1
el'imetjieus	1
ehold	1
egypt	1
efimetheus	1
ecstasy	1
ebb	1
eating	1
easy	1
eastward	1
easier	1
ease	1
earthen	1
earl	1
eagerness	1
dwellings	1
dwelleth	1
dutiful	1
duties	1
dryad	1
drowning	1
droops	1
droop	1
driving	1
drifts	1
drifted	1
dreamless	1
dreamed	1
dreaded	1
dread	1
drawn	1
drawing	1
draweth	1
drave	1
dragon	1
drag	1
dr	1
dowry	1
downcast	1
doubt	1
doubly	1
dot	1
dorian	1
doors	1
dome	1
dolphins	1
dogging	1
doers	1
dnlst	1
diving	1
dives	1
diver	1
dive	1
distress	1
distancing	1
distaff	1
dissolves	1
disputing	1
disposessed	1
dispersed	1
disperse	1
dispelled	1
disobliging	1
disobeyed	1
disobey	1
disobedient	1
dismay	1
discomforts	1
dis	1
dipped	1
dims	1
dimly	1
dich	1
dian	1
diamonds	1
diadem	1
dextrous	1
devotions	1
devote	1
devoid	1
destroy	1
despondence	1
despoil	1
despite	1
desiring	1
design	1
deserve	1
descends	1
descend	1
denying	1
demopuoox	1
demophobn	1
demophob'n	1
demon	1
demo	1
demktkr	1
demkter	1
demeteu	1
demetek	1
deme	1
demands	1
demand	1
dem	1
delusion	1
deluge	1
delivers	1
delightful	1
delaying	1
delayed	1
deflower	1
defiant	1
defending	1
defend	1
deepness	1
deeply	1
deepen	1
decreed	1
deceived	1
deceive	1
deceits	1
dearly	1
dawning	1
dav	1
dash	1
dart	1
darkly	1
darkling	1
darkening	1
darken	1
dare	1
danger	1
danced	1
dame	1
dale	1
dainties	1
d	1
cypris	1
cypresses	1
cypress	1
cymbals	1
cyclamen	1
cut	1
curve	1
cursing	1
curses	1
curls	1
curling	1
curious	1
cure	1
cups	1
crystal	1
crying	1
cruelly	1
cruel	1
crowded	1
crosses	1
croons	1
crook	1
crisply	1
cringe	1
crime	1
crept	1
creatures	1
creature	1
creaking	1
craggy	1
craft	1
cracks	1
crackle	1
coyness	1
coy	1
covert	1
covering	1
cove	1
courage	1
country	1
countest	1
countenance	1
counted	1
counsels	1
cools	1
cooling	1
convicted	1
convey	1
controlled	1
contract	1
continues	1
continued	1
continually	1
contest	1
contented	1
content	1
contend	1
contains	1
containing	1
constellations	1
constant	1
consolingly	1
consoling	1
consolation	1
conscious	1
conquers	1
conqueror	1
conquering	1
conquered	1
confusion	1
confined	1
confine	1
confidence	1
confide	1
concourse	1
conceived	1
completed	1
complainest	1
complain	1
compel	1
compassionate	1
compassed	1
company	1
companionship	1
companions	1
compact	1
common	1
commands	1
comma	1
cominff	1
comfortless	1
comer	1
combat	1
colours	1
coloneus	1
coigne	1
co	1
clusters	1
clover	1
clove	1
cloudy	1
clouded	1
clothes	1
closes	1
closed	1
climbeth	1
cleisidice	1
cleave	1
clearly	1
clearer	1
cleanse	1
clasping	1
clashing	1
clanking	1
clangorous	1
clanging	1
clamour	1
city	1
cithaeron	1
circumstance	1
circling	1
chose	1
chords	1
chorded	1
chokus	1
chilly	1
childlike	1
chiefly	1
chiding	1
chided	1
chide	1
chestnuts	1
cherish	1
cheerily	1
cheerful	1
cheer	1
chaxges	1
chatter	1
charioted	1
charge	1
chanteth	1
chant	1
changeless	1
chambers	1
chain	1
certain	1
centuries	1
censure	1
cellar	1
ceasing	1
caverns	1
caucasus	1
cattle	1
catch	1
casts	1
cassandra	1
carry	1
caressingly	1
cares	1
cared	1
car	1
capture	1
captives	1
canker	1
candle	1
campana	1
cameo	1
calming	1
callithoe	1
calleth	1
callest	1
call1thoe	1
cali.idice	1
cai'essing	1
bv	1
butterfly	1
bush	1
bursts	1
burns	1
burnished	1
burning	1
bull	1
building	1
builded	1
bsent	1
brushing	1
brushed	1
brush	1
browse	1
broadened	1
broad	1
briny	1
brink	1
brightness	1
brightly	1
brightening	1
brier	1
bridle	1
bridegroom	1
bridal	1
brethren	1
breed	1
breathes	1
breasts	1
breas*	1
breaks	1
breaking	1
bravely	1
braved	1
branches	1
branch	1
braggart	1
bounties	1
bounds	1
boundless	1
boundaries	1
bough	1
bosomed	1
borrow	1
borough	1
boreas	1
booming	1
book	1
bones	1
bond	1
boldness	1
body	1
boars	1
blushed	1
blows	1
blots	1
bloomed	1
bloody	1
blithe	1
blew	1
bless	1
blent	1
blend	1
bleeding	1
bleak	1
blasts	1
blast	1
blaspheming	1
birtl	1
birch	1
binds	1
binding	1
bin	1
billowy	1
beyin	1
betray	1
besi.le	1
beset	1
beseeching	1
beseech	1
benediction	1
bendeth	1
below	1
belongs	1
bells	1
bell	1
believe	1
beholdeth	1
beholders	1
beholder	1
beheld	1
begone	1
begins	1
begin	1
bees	1
beeches	1
beechen	1
beds	1
become	1
became	1
beareth	1
bearers	1
bearer	1
beams	1
beak	1
beacons	1
bclovbdl	1
bayberry	1
battles	1
bather	1
bastard	1
baser	1
base	1
bark	1
bargain	1
banners	1
banks	1
banished	1
banish	1
balsamic	1
balsam	1
balmy	1
balm	1
balin	1
bad	1
babe	1
azure	1
ayed	1
axe'a	1
awhile	1
awestruck	1
awed	1
awaking	1
awakened	1
awaken	1
awaits	1
awaited	1
avoiding	1
averting	1
ave	1
avail	1
austere	1
aughter	1
attend	1
attained	1
attain	1
atooneus	1
athwart	1
asunder	1
astonishment	1
assured	1
assurance	1
assenting	1
assemblies	1
aspirants	1
aspen	1
asia	1
ashamed	1
ash	1
arrl	1
arouse	1
arnold	1
army	1
armed	1
arises	1
arisen	1
arise	1
ardour	1
arching	1
arches	1
archers	1
arabian	1
ar	1
approacheth	1
approaches	1
appeared	1
aphidnai	1
ape	1
antique	1
antinous	1
antigone	1
anteros	1
ant	1
answering	1
anointed	1
animated	1
anguish	1
angrily	1
anew	1
anemones	1
anadyomen	1
amphitrite	1
amphitheatre	1
ambition	1
amber	1
amaryllis	1
amaranth	1
alyssum	1
alter	1
aloof	1
aloft	1
allows	1
alert	1
alcasus	1
alarm	1
airy	1
airs	1
aimlessly	1
aidoxkl	1
agony	1
agamemnon	1
aftssenyer	1
afternoons	1
affords	1
affirmation	1
affectionate	1
af/ain	1
aeschylus	1
adversity	1
advance	1
adorning	1
adorn	1
adonis	1
admit	1
addressed	1
add	1
active	1
action	1
actaeon	1
acorn	1
achievements	1
accustomed	1
accomplished	1
accompanied	1
accident	1
acceptance	1
abysm	1
abundance	1
absorbed	1
abounding	1
abode	1
ably	1
abiding	1
abideth	1
a'idoneus	1
^	1
[)	1
<	1
/	1
....	1
-\	1
*	1
'*	1
!;	1
